equipment,true_fault,expert_fault,llm_fault,llm_confidence,hybrid_fault
Boiler,,,,0.702,
Boiler,Insufficient heating – possible burner failure,Insufficient heating – possible burner failure,,0.298,Insufficient heating – possible burner failure
Boiler,,,,0.781,
Boiler,,,,0.671,
Boiler,,,,0.731,
Boiler,,,,0.636,
Boiler,Insufficient heating – possible burner failure,Insufficient heating – possible burner failure,Insufficient heating – possible burner failure,0.871,Insufficient heating – possible burner failure
Boiler,,,,0.932,
Boiler,,,,0.757,
Boiler,,,,0.712,
Boiler,Boiler pressure drop leading to low efficiency,Boiler pressure drop leading to low efficiency,Boiler pressure drop leading to low efficiency,0.685,Boiler pressure drop leading to low efficiency
Boiler,,,,0.922,
Boiler,,,,0.858,
Boiler,,,,0.734,
Boiler,,,,0.651,
Boiler,,,,0.614,
Boiler,,,,0.658,
Boiler,Insufficient heating – possible burner failure,Insufficient heating – possible burner failure,Insufficient heating – possible burner failure,0.717,Insufficient heating – possible burner failure
Boiler,,,,0.753,
Boiler,,,,0.719,
Boiler,,,,0.914,
Boiler,,,,0.916,
Boiler,Insufficient heating – possible burner failure,Insufficient heating – possible burner failure,Insufficient heating – possible burner failure,0.601,Insufficient heating – possible burner failure
Boiler,,,,0.332,
Boiler,,,,0.337,
Boiler,,,,0.884,
Boiler,,,,0.738,
Boiler,,,,0.773,
Boiler,,,,0.693,
Boiler,,,,0.881,
Boiler,,,,0.878,
Boiler,,,,0.332,
Boiler,Insufficient heating – possible burner failure,Insufficient heating – possible burner failure,Insufficient heating – possible burner failure,0.622,Insufficient heating – possible burner failure
Boiler,,,,0.339,
Boiler,,,,0.72,
Boiler,,,,0.606,
Boiler,,,,0.692,
Boiler,,,,0.639,
Boiler,,,,0.304,
Boiler,,,,0.722,
Boiler,Insufficient heating – possible burner failure,Insufficient heating – possible burner failure,Insufficient heating – possible burner failure,0.642,Insufficient heating – possible burner failure
Boiler,,,,0.926,
Boiler,,,,0.893,
Boiler,,,,0.616,
Boiler,,,,0.74,
Boiler,,,,0.691,
Boiler,,,,0.807,
Boiler,,,Sensor calibration issue,0.316,Sensor calibration issue
Boiler,,,,0.625,
Boiler,,,,0.839,
Boiler,Boiler pressure drop leading to low efficiency,Boiler pressure drop leading to low efficiency,Boiler pressure drop leading to low efficiency,0.684,Boiler pressure drop leading to low efficiency
Boiler,,,,0.832,
Boiler,,,,0.752,
Boiler,,,,0.311,
Boiler,,,,0.908,
Boiler,,,,0.663,
Boiler,,,,0.713,
Boiler,,,,0.926,
Boiler,,,,0.682,
Boiler,Boiler pressure drop leading to low efficiency,Boiler pressure drop leading to low efficiency,Boiler pressure drop leading to low efficiency,0.884,Boiler pressure drop leading to low efficiency
Boiler,,,,0.93,
Boiler,,,General performance degradation,0.403,General performance degradation
Boiler,,,,0.815,
Boiler,,,,0.694,
Boiler,,,,0.855,
Boiler,,,Control system instability,0.408,Control system instability
Boiler,Insufficient heating – possible burner failure,Insufficient heating – possible burner failure,Insufficient heating – possible burner failure,0.934,Insufficient heating – possible burner failure
Boiler,Insufficient heating – possible burner failure,Insufficient heating – possible burner failure,Insufficient heating – possible burner failure,0.78,Insufficient heating – possible burner failure
Boiler,,,,0.718,
Boiler,,,,0.896,
Boiler,,,,0.712,
Boiler,Insufficient heating – possible burner failure,Insufficient heating – possible burner failure,Insufficient heating – possible burner failure,0.857,Insufficient heating – possible burner failure
Boiler,,,,0.878,
Boiler,,,,0.938,
Boiler,,,,0.716,
Boiler,,,,0.822,
Boiler,,,,0.863,
Boiler,,,,0.346,
Boiler,,,,0.912,
Boiler,Boiler pressure drop leading to low efficiency,Boiler pressure drop leading to low efficiency,Boiler pressure drop leading to low efficiency,0.636,Boiler pressure drop leading to low efficiency
Boiler,,,,0.898,
Boiler,,,,0.637,
Boiler,Insufficient heating – possible burner failure,Insufficient heating – possible burner failure,Insufficient heating – possible burner failure,0.811,Insufficient heating – possible burner failure
Boiler,,,,0.922,
Boiler,,,,0.937,
Boiler,,,,0.731,
Boiler,,,,0.918,
Boiler,,,,0.775,
Boiler,,,Sensor calibration issue,0.33,Sensor calibration issue
Boiler,,,,0.704,
Boiler,,,,0.76,
Boiler,,,,0.846,
Boiler,,,,0.842,
Boiler,Insufficient heating – possible burner failure,Insufficient heating – possible burner failure,Insufficient heating – possible burner failure,0.775,Insufficient heating – possible burner failure
Boiler,,,,0.794,
Boiler,,,,0.644,
Boiler,,,,0.813,
Boiler,,,,0.731,
Boiler,,,,0.806,
Boiler,Insufficient heating – possible burner failure,Insufficient heating – possible burner failure,Insufficient heating – possible burner failure,0.646,Insufficient heating – possible burner failure
Boiler,,,,0.923,
Boiler,Insufficient heating – possible burner failure,Insufficient heating – possible burner failure,Insufficient heating – possible burner failure,0.749,Insufficient heating – possible burner failure
Boiler,,,,0.821,
Boiler,,,,0.927,
Boiler,,,,0.331,
Boiler,,,,0.93,
Boiler,Insufficient heating – possible burner failure,Insufficient heating – possible burner failure,Insufficient heating – possible burner failure,0.879,Insufficient heating – possible burner failure
Boiler,,,Unexpected power fluctuation,0.407,Unexpected power fluctuation
Boiler,,,,0.941,
Boiler,,,,0.843,
Boiler,,,,0.692,
Boiler,Insufficient heating – possible burner failure,Insufficient heating – possible burner failure,Insufficient heating – possible burner failure,0.679,Insufficient heating – possible burner failure
Boiler,,,,0.895,
Boiler,,,,0.879,
Boiler,Insufficient heating – possible burner failure,Insufficient heating – possible burner failure,Insufficient heating – possible burner failure,0.757,Insufficient heating – possible burner failure
Boiler,,,,0.699,
Boiler,,,,0.804,
Boiler,,,,0.848,
Boiler,,,,0.262,
Boiler,,,,0.687,
Boiler,Insufficient heating – possible burner failure,Insufficient heating – possible burner failure,Insufficient heating – possible burner failure,0.835,Insufficient heating – possible burner failure
Boiler,Insufficient heating – possible burner failure,Insufficient heating – possible burner failure,Insufficient heating – possible burner failure,0.779,Insufficient heating – possible burner failure
Boiler,Insufficient heating – possible burner failure,Insufficient heating – possible burner failure,Insufficient heating – possible burner failure,0.776,Insufficient heating – possible burner failure
Boiler,,,,0.698,
Boiler,,,,0.764,
Boiler,,,,0.665,
Boiler,,,,0.744,
Boiler,,,,0.931,
Boiler,,,,0.853,
Boiler,,,,0.73,
Boiler,,,,0.918,
Boiler,,,,0.701,
Boiler,,,,0.741,
Boiler,,,,0.667,
Boiler,,,,0.751,
Boiler,,,,0.912,
Boiler,Boiler pressure drop leading to low efficiency,Boiler pressure drop leading to low efficiency,,0.365,Boiler pressure drop leading to low efficiency
Boiler,,,,0.781,
Boiler,,,,0.824,
Boiler,,,,0.679,
Boiler,,,,0.917,
Boiler,,,,0.274,
Boiler,,,,0.707,
Boiler,,,,0.767,
Boiler,,,,0.809,
Boiler,,,,0.826,
Boiler,Insufficient heating – possible burner failure,Insufficient heating – possible burner failure,Insufficient heating – possible burner failure,0.902,Insufficient heating – possible burner failure
Boiler,,,,0.768,
Boiler,,,,0.717,
Boiler,,,,0.661,
Boiler,,,,0.695,
Boiler,,,,0.812,
Boiler,,,,0.922,
Boiler,,,,0.68,
Boiler,,,General performance degradation,0.32,General performance degradation
Boiler,,,,0.264,
Boiler,,,,0.769,
Boiler,Insufficient heating – possible burner failure,Insufficient heating – possible burner failure,Insufficient heating – possible burner failure,0.786,Insufficient heating – possible burner failure
Boiler,,,,0.667,
Boiler,,,,0.828,
Boiler,Insufficient heating – possible burner failure,Insufficient heating – possible burner failure,Insufficient heating – possible burner failure,0.827,Insufficient heating – possible burner failure
Boiler,,,,0.872,
Boiler,,,,0.702,
Boiler,,,,0.655,
Boiler,,,,0.808,
Boiler,,,,0.709,
Boiler,,,,0.766,
Boiler,,,,0.833,
Boiler,,,,0.633,
Boiler,,,,0.83,
Boiler,,,,0.639,
Boiler,,,,0.692,
Boiler,,,,0.624,
Boiler,,,,0.746,
Boiler,,,,0.629,
Boiler,,,,0.336,
Boiler,,,,0.727,
Boiler,Boiler pressure drop leading to low efficiency,Boiler pressure drop leading to low efficiency,Boiler pressure drop leading to low efficiency,0.766,Boiler pressure drop leading to low efficiency
Boiler,,,,0.921,
Boiler,,,,0.65,
Boiler,Insufficient heating – possible burner failure,Insufficient heating – possible burner failure,Insufficient heating – possible burner failure,0.883,Insufficient heating – possible burner failure
Boiler,,,,0.703,
Boiler,,,,0.331,
Boiler,,,,0.68,
Boiler,,,,0.73,
Boiler,,,,0.704,
Boiler,,,,0.86,
Boiler,,,,0.817,
Boiler,,,,0.688,
Boiler,,,,0.707,
Boiler,,,,0.701,
Boiler,,,,0.304,
Boiler,,,,0.314,
Boiler,Insufficient heating – possible burner failure,Insufficient heating – possible burner failure,Insufficient heating – possible burner failure,0.663,Insufficient heating – possible burner failure
Boiler,,,,0.901,
Boiler,,,,0.731,
Boiler,,,,0.785,
Boiler,,,,0.849,
Boiler,,,,0.847,
Boiler,,,,0.703,
Boiler,,,,0.708,
Boiler,,,,0.9,
Boiler,Insufficient heating – possible burner failure,Insufficient heating – possible burner failure,Insufficient heating – possible burner failure,0.854,Insufficient heating – possible burner failure
Boiler,,,,0.913,
Boiler,,,,0.896,
Boiler,,,,0.789,
Boiler,Insufficient heating – possible burner failure,Insufficient heating – possible burner failure,Insufficient heating – possible burner failure,0.729,Insufficient heating – possible burner failure
Boiler,,,,0.908,
Boiler,,,,0.642,
Boiler,Insufficient heating – possible burner failure,Insufficient heating – possible burner failure,Insufficient heating – possible burner failure,0.83,Insufficient heating – possible burner failure
Boiler,,,General performance degradation,0.46,General performance degradation
Boiler,,,,0.689,
Boiler,,,,0.805,
Boiler,,,,0.927,
Boiler,,,,0.946,
Boiler,,,,0.733,
Boiler,,,,0.726,
Boiler,,,,0.753,
Boiler,,,,0.728,
Boiler,,,,0.745,
Boiler,,,,0.37,
Boiler,Insufficient heating – possible burner failure,Insufficient heating – possible burner failure,,0.379,Insufficient heating – possible burner failure
Boiler,Boiler pressure drop leading to low efficiency,Boiler pressure drop leading to low efficiency,,0.368,Boiler pressure drop leading to low efficiency
Boiler,,,,0.733,
Boiler,,,,0.848,
Boiler,,,Sensor calibration issue,0.471,Sensor calibration issue
Boiler,,,,0.728,
Boiler,Insufficient heating – possible burner failure,Insufficient heating – possible burner failure,Insufficient heating – possible burner failure,0.808,Insufficient heating – possible burner failure
Boiler,Insufficient heating – possible burner failure,Insufficient heating – possible burner failure,Insufficient heating – possible burner failure,0.762,Insufficient heating – possible burner failure
Boiler,,,,0.853,
Boiler,,,,0.833,
Boiler,Insufficient heating – possible burner failure,Insufficient heating – possible burner failure,Insufficient heating – possible burner failure,0.61,Insufficient heating – possible burner failure
Boiler,,,,0.297,
Boiler,Insufficient heating – possible burner failure,Insufficient heating – possible burner failure,Insufficient heating – possible burner failure,0.847,Insufficient heating – possible burner failure
Boiler,Insufficient heating – possible burner failure,Insufficient heating – possible burner failure,Insufficient heating – possible burner failure,0.801,Insufficient heating – possible burner failure
Boiler,,,,0.887,
Boiler,,,,0.948,
Boiler,,,,0.37,
Boiler,,,,0.289,
Boiler,,,,0.696,
Boiler,,,,0.906,
Boiler,,,,0.36,
Boiler,,,,0.942,
Boiler,,,,0.835,
Boiler,,,,0.929,
Boiler,Insufficient heating – possible burner failure,Insufficient heating – possible burner failure,Insufficient heating – possible burner failure,0.886,Insufficient heating – possible burner failure
Boiler,,,,0.868,
Boiler,Insufficient heating – possible burner failure,Insufficient heating – possible burner failure,Insufficient heating – possible burner failure,0.91,Insufficient heating – possible burner failure
Boiler,,,,0.684,
Boiler,,,,0.75,
Boiler,,,,0.831,
Boiler,,,,0.839,
Boiler,,,,0.642,
Boiler,Insufficient heating – possible burner failure,Insufficient heating – possible burner failure,Insufficient heating – possible burner failure,0.665,Insufficient heating – possible burner failure
Boiler,,,,0.901,
Boiler,,,,0.741,
Boiler,,,,0.724,
Boiler,Insufficient heating – possible burner failure,Insufficient heating – possible burner failure,Insufficient heating – possible burner failure,0.885,Insufficient heating – possible burner failure
Boiler,,,,0.735,
Boiler,,,,0.807,
Boiler,,,,0.313,
Boiler,,,,0.88,
Boiler,,,General performance degradation,0.453,General performance degradation
Boiler,,,,0.647,
Boiler,,,,0.757,
Boiler,,,,0.924,
Boiler,,,,0.76,
Boiler,,,,0.294,
Boiler,Boiler pressure drop leading to low efficiency,Boiler pressure drop leading to low efficiency,Boiler pressure drop leading to low efficiency,0.678,Boiler pressure drop leading to low efficiency
Boiler,,,,0.613,
Boiler,Insufficient heating – possible burner failure,Insufficient heating – possible burner failure,Insufficient heating – possible burner failure,0.671,Insufficient heating – possible burner failure
Boiler,,,,0.345,
Boiler,,,,0.644,
Boiler,,,,0.7,
Boiler,,,,0.892,
Boiler,Insufficient heating – possible burner failure,Insufficient heating – possible burner failure,Insufficient heating – possible burner failure,0.639,Insufficient heating – possible burner failure
Boiler,,,,0.929,
Boiler,,,,0.949,
Boiler,,,,0.37,
Boiler,,,,0.861,
Boiler,Insufficient heating – possible burner failure,Insufficient heating – possible burner failure,Control system instability,0.36,Insufficient heating – possible burner failure
Boiler,,,,0.768,
Boiler,,,,0.664,
Boiler,,,,0.279,
Boiler,,,,0.819,
Boiler,,,,0.741,
Boiler,,,,0.755,
Boiler,Insufficient heating – possible burner failure,Insufficient heating – possible burner failure,,0.313,Insufficient heating – possible burner failure
Boiler,,,,0.843,
Boiler,,,,0.672,
Boiler,Insufficient heating – possible burner failure,Insufficient heating – possible burner failure,Insufficient heating – possible burner failure,0.62,Insufficient heating – possible burner failure
Boiler,,,,0.681,
Boiler,,,,0.785,
Boiler,Insufficient heating – possible burner failure,Insufficient heating – possible burner failure,Insufficient heating – possible burner failure,0.602,Insufficient heating – possible burner failure
Boiler,,,,0.699,
Boiler,,,,0.768,
Boiler,,,,0.794,
Boiler,,,,0.776,
Boiler,,,,0.708,
Boiler,Insufficient heating – possible burner failure,Insufficient heating – possible burner failure,Insufficient heating – possible burner failure,0.795,Insufficient heating – possible burner failure
Boiler,,,,0.359,
Boiler,,,,0.837,
Boiler,,,,0.299,
Boiler,,,,0.755,
Boiler,,,,0.833,
Boiler,,,,0.667,
Boiler,,,,0.882,
Boiler,Insufficient heating – possible burner failure,Insufficient heating – possible burner failure,,0.28,Insufficient heating – possible burner failure
Boiler,,,,0.861,
Boiler,Insufficient heating – possible burner failure,Insufficient heating – possible burner failure,Insufficient heating – possible burner failure,0.702,Insufficient heating – possible burner failure
Boiler,Insufficient heating – possible burner failure,Insufficient heating – possible burner failure,Insufficient heating – possible burner failure,0.903,Insufficient heating – possible burner failure
Boiler,,,,0.79,
Boiler,,,,0.312,
Boiler,,,,0.609,
Boiler,,,,0.86,
Boiler,,,,0.721,
Boiler,,,,0.885,
Boiler,,,,0.636,
Boiler,,,,0.878,
Boiler,,,,0.732,
Boiler,,,,0.813,
Boiler,,,Sensor calibration issue,0.438,Sensor calibration issue
Boiler,,,,0.711,
Boiler,,,,0.873,
Boiler,Boiler pressure drop leading to low efficiency,Boiler pressure drop leading to low efficiency,Boiler pressure drop leading to low efficiency,0.689,Boiler pressure drop leading to low efficiency
Boiler,,,,0.877,
Boiler,,,,0.779,
Boiler,,,,0.677,
Boiler,,,,0.656,
Boiler,Insufficient heating – possible burner failure,Insufficient heating – possible burner failure,Insufficient heating – possible burner failure,0.68,Insufficient heating – possible burner failure
Boiler,,,,0.732,
Boiler,,,Unexpected power fluctuation,0.435,Unexpected power fluctuation
Boiler,,,,0.868,
Boiler,,,General performance degradation,0.308,General performance degradation
Boiler,,,,0.777,
Boiler,,,,0.849,
Boiler,,,,0.696,
Boiler,,,,0.776,
Boiler,,,Sensor calibration issue,0.37,Sensor calibration issue
Boiler,,,,0.748,
Boiler,Insufficient heating – possible burner failure,Insufficient heating – possible burner failure,Insufficient heating – possible burner failure,0.946,Insufficient heating – possible burner failure
Boiler,,,,0.829,
Boiler,,,,0.846,
Boiler,,,Unexpected power fluctuation,0.329,Unexpected power fluctuation
Boiler,,,,0.605,
Boiler,,,,0.285,
Boiler,,,,0.622,
Boiler,,,,0.338,
Boiler,Insufficient heating – possible burner failure,Insufficient heating – possible burner failure,Insufficient heating – possible burner failure,0.719,Insufficient heating – possible burner failure
Boiler,,,,0.641,
Boiler,Insufficient heating – possible burner failure,Insufficient heating – possible burner failure,Insufficient heating – possible burner failure,0.652,Insufficient heating – possible burner failure
Boiler,,,,0.946,
Boiler,,,,0.938,
Boiler,,,,0.851,
Boiler,,,,0.655,
Boiler,,,,0.722,
Boiler,,,,0.925,
Boiler,,,,0.666,
Boiler,Insufficient heating – possible burner failure,Insufficient heating – possible burner failure,Insufficient heating – possible burner failure,0.929,Insufficient heating – possible burner failure
Boiler,,,,0.806,
Boiler,,,,0.346,
Boiler,,,,0.89,
Boiler,Boiler pressure drop leading to low efficiency,Boiler pressure drop leading to low efficiency,,0.362,Boiler pressure drop leading to low efficiency
Boiler,Insufficient heating – possible burner failure,Insufficient heating – possible burner failure,Insufficient heating – possible burner failure,0.915,Insufficient heating – possible burner failure
Boiler,,,,0.849,
Boiler,,,,0.663,
Boiler,Boiler pressure drop leading to low efficiency,Boiler pressure drop leading to low efficiency,Boiler pressure drop leading to low efficiency,0.729,Boiler pressure drop leading to low efficiency
Boiler,,,,0.904,
Boiler,,,,0.607,
Boiler,Insufficient heating – possible burner failure,Insufficient heating – possible burner failure,Insufficient heating – possible burner failure,0.752,Insufficient heating – possible burner failure
Boiler,,,,0.868,
Boiler,,,,0.93,
Boiler,,,,0.762,
Boiler,,,,0.789,
Boiler,Insufficient heating – possible burner failure,Insufficient heating – possible burner failure,Insufficient heating – possible burner failure,0.768,Insufficient heating – possible burner failure
Boiler,,,Control system instability,0.322,Control system instability
Boiler,Boiler pressure drop leading to low efficiency,Boiler pressure drop leading to low efficiency,,0.255,Boiler pressure drop leading to low efficiency
Boiler,Insufficient heating – possible burner failure,Insufficient heating – possible burner failure,General performance degradation,0.436,Insufficient heating – possible burner failure
Boiler,,,,0.825,
Boiler,,,,0.838,
Boiler,,,,0.939,
Boiler,,,,0.277,
Boiler,,,,0.799,
Boiler,,,,0.91,
Boiler,,,,0.265,
Boiler,,,,0.92,
Boiler,Insufficient heating – possible burner failure,Insufficient heating – possible burner failure,Insufficient heating – possible burner failure,0.853,Insufficient heating – possible burner failure
Boiler,,,,0.698,
Boiler,,,,0.761,
Boiler,,,,0.796,
Boiler,,,,0.898,
Boiler,,,,0.664,
Boiler,,,,0.71,
Boiler,,,,0.753,
Boiler,,,,0.756,
Boiler,Insufficient heating – possible burner failure,Insufficient heating – possible burner failure,Insufficient heating – possible burner failure,0.701,Insufficient heating – possible burner failure
Boiler,,,,0.839,
Boiler,Insufficient heating – possible burner failure,Insufficient heating – possible burner failure,Insufficient heating – possible burner failure,0.781,Insufficient heating – possible burner failure
Boiler,,,,0.693,
Boiler,,,,0.714,
Boiler,,,,0.779,
Boiler,,,,0.813,
Boiler,,,,0.636,
Boiler,,,,0.726,
Boiler,,,,0.943,
Boiler,,,,0.26,
Boiler,,,,0.722,
Boiler,,,,0.764,
Boiler,,,,0.649,
Boiler,,,,0.681,
Boiler,,,,0.813,
Boiler,,,,0.842,
Boiler,,,,0.623,
Boiler,,,,0.898,
Boiler,Boiler pressure drop leading to low efficiency,Boiler pressure drop leading to low efficiency,,0.283,Boiler pressure drop leading to low efficiency
Boiler,Insufficient heating – possible burner failure,Insufficient heating – possible burner failure,Insufficient heating – possible burner failure,0.768,Insufficient heating – possible burner failure
Boiler,,,,0.691,
Boiler,,,,0.723,
Boiler,,,General performance degradation,0.303,General performance degradation
Boiler,,,,0.656,
Boiler,Insufficient heating – possible burner failure,Insufficient heating – possible burner failure,Insufficient heating – possible burner failure,0.796,Insufficient heating – possible burner failure
Boiler,,,,0.6,
Boiler,,,,0.668,
Boiler,Boiler pressure drop leading to low efficiency,Boiler pressure drop leading to low efficiency,,0.334,Boiler pressure drop leading to low efficiency
Boiler,,,,0.251,
Boiler,,,,0.605,
Boiler,Insufficient heating – possible burner failure,Insufficient heating – possible burner failure,Insufficient heating – possible burner failure,0.802,Insufficient heating – possible burner failure
Boiler,Insufficient heating – possible burner failure,Insufficient heating – possible burner failure,Insufficient heating – possible burner failure,0.665,Insufficient heating – possible burner failure
Boiler,,,,0.893,
Boiler,,,,0.72,
Boiler,,,,0.275,
Boiler,,,,0.694,
Boiler,,,,0.666,
Boiler,,,,0.628,
Boiler,Boiler pressure drop leading to low efficiency,Boiler pressure drop leading to low efficiency,Boiler pressure drop leading to low efficiency,0.826,Boiler pressure drop leading to low efficiency
Boiler,,,,0.343,
Boiler,,,,0.697,
Boiler,,,,0.265,
Boiler,,,,0.94,
Boiler,,,Sensor calibration issue,0.468,Sensor calibration issue
Boiler,Boiler pressure drop leading to low efficiency,Boiler pressure drop leading to low efficiency,Boiler pressure drop leading to low efficiency,0.664,Boiler pressure drop leading to low efficiency
Boiler,,,,0.914,
Boiler,,,,0.897,
Boiler,Insufficient heating – possible burner failure,Insufficient heating – possible burner failure,Control system instability,0.399,Insufficient heating – possible burner failure
Boiler,,,,0.681,
Boiler,,,,0.933,
Boiler,,,,0.769,
Boiler,,,,0.789,
Boiler,,,,0.894,
Boiler,,,,0.3,
Boiler,Insufficient heating – possible burner failure,Insufficient heating – possible burner failure,Insufficient heating – possible burner failure,0.884,Insufficient heating – possible burner failure
Boiler,,,,0.633,
Boiler,,,,0.915,
Boiler,,,,0.37,
Boiler,,,,0.612,
Boiler,,,,0.641,
Boiler,,,,0.681,
Boiler,,,,0.813,
Boiler,,,General performance degradation,0.322,General performance degradation
Boiler,Boiler pressure drop leading to low efficiency,Boiler pressure drop leading to low efficiency,Boiler pressure drop leading to low efficiency,0.651,Boiler pressure drop leading to low efficiency
Boiler,,,,0.942,
Boiler,Boiler pressure drop leading to low efficiency,Boiler pressure drop leading to low efficiency,Boiler pressure drop leading to low efficiency,0.615,Boiler pressure drop leading to low efficiency
Boiler,,,,0.948,
Boiler,,,,0.633,
Boiler,,,,0.809,
Boiler,,,,0.782,
Boiler,,,,0.654,
Boiler,,,,0.909,
Boiler,,,,0.91,
Boiler,,,,0.872,
Boiler,,,,0.333,
Boiler,,,,0.781,
Boiler,,,,0.945,
Boiler,Boiler pressure drop leading to low efficiency,Boiler pressure drop leading to low efficiency,Boiler pressure drop leading to low efficiency,0.677,Boiler pressure drop leading to low efficiency
Boiler,,,Sensor calibration issue,0.332,Sensor calibration issue
Boiler,,,,0.93,
Boiler,,,,0.763,
Boiler,,,,0.844,
Boiler,,,,0.916,
Boiler,,,,0.858,
Boiler,,,,0.686,
Boiler,,,,0.825,
Boiler,,,,0.881,
Boiler,,,Control system instability,0.304,Control system instability
Boiler,Insufficient heating – possible burner failure,Insufficient heating – possible burner failure,Insufficient heating – possible burner failure,0.695,Insufficient heating – possible burner failure
Boiler,,,,0.808,
Boiler,,,,0.704,
Boiler,,,,0.664,
Boiler,,,,0.932,
Boiler,,,,0.655,
Boiler,,,,0.723,
Boiler,,,,0.86,
Boiler,,,,0.677,
Boiler,,,,0.829,
Boiler,Insufficient heating – possible burner failure,Insufficient heating – possible burner failure,Insufficient heating – possible burner failure,0.912,Insufficient heating – possible burner failure
Boiler,,,,0.373,
Boiler,,,,0.666,
Boiler,,,,0.256,
Boiler,,,,0.261,
Boiler,,,,0.794,
Boiler,,,,0.671,
Boiler,,,,0.673,
Boiler,,,,0.784,
Boiler,Insufficient heating – possible burner failure,Insufficient heating – possible burner failure,Insufficient heating – possible burner failure,0.847,Insufficient heating – possible burner failure
Boiler,,,,0.297,
Boiler,Insufficient heating – possible burner failure,Insufficient heating – possible burner failure,Insufficient heating – possible burner failure,0.805,Insufficient heating – possible burner failure
Boiler,,,,0.63,
Boiler,Insufficient heating – possible burner failure,Insufficient heating – possible burner failure,Insufficient heating – possible burner failure,0.865,Insufficient heating – possible burner failure
Boiler,,,,0.799,
Boiler,,,,0.94,
Boiler,Insufficient heating – possible burner failure,Insufficient heating – possible burner failure,Insufficient heating – possible burner failure,0.723,Insufficient heating – possible burner failure
Boiler,Insufficient heating – possible burner failure,Insufficient heating – possible burner failure,Insufficient heating – possible burner failure,0.851,Insufficient heating – possible burner failure
Boiler,,,,0.639,
Boiler,,,,0.861,
Boiler,,,Control system instability,0.311,Control system instability
Boiler,,,,0.862,
Boiler,,,,0.627,
Boiler,Insufficient heating – possible burner failure,Insufficient heating – possible burner failure,Insufficient heating – possible burner failure,0.817,Insufficient heating – possible burner failure
Boiler,Insufficient heating – possible burner failure,Insufficient heating – possible burner failure,Insufficient heating – possible burner failure,0.74,Insufficient heating – possible burner failure
Boiler,,,,0.821,
Boiler,,,,0.737,
Boiler,,,,0.694,
Boiler,,,,0.322,
Boiler,,,,0.807,
Boiler,,,,0.776,
Boiler,,,,0.308,
Boiler,,,,0.856,
Boiler,,,,0.798,
Boiler,,,,0.89,
Boiler,Insufficient heating – possible burner failure,Insufficient heating – possible burner failure,Insufficient heating – possible burner failure,0.878,Insufficient heating – possible burner failure
Boiler,Insufficient heating – possible burner failure,Insufficient heating – possible burner failure,,0.375,Insufficient heating – possible burner failure
Boiler,Insufficient heating – possible burner failure,Insufficient heating – possible burner failure,Insufficient heating – possible burner failure,0.739,Insufficient heating – possible burner failure
Boiler,Insufficient heating – possible burner failure,Insufficient heating – possible burner failure,Insufficient heating – possible burner failure,0.808,Insufficient heating – possible burner failure
Boiler,,,,0.841,
Boiler,,,,0.839,
Boiler,,,,0.878,
Boiler,,,,0.767,
Boiler,,,,0.774,
Boiler,,,,0.95,
Boiler,,,,0.925,
Boiler,Insufficient heating – possible burner failure,Insufficient heating – possible burner failure,Insufficient heating – possible burner failure,0.635,Insufficient heating – possible burner failure
Boiler,Insufficient heating – possible burner failure,Insufficient heating – possible burner failure,Insufficient heating – possible burner failure,0.787,Insufficient heating – possible burner failure
Boiler,,,,0.322,
Boiler,,,,0.736,
Boiler,,,,0.937,
Boiler,,,,0.684,
Boiler,,,,0.293,
Boiler,,,,0.685,
Boiler,,,,0.766,
Boiler,,,,0.654,
Boiler,,,,0.761,
Boiler,,,,0.749,
Boiler,Boiler pressure drop leading to low efficiency,Boiler pressure drop leading to low efficiency,Boiler pressure drop leading to low efficiency,0.616,Boiler pressure drop leading to low efficiency
Boiler,,,,0.939,
Boiler,,,,0.68,
Boiler,Insufficient heating – possible burner failure,Insufficient heating – possible burner failure,Insufficient heating – possible burner failure,0.874,Insufficient heating – possible burner failure
Boiler,,,,0.936,
Boiler,Insufficient heating – possible burner failure,Insufficient heating – possible burner failure,Insufficient heating – possible burner failure,0.682,Insufficient heating – possible burner failure
Boiler,,,,0.612,
Boiler,,,,0.847,
Boiler,,,,0.783,
Boiler,,,,0.608,
Boiler,,,,0.65,
Boiler,,,,0.834,
Boiler,,,,0.33,
Boiler,,,,0.361,
Boiler,,,,0.828,
Boiler,,,,0.761,
Boiler,,,,0.796,
Boiler,,,,0.72,
Boiler,,,,0.904,
Boiler,,,,0.683,
Boiler,,,,0.922,
Boiler,,,,0.737,
Boiler,Boiler pressure drop leading to low efficiency,Boiler pressure drop leading to low efficiency,,0.269,Boiler pressure drop leading to low efficiency
Boiler,,,,0.69,
Boiler,,,,0.862,
Boiler,,,,0.878,
Boiler,,,,0.848,
Boiler,,,,0.696,
Boiler,,,,0.868,
Boiler,,,,0.914,
Boiler,,,,0.345,
Boiler,,,,0.926,
Boiler,Insufficient heating – possible burner failure,Insufficient heating – possible burner failure,Insufficient heating – possible burner failure,0.681,Insufficient heating – possible burner failure
Boiler,,,,0.742,
Boiler,,,,0.612,
Boiler,Boiler pressure drop leading to low efficiency,Boiler pressure drop leading to low efficiency,Boiler pressure drop leading to low efficiency,0.664,Boiler pressure drop leading to low efficiency
Boiler,,,,0.825,
Boiler,,,,0.783,
Boiler,,,,0.694,
Boiler,Insufficient heating – possible burner failure,Insufficient heating – possible burner failure,Insufficient heating – possible burner failure,0.781,Insufficient heating – possible burner failure
Boiler,,,,0.939,
Boiler,,,,0.636,
Boiler,,,,0.613,
Boiler,,,,0.881,
Boiler,Insufficient heating – possible burner failure,Insufficient heating – possible burner failure,Insufficient heating – possible burner failure,0.807,Insufficient heating – possible burner failure
Boiler,,,,0.936,
Boiler,,,,0.691,
Boiler,,,,0.818,
Boiler,Insufficient heating – possible burner failure,,Insufficient heating – possible burner failure,0.71,Insufficient heating – possible burner failure
Boiler,Insufficient heating – possible burner failure,Insufficient heating – possible burner failure,Insufficient heating – possible burner failure,0.834,Insufficient heating – possible burner failure
Boiler,,,,0.671,
Boiler,,,General performance degradation,0.433,General performance degradation
Boiler,,,,0.819,
Boiler,,,,0.729,
Boiler,,,,0.62,
Boiler,,,,0.622,
Boiler,,,,0.644,
Boiler,,,,0.714,
Boiler,,,,0.637,
Boiler,,,,0.64,
Boiler,,,,0.851,
Boiler,Boiler pressure drop leading to low efficiency,Boiler pressure drop leading to low efficiency,Boiler pressure drop leading to low efficiency,0.703,Boiler pressure drop leading to low efficiency
Boiler,,,,0.883,
Boiler,,,,0.694,
Boiler,,,,0.658,
Boiler,,,,0.348,
Boiler,,,,0.817,
Boiler,,,,0.268,
Boiler,,,Unexpected power fluctuation,0.376,Unexpected power fluctuation
Boiler,Boiler pressure drop leading to low efficiency,Boiler pressure drop leading to low efficiency,Boiler pressure drop leading to low efficiency,0.655,Boiler pressure drop leading to low efficiency
Boiler,,,,0.841,
Boiler,,,,0.923,
Boiler,Insufficient heating – possible burner failure,Insufficient heating – possible burner failure,Insufficient heating – possible burner failure,0.914,Insufficient heating – possible burner failure
Boiler,,,,0.703,
Boiler,,,,0.715,
Boiler,,,,0.901,
Boiler,,,,0.78,
Boiler,,,,0.886,
Boiler,Insufficient heating – possible burner failure,Insufficient heating – possible burner failure,Insufficient heating – possible burner failure,0.722,Insufficient heating – possible burner failure
Boiler,Boiler pressure drop leading to low efficiency,Boiler pressure drop leading to low efficiency,Boiler pressure drop leading to low efficiency,0.615,Boiler pressure drop leading to low efficiency
Boiler,,,,0.79,
Boiler,,,Control system instability,0.354,Control system instability
Boiler,,,,0.254,
Boiler,,,,0.873,
Boiler,,,,0.841,
Boiler,,,,0.668,
Boiler,,,,0.605,
Boiler,Insufficient heating – possible burner failure,Insufficient heating – possible burner failure,,0.279,Insufficient heating – possible burner failure
Boiler,,,,0.672,
Boiler,,Insufficient heating – possible burner failure,General performance degradation,0.367,Insufficient heating – possible burner failure
Boiler,,,,0.849,
Boiler,,,,0.852,
Boiler,,,,0.332,
Boiler,,Insufficient heating – possible burner failure,,0.837,Insufficient heating – possible burner failure
Boiler,,,Unexpected power fluctuation,0.392,Unexpected power fluctuation
Boiler,,,,0.311,
Boiler,,,,0.831,
Boiler,,,,0.749,
Boiler,Insufficient heating – possible burner failure,Insufficient heating – possible burner failure,Insufficient heating – possible burner failure,0.709,Insufficient heating – possible burner failure
Boiler,,,,0.296,
Boiler,,,,0.693,
Boiler,,,,0.881,
Boiler,,,,0.787,
Boiler,,,,0.669,
Boiler,,,,0.871,
Boiler,,,,0.73,
Boiler,,,,0.357,
Boiler,,,,0.921,
Boiler,,,,0.841,
Boiler,,,,0.266,
Boiler,,,,0.316,
Boiler,,,,0.922,
Boiler,,,,0.724,
Boiler,,,Control system instability,0.328,Control system instability
Boiler,,,,0.881,
Boiler,,,,0.903,
Boiler,,,,0.923,
Boiler,,,,0.888,
Boiler,,,,0.941,
Boiler,Insufficient heating – possible burner failure,Insufficient heating – possible burner failure,Insufficient heating – possible burner failure,0.907,Insufficient heating – possible burner failure
Boiler,Insufficient heating – possible burner failure,Insufficient heating – possible burner failure,Insufficient heating – possible burner failure,0.895,Insufficient heating – possible burner failure
Boiler,,,,0.309,
Boiler,Insufficient heating – possible burner failure,Insufficient heating – possible burner failure,Insufficient heating – possible burner failure,0.922,Insufficient heating – possible burner failure
Boiler,,,,0.643,
Boiler,,,,0.677,
Boiler,,,,0.831,
Boiler,,,,0.938,
Boiler,Insufficient heating – possible burner failure,Insufficient heating – possible burner failure,Insufficient heating – possible burner failure,0.901,Insufficient heating – possible burner failure
Boiler,,,,0.87,
Boiler,,,,0.727,
Boiler,Insufficient heating – possible burner failure,Insufficient heating – possible burner failure,Insufficient heating – possible burner failure,0.751,Insufficient heating – possible burner failure
Boiler,,,,0.302,
Boiler,Insufficient heating – possible burner failure,Insufficient heating – possible burner failure,Insufficient heating – possible burner failure,0.731,Insufficient heating – possible burner failure
Boiler,,,,0.882,
Boiler,,,,0.841,
Boiler,,,,0.623,
Boiler,,,,0.613,
Boiler,,,,0.895,
Boiler,Insufficient heating – possible burner failure,Insufficient heating – possible burner failure,Insufficient heating – possible burner failure,0.68,Insufficient heating – possible burner failure
Boiler,,,,0.832,
Boiler,,,,0.375,
Boiler,,,,0.855,
Boiler,Boiler pressure drop leading to low efficiency,Boiler pressure drop leading to low efficiency,Boiler pressure drop leading to low efficiency,0.842,Boiler pressure drop leading to low efficiency
Boiler,,,,0.307,
Boiler,,,,0.786,
Boiler,,,,0.745,
Boiler,,,,0.913,
Boiler,,,,0.622,
Boiler,,,,0.73,
Boiler,Insufficient heating – possible burner failure,Insufficient heating – possible burner failure,Insufficient heating – possible burner failure,0.759,Insufficient heating – possible burner failure
Boiler,,,,0.77,
Boiler,,,,0.623,
Boiler,,,General performance degradation,0.346,General performance degradation
Boiler,,,,0.828,
Boiler,,,,0.897,
Boiler,,,,0.845,
Boiler,,,,0.815,
Boiler,,,,0.851,
Boiler,Boiler pressure drop leading to low efficiency,Boiler pressure drop leading to low efficiency,Boiler pressure drop leading to low efficiency,0.751,Boiler pressure drop leading to low efficiency
Boiler,Insufficient heating – possible burner failure,Insufficient heating – possible burner failure,Insufficient heating – possible burner failure,0.932,Insufficient heating – possible burner failure
Boiler,,,,0.821,
Boiler,,,,0.928,
Boiler,Insufficient heating – possible burner failure,Insufficient heating – possible burner failure,Insufficient heating – possible burner failure,0.749,Insufficient heating – possible burner failure
Boiler,Boiler pressure drop leading to low efficiency,Boiler pressure drop leading to low efficiency,Control system instability,0.361,Boiler pressure drop leading to low efficiency
Boiler,,,,0.244,
Boiler,,,,0.648,
Boiler,,,,0.669,
Boiler,,,,0.63,
Boiler,,,,0.67,
Boiler,,,,0.635,
Boiler,Insufficient heating – possible burner failure,,Insufficient heating – possible burner failure,0.751,Insufficient heating – possible burner failure
Boiler,,,,0.801,
Boiler,,,,0.62,
Boiler,,,,0.8,
Boiler,,,,0.793,
Boiler,Insufficient heating – possible burner failure,Insufficient heating – possible burner failure,Insufficient heating – possible burner failure,0.688,Insufficient heating – possible burner failure
Boiler,Insufficient heating – possible burner failure,Insufficient heating – possible burner failure,Insufficient heating – possible burner failure,0.737,Insufficient heating – possible burner failure
Boiler,,,,0.811,
Boiler,Insufficient heating – possible burner failure,,Insufficient heating – possible burner failure,0.739,Insufficient heating – possible burner failure
Boiler,,,,0.657,
Boiler,,,,0.693,
Boiler,,,,0.694,
Boiler,,,,0.622,
Boiler,,Insufficient heating – possible burner failure,,0.666,Insufficient heating – possible burner failure
Boiler,,,,0.906,
Boiler,,,,0.946,
Boiler,Boiler pressure drop leading to low efficiency,Boiler pressure drop leading to low efficiency,Boiler pressure drop leading to low efficiency,0.87,Boiler pressure drop leading to low efficiency
Boiler,Insufficient heating – possible burner failure,Insufficient heating – possible burner failure,Insufficient heating – possible burner failure,0.915,Insufficient heating – possible burner failure
Boiler,,,,0.865,
Boiler,Insufficient heating – possible burner failure,,Insufficient heating – possible burner failure,0.913,Insufficient heating – possible burner failure
Boiler,,,,0.829,
Boiler,,,,0.889,
Boiler,,,,0.67,
Boiler,,,,0.827,
Boiler,,,,0.683,
Boiler,,,,0.619,
Boiler,,,,0.688,
Boiler,,,,0.718,
Boiler,,,,0.938,
Boiler,,,,0.812,
Boiler,,,,0.669,
Boiler,,,,0.661,
Boiler,,,,0.939,
Boiler,,,,0.64,
Boiler,,,,0.64,
Boiler,,,,0.939,
Boiler,,,,0.821,
Boiler,,,,0.649,
Boiler,,,,0.689,
Boiler,,,,0.841,
Boiler,Insufficient heating – possible burner failure,Insufficient heating – possible burner failure,Insufficient heating – possible burner failure,0.723,Insufficient heating – possible burner failure
Boiler,,Boiler pressure drop leading to low efficiency,,0.65,Boiler pressure drop leading to low efficiency
Boiler,,,,0.909,
Boiler,Insufficient heating – possible burner failure,Insufficient heating – possible burner failure,Insufficient heating – possible burner failure,0.65,Insufficient heating – possible burner failure
Boiler,,,,0.657,
Boiler,,,,0.866,
Boiler,,,,0.856,
Boiler,Insufficient heating – possible burner failure,Insufficient heating – possible burner failure,,0.299,Insufficient heating – possible burner failure
Boiler,,,,0.759,
Boiler,,,,0.757,
Boiler,,,Sensor calibration issue,0.41,Sensor calibration issue
Boiler,,,,0.32,
Boiler,,,,0.866,
Boiler,,,,0.728,
Boiler,,,,0.794,
Boiler,Insufficient heating – possible burner failure,Insufficient heating – possible burner failure,Insufficient heating – possible burner failure,0.728,Insufficient heating – possible burner failure
Boiler,Insufficient heating – possible burner failure,Insufficient heating – possible burner failure,Insufficient heating – possible burner failure,0.661,Insufficient heating – possible burner failure
Boiler,Insufficient heating – possible burner failure,Insufficient heating – possible burner failure,Insufficient heating – possible burner failure,0.885,Insufficient heating – possible burner failure
Boiler,,,,0.787,
Boiler,,,,0.847,
Boiler,,,General performance degradation,0.437,General performance degradation
Boiler,Insufficient heating – possible burner failure,Insufficient heating – possible burner failure,,0.309,Insufficient heating – possible burner failure
Boiler,,,,0.655,
Boiler,,,,0.378,
Boiler,,,,0.688,
Boiler,,,,0.683,
Boiler,,,,0.338,
Boiler,,,,0.946,
Boiler,,,,0.857,
Boiler,,,,0.723,
Boiler,,,,0.815,
Boiler,,,,0.812,
Boiler,Insufficient heating – possible burner failure,Insufficient heating – possible burner failure,Insufficient heating – possible burner failure,0.736,Insufficient heating – possible burner failure
Boiler,Insufficient heating – possible burner failure,Insufficient heating – possible burner failure,Insufficient heating – possible burner failure,0.73,Insufficient heating – possible burner failure
Boiler,,,,0.677,
Boiler,,,,0.352,
Boiler,Insufficient heating – possible burner failure,Insufficient heating – possible burner failure,Insufficient heating – possible burner failure,0.947,Insufficient heating – possible burner failure
Boiler,,,,0.827,
Boiler,,,,0.614,
Boiler,Insufficient heating – possible burner failure,Insufficient heating – possible burner failure,Insufficient heating – possible burner failure,0.9,Insufficient heating – possible burner failure
Boiler,Insufficient heating – possible burner failure,Insufficient heating – possible burner failure,Insufficient heating – possible burner failure,0.815,Insufficient heating – possible burner failure
Boiler,,,,0.674,
Boiler,Insufficient heating – possible burner failure,Insufficient heating – possible burner failure,Insufficient heating – possible burner failure,0.711,Insufficient heating – possible burner failure
Boiler,,,,0.683,
Boiler,,,,0.903,
Boiler,Insufficient heating – possible burner failure,Insufficient heating – possible burner failure,,0.366,Insufficient heating – possible burner failure
Boiler,,Insufficient heating – possible burner failure,,0.895,Insufficient heating – possible burner failure
Boiler,,,,0.662,
Boiler,Insufficient heating – possible burner failure,Insufficient heating – possible burner failure,,0.291,Insufficient heating – possible burner failure
Boiler,,,,0.309,
Boiler,,,,0.685,
Boiler,Insufficient heating – possible burner failure,Insufficient heating – possible burner failure,Insufficient heating – possible burner failure,0.756,Insufficient heating – possible burner failure
Boiler,,,,0.821,
Boiler,,,,0.933,
Boiler,,,,0.872,
Boiler,,,,0.884,
Boiler,,,,0.606,
Boiler,,,,0.312,
Boiler,,,,0.755,
Boiler,,,,0.723,
Boiler,Insufficient heating – possible burner failure,Insufficient heating – possible burner failure,Insufficient heating – possible burner failure,0.94,Insufficient heating – possible burner failure
Boiler,,,,0.759,
Boiler,,,Sensor calibration issue,0.398,Sensor calibration issue
Boiler,,,,0.722,
Boiler,Insufficient heating – possible burner failure,Insufficient heating – possible burner failure,Insufficient heating – possible burner failure,0.636,Insufficient heating – possible burner failure
Boiler,,,,0.803,
Boiler,,,,0.838,
Boiler,,,,0.79,
Boiler,,,,0.651,
Boiler,,,,0.605,
Boiler,,,,0.874,
Boiler,,,,0.753,
Boiler,,,,0.827,
Boiler,,,,0.66,
Boiler,,,,0.845,
Boiler,,,,0.662,
Boiler,,,,0.791,
Boiler,,,,0.626,
Boiler,,,,0.305,
Boiler,Insufficient heating – possible burner failure,Insufficient heating – possible burner failure,,0.367,Insufficient heating – possible burner failure
Boiler,,,,0.841,
Boiler,,,,0.739,
Boiler,,,,0.949,
Boiler,,Insufficient heating – possible burner failure,,0.94,Insufficient heating – possible burner failure
Boiler,,,,0.866,
Boiler,,,,0.924,
Boiler,,,,0.686,
Boiler,Boiler pressure drop leading to low efficiency,Boiler pressure drop leading to low efficiency,Boiler pressure drop leading to low efficiency,0.779,Boiler pressure drop leading to low efficiency
Boiler,,,,0.318,
Boiler,,,,0.95,
Boiler,,,,0.861,
Boiler,,,,0.288,
Boiler,,,,0.895,
Boiler,,,Sensor calibration issue,0.387,Sensor calibration issue
Boiler,,,Control system instability,0.334,Control system instability
Boiler,,,,0.876,
Boiler,,,,0.648,
Boiler,,,,0.639,
Boiler,,,,0.353,
Boiler,,,,0.796,
Boiler,,,,0.888,
Boiler,,,,0.794,
Boiler,Insufficient heating – possible burner failure,Insufficient heating – possible burner failure,Insufficient heating – possible burner failure,0.9,Insufficient heating – possible burner failure
Boiler,,,,0.916,
Boiler,,,Unexpected power fluctuation,0.372,Unexpected power fluctuation
Boiler,,,,0.639,
Boiler,Insufficient heating – possible burner failure,Insufficient heating – possible burner failure,Insufficient heating – possible burner failure,0.83,Insufficient heating – possible burner failure
Boiler,,,,0.702,
Boiler,,,,0.793,
Boiler,,,,0.76,
Boiler,,,,0.338,
Boiler,Insufficient heating – possible burner failure,Insufficient heating – possible burner failure,Control system instability,0.463,Insufficient heating – possible burner failure
Boiler,,,,0.692,
Boiler,,,,0.883,
Boiler,,,,0.603,
Boiler,,,,0.887,
Boiler,Insufficient heating – possible burner failure,Insufficient heating – possible burner failure,Insufficient heating – possible burner failure,0.735,Insufficient heating – possible burner failure
Boiler,,,,0.893,
Boiler,,,,0.908,
Boiler,,,,0.621,
Boiler,Insufficient heating – possible burner failure,Insufficient heating – possible burner failure,Insufficient heating – possible burner failure,0.698,Insufficient heating – possible burner failure
Boiler,,,Control system instability,0.343,Control system instability
Boiler,Insufficient heating – possible burner failure,Insufficient heating – possible burner failure,Insufficient heating – possible burner failure,0.926,Insufficient heating – possible burner failure
Boiler,,,,0.92,
Boiler,,,,0.749,
Boiler,Insufficient heating – possible burner failure,Insufficient heating – possible burner failure,,0.248,Insufficient heating – possible burner failure
Boiler,,,,0.838,
Boiler,,,,0.799,
Boiler,,,,0.707,
Boiler,,,,0.916,
Boiler,,,,0.928,
Boiler,,,,0.872,
Boiler,,,,0.949,
Boiler,,,,0.875,
Boiler,,,,0.95,
Boiler,,,,0.86,
Boiler,Insufficient heating – possible burner failure,Insufficient heating – possible burner failure,Insufficient heating – possible burner failure,0.654,Insufficient heating – possible burner failure
Boiler,Insufficient heating – possible burner failure,Insufficient heating – possible burner failure,Sensor calibration issue,0.346,Insufficient heating – possible burner failure
Boiler,,,,0.778,
Boiler,,,,0.781,
Boiler,,,,0.649,
Boiler,,,,0.738,
Boiler,,,,0.752,
Boiler,Insufficient heating – possible burner failure,Insufficient heating – possible burner failure,Insufficient heating – possible burner failure,0.928,Insufficient heating – possible burner failure
Boiler,,,,0.802,
Boiler,,,,0.617,
Boiler,,,,0.339,
Boiler,,,,0.648,
Boiler,,,,0.871,
Boiler,,,Unexpected power fluctuation,0.365,Unexpected power fluctuation
Boiler,,,,0.839,
Boiler,,,,0.938,
Boiler,,,,0.83,
Boiler,,,,0.875,
Boiler,Insufficient heating – possible burner failure,Insufficient heating – possible burner failure,Insufficient heating – possible burner failure,0.839,Insufficient heating – possible burner failure
Boiler,,,,0.817,
Boiler,,,,0.331,
Boiler,,,,0.254,
Boiler,,,,0.902,
Boiler,,,,0.895,
Boiler,,Insufficient heating – possible burner failure,,0.852,Insufficient heating – possible burner failure
Boiler,,,,0.748,
Boiler,,,,0.831,
Boiler,Boiler pressure drop leading to low efficiency,Boiler pressure drop leading to low efficiency,Boiler pressure drop leading to low efficiency,0.697,Boiler pressure drop leading to low efficiency
Boiler,,,,0.624,
Boiler,,,,0.722,
Boiler,,,,0.714,
Boiler,,,,0.947,
Boiler,,,,0.701,
Boiler,,,,0.936,
Boiler,,,,0.674,
Boiler,,,,0.632,
Boiler,,,,0.813,
Boiler,Boiler pressure drop leading to low efficiency,Boiler pressure drop leading to low efficiency,Boiler pressure drop leading to low efficiency,0.844,Boiler pressure drop leading to low efficiency
Boiler,,,,0.876,
Boiler,,,,0.881,
Boiler,,,Control system instability,0.377,Control system instability
Boiler,,,,0.647,
Boiler,,,,0.77,
Boiler,,,,0.704,
Boiler,,,,0.947,
Boiler,,,,0.699,
Boiler,,,,0.718,
Boiler,Insufficient heating – possible burner failure,Insufficient heating – possible burner failure,Insufficient heating – possible burner failure,0.63,Insufficient heating – possible burner failure
Boiler,Insufficient heating – possible burner failure,Insufficient heating – possible burner failure,Insufficient heating – possible burner failure,0.747,Insufficient heating – possible burner failure
Boiler,,,,0.863,
Boiler,,,,0.906,
Boiler,,,,0.784,
Boiler,,,,0.704,
Boiler,,,,0.848,
Boiler,,,,0.289,
Boiler,,,,0.765,
Boiler,Insufficient heating – possible burner failure,Insufficient heating – possible burner failure,Insufficient heating – possible burner failure,0.667,Insufficient heating – possible burner failure
Boiler,,,,0.917,
Boiler,,,,0.865,
Boiler,,,,0.687,
Boiler,Insufficient heating – possible burner failure,,Insufficient heating – possible burner failure,0.699,Insufficient heating – possible burner failure
Boiler,,,,0.27,
Boiler,,,,0.829,
Boiler,,,,0.76,
Boiler,,,,0.629,
Boiler,,,,0.823,
Boiler,Insufficient heating – possible burner failure,Insufficient heating – possible burner failure,Insufficient heating – possible burner failure,0.861,Insufficient heating – possible burner failure
Boiler,,,,0.943,
Boiler,,,,0.934,
Boiler,,,,0.627,
Boiler,Insufficient heating – possible burner failure,Insufficient heating – possible burner failure,Insufficient heating – possible burner failure,0.854,Insufficient heating – possible burner failure
Boiler,Insufficient heating – possible burner failure,Insufficient heating – possible burner failure,Insufficient heating – possible burner failure,0.628,Insufficient heating – possible burner failure
Boiler,,,,0.871,
Boiler,Insufficient heating – possible burner failure,Insufficient heating – possible burner failure,Insufficient heating – possible burner failure,0.944,Insufficient heating – possible burner failure
Boiler,,,,0.303,
Boiler,Insufficient heating – possible burner failure,Insufficient heating – possible burner failure,Insufficient heating – possible burner failure,0.738,Insufficient heating – possible burner failure
Boiler,Boiler pressure drop leading to low efficiency,Boiler pressure drop leading to low efficiency,Boiler pressure drop leading to low efficiency,0.939,Boiler pressure drop leading to low efficiency
Boiler,,,,0.94,
Boiler,,,,0.692,
Boiler,,,,0.631,
Boiler,Insufficient heating – possible burner failure,Insufficient heating – possible burner failure,Insufficient heating – possible burner failure,0.943,Insufficient heating – possible burner failure
Boiler,,,,0.718,
Boiler,,,,0.671,
Boiler,,,,0.885,
Boiler,,,,0.885,
Boiler,,,Sensor calibration issue,0.305,Sensor calibration issue
Boiler,,,,0.913,
Boiler,Insufficient heating – possible burner failure,Insufficient heating – possible burner failure,,0.286,Insufficient heating – possible burner failure
Boiler,,,,0.642,
Boiler,Insufficient heating – possible burner failure,,Insufficient heating – possible burner failure,0.876,Insufficient heating – possible burner failure
Boiler,Insufficient heating – possible burner failure,Insufficient heating – possible burner failure,Insufficient heating – possible burner failure,0.891,Insufficient heating – possible burner failure
Boiler,,,,0.944,
Boiler,,,,0.75,
Boiler,,,,0.631,
Boiler,,,,0.247,
Boiler,,,,0.748,
Boiler,,,,0.792,
Boiler,Insufficient heating – possible burner failure,Insufficient heating – possible burner failure,Insufficient heating – possible burner failure,0.725,Insufficient heating – possible burner failure
Boiler,,,,0.814,
Boiler,,,Sensor calibration issue,0.455,Sensor calibration issue
Boiler,,,,0.816,
Boiler,,,,0.948,
Boiler,,,,0.897,
Boiler,Boiler pressure drop leading to low efficiency,Boiler pressure drop leading to low efficiency,Boiler pressure drop leading to low efficiency,0.81,Boiler pressure drop leading to low efficiency
Boiler,,,Unexpected power fluctuation,0.356,Unexpected power fluctuation
Boiler,,,,0.877,
Boiler,Insufficient heating – possible burner failure,Insufficient heating – possible burner failure,Insufficient heating – possible burner failure,0.655,Insufficient heating – possible burner failure
Boiler,,,,0.615,
Boiler,Insufficient heating – possible burner failure,Insufficient heating – possible burner failure,Insufficient heating – possible burner failure,0.7,Insufficient heating – possible burner failure
Boiler,Insufficient heating – possible burner failure,Insufficient heating – possible burner failure,Insufficient heating – possible burner failure,0.601,Insufficient heating – possible burner failure
Boiler,Insufficient heating – possible burner failure,Insufficient heating – possible burner failure,Insufficient heating – possible burner failure,0.804,Insufficient heating – possible burner failure
Boiler,Insufficient heating – possible burner failure,Insufficient heating – possible burner failure,Insufficient heating – possible burner failure,0.697,Insufficient heating – possible burner failure
Boiler,,,,0.825,
Boiler,,,,0.925,
Boiler,,,,0.315,
Boiler,,,,0.886,
Boiler,,,,0.929,
Boiler,,Insufficient heating – possible burner failure,,0.626,Insufficient heating – possible burner failure
Boiler,,,,0.251,
Boiler,,,,0.91,
Boiler,Insufficient heating – possible burner failure,Insufficient heating – possible burner failure,Insufficient heating – possible burner failure,0.609,Insufficient heating – possible burner failure
Boiler,,,,0.75,
Boiler,,,,0.662,
Boiler,,,,0.843,
Boiler,Insufficient heating – possible burner failure,Insufficient heating – possible burner failure,Insufficient heating – possible burner failure,0.782,Insufficient heating – possible burner failure
Boiler,Insufficient heating – possible burner failure,Insufficient heating – possible burner failure,Insufficient heating – possible burner failure,0.827,Insufficient heating – possible burner failure
Boiler,,,,0.863,
Boiler,,,Unexpected power fluctuation,0.457,Unexpected power fluctuation
Boiler,,,,0.75,
Boiler,,,,0.748,
Boiler,,,,0.633,
Boiler,,,,0.671,
Boiler,,,,0.698,
Boiler,,,,0.604,
Boiler,,,,0.605,
Boiler,,,,0.646,
Boiler,,,,0.941,
Boiler,,,,0.27,
Boiler,,,,0.768,
Boiler,,,,0.632,
Boiler,Boiler pressure drop leading to low efficiency,Boiler pressure drop leading to low efficiency,Boiler pressure drop leading to low efficiency,0.838,Boiler pressure drop leading to low efficiency
Boiler,,,,0.888,
Boiler,,,,0.836,
Boiler,,,,0.859,
Boiler,Boiler pressure drop leading to low efficiency,Boiler pressure drop leading to low efficiency,Boiler pressure drop leading to low efficiency,0.813,Boiler pressure drop leading to low efficiency
Boiler,Boiler pressure drop leading to low efficiency,Boiler pressure drop leading to low efficiency,Boiler pressure drop leading to low efficiency,0.672,Boiler pressure drop leading to low efficiency
Boiler,,,,0.819,
Boiler,,,,0.909,
Boiler,,,,0.613,
Boiler,,,,0.826,
Boiler,,,,0.831,
Boiler,,,,0.698,
Boiler,,,,0.691,
Boiler,Boiler pressure drop leading to low efficiency,Boiler pressure drop leading to low efficiency,Boiler pressure drop leading to low efficiency,0.925,Boiler pressure drop leading to low efficiency
Boiler,,,,0.698,
Boiler,,,,0.916,
Boiler,,,Control system instability,0.442,Control system instability
Boiler,Insufficient heating – possible burner failure,Insufficient heating – possible burner failure,Insufficient heating – possible burner failure,0.737,Insufficient heating – possible burner failure
Boiler,,,,0.866,
Boiler,,,,0.832,
Boiler,,,,0.859,
Boiler,,,,0.892,
Boiler,,,,0.824,
Boiler,,,,0.719,
Boiler,Boiler pressure drop leading to low efficiency,,Boiler pressure drop leading to low efficiency,0.911,Boiler pressure drop leading to low efficiency
Boiler,Insufficient heating – possible burner failure,Insufficient heating – possible burner failure,Insufficient heating – possible burner failure,0.77,Insufficient heating – possible burner failure
Boiler,Insufficient heating – possible burner failure,Insufficient heating – possible burner failure,Insufficient heating – possible burner failure,0.704,Insufficient heating – possible burner failure
Boiler,,,,0.86,
Boiler,,,,0.948,
Boiler,,,,0.875,
Boiler,,,,0.856,
Boiler,,,,0.821,
Boiler,,,,0.646,
Boiler,,,,0.87,
Boiler,Insufficient heating – possible burner failure,Insufficient heating – possible burner failure,,0.267,Insufficient heating – possible burner failure
Boiler,,,,0.661,
Boiler,,,,0.799,
Boiler,,,,0.864,
Boiler,,,,0.863,
Boiler,Insufficient heating – possible burner failure,,Insufficient heating – possible burner failure,0.616,Insufficient heating – possible burner failure
Boiler,,,,0.74,
Boiler,,,,0.876,
Boiler,,,,0.744,
Boiler,,,,0.769,
Boiler,,,,0.754,
Boiler,Insufficient heating – possible burner failure,,Insufficient heating – possible burner failure,0.886,Insufficient heating – possible burner failure
Boiler,Boiler pressure drop leading to low efficiency,Boiler pressure drop leading to low efficiency,Boiler pressure drop leading to low efficiency,0.875,Boiler pressure drop leading to low efficiency
Boiler,,,,0.323,
Boiler,,,,0.678,
Boiler,,,,0.795,
Boiler,,,,0.635,
Boiler,,,,0.758,
Boiler,,,,0.323,
Boiler,,Insufficient heating – possible burner failure,,0.948,Insufficient heating – possible burner failure
Boiler,,,,0.919,
Boiler,,,,0.897,
Boiler,Insufficient heating – possible burner failure,Insufficient heating – possible burner failure,Insufficient heating – possible burner failure,0.798,Insufficient heating – possible burner failure
Boiler,,,,0.879,
Boiler,,,,0.718,
Boiler,,,,0.843,
Boiler,,,,0.766,
Boiler,,,,0.878,
Boiler,,,,0.342,
Boiler,,,,0.286,
Boiler,,,,0.289,
Boiler,,,,0.809,
Boiler,,,General performance degradation,0.33,General performance degradation
Boiler,Insufficient heating – possible burner failure,Insufficient heating – possible burner failure,Insufficient heating – possible burner failure,0.649,Insufficient heating – possible burner failure
Boiler,,,,0.65,
Boiler,,,,0.865,
Boiler,,,,0.89,
Boiler,,,,0.916,
Boiler,,,,0.796,
Boiler,,,,0.644,
Boiler,,,,0.89,
Boiler,Insufficient heating – possible burner failure,Insufficient heating – possible burner failure,Insufficient heating – possible burner failure,0.76,Insufficient heating – possible burner failure
Boiler,Insufficient heating – possible burner failure,Insufficient heating – possible burner failure,Insufficient heating – possible burner failure,0.656,Insufficient heating – possible burner failure
Boiler,,,,0.284,
Boiler,,,General performance degradation,0.314,General performance degradation
Boiler,,,,0.661,
Boiler,,,,0.745,
Boiler,,,,0.253,
Boiler,Insufficient heating – possible burner failure,Insufficient heating – possible burner failure,Insufficient heating – possible burner failure,0.775,Insufficient heating – possible burner failure
Boiler,Insufficient heating – possible burner failure,Insufficient heating – possible burner failure,Insufficient heating – possible burner failure,0.934,Insufficient heating – possible burner failure
Boiler,,,,0.803,
Boiler,,,,0.608,
Boiler,Insufficient heating – possible burner failure,Insufficient heating – possible burner failure,Insufficient heating – possible burner failure,0.672,Insufficient heating – possible burner failure
Boiler,,Insufficient heating – possible burner failure,,0.375,Insufficient heating – possible burner failure
Boiler,,,,0.786,
Boiler,,,,0.949,
Boiler,,,,0.659,
Boiler,Insufficient heating – possible burner failure,Insufficient heating – possible burner failure,,0.251,Insufficient heating – possible burner failure
Boiler,,,,0.729,
Boiler,Insufficient heating – possible burner failure,Insufficient heating – possible burner failure,Insufficient heating – possible burner failure,0.636,Insufficient heating – possible burner failure
Boiler,Insufficient heating – possible burner failure,Insufficient heating – possible burner failure,Insufficient heating – possible burner failure,0.83,Insufficient heating – possible burner failure
Boiler,,,,0.846,
Boiler,,,,0.75,
Boiler,Boiler pressure drop leading to low efficiency,,Boiler pressure drop leading to low efficiency,0.635,Boiler pressure drop leading to low efficiency
Boiler,,,,0.758,
Boiler,,,,0.768,
Boiler,,,,0.626,
Boiler,Insufficient heating – possible burner failure,,Insufficient heating – possible burner failure,0.734,Insufficient heating – possible burner failure
Boiler,,,,0.9,
Boiler,,,,0.84,
Boiler,,,,0.945,
Boiler,,,,0.912,
Boiler,,,,0.827,
Boiler,,Insufficient heating – possible burner failure,,0.809,Insufficient heating – possible burner failure
Boiler,Boiler pressure drop leading to low efficiency,Boiler pressure drop leading to low efficiency,Boiler pressure drop leading to low efficiency,0.665,Boiler pressure drop leading to low efficiency
Boiler,Boiler pressure drop leading to low efficiency,Boiler pressure drop leading to low efficiency,Boiler pressure drop leading to low efficiency,0.803,Boiler pressure drop leading to low efficiency
Boiler,,,,0.751,
Boiler,Insufficient heating – possible burner failure,Insufficient heating – possible burner failure,Insufficient heating – possible burner failure,0.848,Insufficient heating – possible burner failure
Boiler,,,,0.848,
Boiler,,,,0.906,
Boiler,,,,0.725,
Boiler,,,,0.901,
Boiler,,,Control system instability,0.374,Control system instability
Boiler,Insufficient heating – possible burner failure,Insufficient heating – possible burner failure,Insufficient heating – possible burner failure,0.784,Insufficient heating – possible burner failure
Boiler,,,,0.707,
Boiler,Insufficient heating – possible burner failure,,Insufficient heating – possible burner failure,0.919,Insufficient heating – possible burner failure
Boiler,,,,0.346,
Boiler,,,,0.378,
Boiler,,,,0.884,
Boiler,,,Control system instability,0.455,Control system instability
Boiler,Boiler pressure drop leading to low efficiency,Boiler pressure drop leading to low efficiency,,0.36,Boiler pressure drop leading to low efficiency
Boiler,,,,0.864,
Boiler,,,,0.781,
Boiler,,,,0.709,
Boiler,,,Unexpected power fluctuation,0.472,Unexpected power fluctuation
Boiler,,,,0.754,
Boiler,,,,0.33,
Boiler,,,Unexpected power fluctuation,0.474,Unexpected power fluctuation
Boiler,,,,0.643,
Boiler,Insufficient heating – possible burner failure,Insufficient heating – possible burner failure,Insufficient heating – possible burner failure,0.863,Insufficient heating – possible burner failure
Boiler,,,,0.642,
Boiler,Insufficient heating – possible burner failure,,Insufficient heating – possible burner failure,0.829,Insufficient heating – possible burner failure
Boiler,,,,0.29,
Boiler,,,,0.296,
Boiler,,,,0.885,
Boiler,,,,0.304,
Boiler,,,,0.723,
Boiler,,,,0.771,
Boiler,,,,0.887,
Boiler,,,,0.822,
Boiler,,,,0.875,
Boiler,,Insufficient heating – possible burner failure,,0.779,Insufficient heating – possible burner failure
Boiler,,,,0.601,
Boiler,,,,0.927,
Boiler,,,,0.35,
Boiler,Insufficient heating – possible burner failure,Insufficient heating – possible burner failure,Insufficient heating – possible burner failure,0.617,Insufficient heating – possible burner failure
Boiler,,,,0.715,
Boiler,,,,0.642,
Boiler,,,,0.729,
Boiler,,,,0.941,
Boiler,,,,0.921,
Boiler,,,Unexpected power fluctuation,0.314,Unexpected power fluctuation
Boiler,,,,0.868,
Boiler,,,,0.357,
Boiler,Boiler pressure drop leading to low efficiency,,Boiler pressure drop leading to low efficiency,0.753,Boiler pressure drop leading to low efficiency
Boiler,,,,0.881,
Boiler,,,,0.695,
Boiler,,,,0.846,
Boiler,Insufficient heating – possible burner failure,Insufficient heating – possible burner failure,Insufficient heating – possible burner failure,0.938,Insufficient heating – possible burner failure
Boiler,,,,0.326,
Boiler,Boiler pressure drop leading to low efficiency,Boiler pressure drop leading to low efficiency,Boiler pressure drop leading to low efficiency,0.856,Boiler pressure drop leading to low efficiency
Boiler,,,,0.785,
Boiler,,,,0.803,
Boiler,,,,0.833,
Boiler,Insufficient heating – possible burner failure,,Insufficient heating – possible burner failure,0.911,Insufficient heating – possible burner failure
Boiler,,,,0.91,
Boiler,,,,0.311,
Boiler,,,,0.751,
Boiler,Insufficient heating – possible burner failure,Insufficient heating – possible burner failure,Unexpected power fluctuation,0.357,Insufficient heating – possible burner failure
Boiler,Insufficient heating – possible burner failure,Insufficient heating – possible burner failure,Insufficient heating – possible burner failure,0.769,Insufficient heating – possible burner failure
Boiler,,,,0.834,
Boiler,,,,0.862,
Boiler,,,,0.81,
Boiler,,,,0.601,
Boiler,,,,0.687,
Boiler,,,,0.929,
Boiler,,Insufficient heating – possible burner failure,,0.87,Insufficient heating – possible burner failure
Boiler,,,General performance degradation,0.322,General performance degradation
Boiler,,,,0.871,
Boiler,Boiler pressure drop leading to low efficiency,Boiler pressure drop leading to low efficiency,Boiler pressure drop leading to low efficiency,0.652,Boiler pressure drop leading to low efficiency
Boiler,,,,0.63,
Boiler,Insufficient heating – possible burner failure,Insufficient heating – possible burner failure,Insufficient heating – possible burner failure,0.911,Insufficient heating – possible burner failure
Boiler,,Boiler pressure drop leading to low efficiency,,0.647,Boiler pressure drop leading to low efficiency
Boiler,,,,0.328,
Boiler,,,,0.803,
Boiler,,,Unexpected power fluctuation,0.45,Unexpected power fluctuation
Boiler,,,,0.905,
Boiler,,,,0.687,
Boiler,,,,0.877,
Boiler,,,,0.917,
Boiler,,,,0.945,
Boiler,,,,0.77,
Boiler,,,,0.626,
Boiler,,,,0.698,
Boiler,Insufficient heating – possible burner failure,Insufficient heating – possible burner failure,Insufficient heating – possible burner failure,0.95,Insufficient heating – possible burner failure
Boiler,,Boiler pressure drop leading to low efficiency,,0.885,Boiler pressure drop leading to low efficiency
Boiler,,,,0.78,
Boiler,,,,0.904,
Boiler,,,,0.702,
Boiler,,,,0.81,
Boiler,,,,0.708,
Boiler,Insufficient heating – possible burner failure,Insufficient heating – possible burner failure,Insufficient heating – possible burner failure,0.687,Insufficient heating – possible burner failure
Boiler,,,,0.626,
Boiler,Insufficient heating – possible burner failure,Insufficient heating – possible burner failure,Insufficient heating – possible burner failure,0.786,Insufficient heating – possible burner failure
Boiler,,,,0.35,
Boiler,,,,0.631,
Boiler,,,,0.942,
Boiler,,,,0.836,
Boiler,,,,0.679,
Boiler,,,,0.81,
Boiler,Insufficient heating – possible burner failure,Insufficient heating – possible burner failure,Insufficient heating – possible burner failure,0.833,Insufficient heating – possible burner failure
Boiler,,,,0.934,
Boiler,,,,0.864,
Boiler,,,,0.634,
Boiler,,,,0.898,
Boiler,,,,0.855,
Boiler,,,Sensor calibration issue,0.397,Sensor calibration issue
Boiler,,,,0.917,
Boiler,,,,0.287,
Boiler,,,,0.616,
Boiler,,,,0.622,
Boiler,,,,0.628,
Boiler,,,,0.659,
Boiler,,,,0.627,
Boiler,,,,0.939,
Boiler,,,,0.881,
Boiler,Boiler pressure drop leading to low efficiency,,Boiler pressure drop leading to low efficiency,0.906,Boiler pressure drop leading to low efficiency
Boiler,Insufficient heating – possible burner failure,Insufficient heating – possible burner failure,Insufficient heating – possible burner failure,0.934,Insufficient heating – possible burner failure
Boiler,,,,0.93,
Boiler,,,,0.762,
Boiler,,,,0.898,
Boiler,,,,0.349,
Boiler,Insufficient heating – possible burner failure,Insufficient heating – possible burner failure,Insufficient heating – possible burner failure,0.819,Insufficient heating – possible burner failure
Boiler,Insufficient heating – possible burner failure,Insufficient heating – possible burner failure,Insufficient heating – possible burner failure,0.716,Insufficient heating – possible burner failure
Boiler,,,,0.636,
Boiler,,,,0.701,
Boiler,,,,0.719,
Boiler,,,,0.871,
Boiler,,,,0.721,
Boiler,Insufficient heating – possible burner failure,Insufficient heating – possible burner failure,,0.272,Insufficient heating – possible burner failure
Boiler,,,,0.65,
Boiler,,,,0.622,
Boiler,Insufficient heating – possible burner failure,Insufficient heating – possible burner failure,Insufficient heating – possible burner failure,0.696,Insufficient heating – possible burner failure
Boiler,Insufficient heating – possible burner failure,Insufficient heating – possible burner failure,Insufficient heating – possible burner failure,0.734,Insufficient heating – possible burner failure
Boiler,,,Sensor calibration issue,0.338,Sensor calibration issue
Boiler,,,Sensor calibration issue,0.441,Sensor calibration issue
Boiler,,Insufficient heating – possible burner failure,,0.608,Insufficient heating – possible burner failure
Boiler,,,,0.814,
Boiler,,,,0.256,
Boiler,,,,0.851,
Boiler,,,,0.873,
Boiler,,,,0.656,
Boiler,,,,0.857,
Boiler,,,,0.906,
Boiler,,,General performance degradation,0.351,General performance degradation
Boiler,,,,0.858,
Boiler,Insufficient heating – possible burner failure,,Insufficient heating – possible burner failure,0.866,Insufficient heating – possible burner failure
Boiler,Boiler pressure drop leading to low efficiency,Boiler pressure drop leading to low efficiency,Boiler pressure drop leading to low efficiency,0.705,Boiler pressure drop leading to low efficiency
Boiler,,,,0.719,
Boiler,,,,0.719,
Boiler,,,Unexpected power fluctuation,0.447,Unexpected power fluctuation
Boiler,,,,0.663,
Boiler,,,,0.717,
Boiler,Insufficient heating – possible burner failure,Insufficient heating – possible burner failure,Insufficient heating – possible burner failure,0.85,Insufficient heating – possible burner failure
Boiler,,,,0.375,
Boiler,,,,0.626,
Boiler,Insufficient heating – possible burner failure,,Insufficient heating – possible burner failure,0.761,Insufficient heating – possible burner failure
Boiler,,,,0.658,
Boiler,,,,0.873,
Boiler,,,,0.633,
Boiler,,,,0.827,
Boiler,,,,0.695,
Boiler,,,General performance degradation,0.429,General performance degradation
Boiler,Insufficient heating – possible burner failure,Insufficient heating – possible burner failure,,0.271,Insufficient heating – possible burner failure
Boiler,,,,0.925,
Boiler,,,,0.701,
Boiler,,Insufficient heating – possible burner failure,,0.676,Insufficient heating – possible burner failure
Boiler,,,,0.643,
Boiler,,,,0.626,
Boiler,,,,0.904,
Boiler,,,,0.837,
Boiler,Insufficient heating – possible burner failure,Insufficient heating – possible burner failure,Insufficient heating – possible burner failure,0.838,Insufficient heating – possible burner failure
Boiler,,,,0.623,
Boiler,,,,0.629,
Boiler,,,,0.948,
Boiler,,,,0.638,
Boiler,,,,0.924,
Boiler,,,,0.932,
Boiler,,,,0.914,
Boiler,,,,0.642,
Boiler,,,,0.717,
Boiler,,,,0.77,
Boiler,,,,0.305,
Boiler,Insufficient heating – possible burner failure,Insufficient heating – possible burner failure,Insufficient heating – possible burner failure,0.791,Insufficient heating – possible burner failure
Boiler,,,,0.857,
Boiler,,,,0.924,
Boiler,Insufficient heating – possible burner failure,Insufficient heating – possible burner failure,Insufficient heating – possible burner failure,0.826,Insufficient heating – possible burner failure
Boiler,,,,0.919,
Boiler,,,,0.839,
Boiler,Boiler pressure drop leading to low efficiency,Boiler pressure drop leading to low efficiency,Unexpected power fluctuation,0.377,Boiler pressure drop leading to low efficiency
Boiler,,,,0.845,
Boiler,,,,0.639,
Boiler,,,,0.619,
Boiler,,,,0.914,
Boiler,Insufficient heating – possible burner failure,Insufficient heating – possible burner failure,Insufficient heating – possible burner failure,0.877,Insufficient heating – possible burner failure
Boiler,,,,0.688,
Boiler,,,Sensor calibration issue,0.303,Sensor calibration issue
Boiler,,,,0.824,
Boiler,,,,0.858,
Boiler,,,,0.759,
Boiler,Insufficient heating – possible burner failure,Insufficient heating – possible burner failure,,0.248,Insufficient heating – possible burner failure
Boiler,,,,0.371,
Boiler,,,,0.668,
Boiler,,,,0.621,
Boiler,,,,0.636,
Boiler,,,,0.352,
Boiler,,,,0.622,
Boiler,,,,0.776,
Boiler,,,,0.841,
Boiler,,,,0.315,
Boiler,Insufficient heating – possible burner failure,Insufficient heating – possible burner failure,Insufficient heating – possible burner failure,0.884,Insufficient heating – possible burner failure
Boiler,,,,0.826,
Boiler,,,,0.848,
Boiler,,,,0.641,
Boiler,,,,0.912,
Boiler,,,,0.871,
Boiler,,,,0.701,
Boiler,,,,0.698,
Boiler,Boiler pressure drop leading to low efficiency,Boiler pressure drop leading to low efficiency,Boiler pressure drop leading to low efficiency,0.823,Boiler pressure drop leading to low efficiency
Boiler,,,,0.903,
Boiler,,,,0.747,
Boiler,,,,0.611,
Boiler,,,,0.759,
Boiler,,,,0.945,
Boiler,,,,0.833,
Boiler,,,,0.863,
Boiler,,,,0.843,
Boiler,Boiler pressure drop leading to low efficiency,Boiler pressure drop leading to low efficiency,Boiler pressure drop leading to low efficiency,0.815,Boiler pressure drop leading to low efficiency
Boiler,,,,0.269,
Boiler,,,,0.893,
Boiler,,,,0.807,
Boiler,Insufficient heating – possible burner failure,Insufficient heating – possible burner failure,Unexpected power fluctuation,0.326,Insufficient heating – possible burner failure
Boiler,,,,0.657,
Boiler,,,,0.711,
Boiler,,,,0.918,
Boiler,,,,0.765,
Boiler,,Boiler pressure drop leading to low efficiency,,0.741,Boiler pressure drop leading to low efficiency
Boiler,,,,0.754,
Boiler,,,,0.346,
Boiler,,Insufficient heating – possible burner failure,General performance degradation,0.333,Insufficient heating – possible burner failure
Boiler,Boiler pressure drop leading to low efficiency,,Boiler pressure drop leading to low efficiency,0.775,Boiler pressure drop leading to low efficiency
Boiler,,,,0.667,
Boiler,,,,0.253,
Boiler,,,,0.374,
Boiler,,,,0.725,
Boiler,,,,0.657,
Boiler,,,,0.307,
Boiler,,,,0.896,
Boiler,,,,0.752,
Boiler,,,,0.848,
Boiler,Insufficient heating – possible burner failure,Insufficient heating – possible burner failure,Insufficient heating – possible burner failure,0.618,Insufficient heating – possible burner failure
Boiler,,,,0.617,
Boiler,,,,0.748,
Boiler,,,,0.858,
Boiler,,,,0.846,
Boiler,,,,0.747,
Boiler,,,,0.814,
Boiler,,,,0.919,
Boiler,Insufficient heating – possible burner failure,Insufficient heating – possible burner failure,Insufficient heating – possible burner failure,0.645,Insufficient heating – possible burner failure
Boiler,,,,0.72,
Boiler,,,Sensor calibration issue,0.425,Sensor calibration issue
Boiler,,,,0.654,
Boiler,,,,0.793,
Boiler,,,,0.71,
Boiler,,,,0.758,
Boiler,,,,0.689,
Boiler,,,,0.794,
Boiler,,,,0.865,
Boiler,,,,0.855,
Boiler,,,,0.924,
Boiler,Insufficient heating – possible burner failure,Insufficient heating – possible burner failure,Insufficient heating – possible burner failure,0.664,Insufficient heating – possible burner failure
Boiler,Insufficient heating – possible burner failure,Insufficient heating – possible burner failure,Insufficient heating – possible burner failure,0.71,Insufficient heating – possible burner failure
Boiler,,,,0.818,
Boiler,,,,0.713,
Boiler,,,,0.613,
Boiler,,,,0.785,
Boiler,,,,0.66,
Boiler,,,,0.628,
Boiler,,,,0.732,
Boiler,Insufficient heating – possible burner failure,Insufficient heating – possible burner failure,Insufficient heating – possible burner failure,0.768,Insufficient heating – possible burner failure
Boiler,,,,0.802,
Boiler,,,,0.659,
Boiler,,,,0.746,
Boiler,,,,0.26,
Boiler,,,,0.763,
Boiler,Boiler pressure drop leading to low efficiency,,Boiler pressure drop leading to low efficiency,0.866,Boiler pressure drop leading to low efficiency
Boiler,Boiler pressure drop leading to low efficiency,,Boiler pressure drop leading to low efficiency,0.798,Boiler pressure drop leading to low efficiency
Boiler,,,,0.61,
Boiler,Insufficient heating – possible burner failure,,Insufficient heating – possible burner failure,0.924,Insufficient heating – possible burner failure
Boiler,,,Unexpected power fluctuation,0.327,Unexpected power fluctuation
Boiler,,,,0.345,
Boiler,Boiler pressure drop leading to low efficiency,Boiler pressure drop leading to low efficiency,Boiler pressure drop leading to low efficiency,0.907,Boiler pressure drop leading to low efficiency
Boiler,,,,0.949,
Boiler,,,,0.679,
Boiler,Insufficient heating – possible burner failure,,Insufficient heating – possible burner failure,0.681,Insufficient heating – possible burner failure
Boiler,,,,0.309,
Boiler,,,,0.682,
Boiler,Insufficient heating – possible burner failure,Insufficient heating – possible burner failure,Insufficient heating – possible burner failure,0.626,Insufficient heating – possible burner failure
Boiler,,,,0.615,
Boiler,Insufficient heating – possible burner failure,Insufficient heating – possible burner failure,Insufficient heating – possible burner failure,0.669,Insufficient heating – possible burner failure
Boiler,Insufficient heating – possible burner failure,Insufficient heating – possible burner failure,Insufficient heating – possible burner failure,0.906,Insufficient heating – possible burner failure
Boiler,,,,0.886,
Boiler,,,,0.781,
Boiler,,,,0.698,
Boiler,,,,0.378,
Boiler,Boiler pressure drop leading to low efficiency,Boiler pressure drop leading to low efficiency,,0.262,Boiler pressure drop leading to low efficiency
Boiler,,,,0.852,
Boiler,,,,0.812,
Boiler,Boiler pressure drop leading to low efficiency,Boiler pressure drop leading to low efficiency,Boiler pressure drop leading to low efficiency,0.726,Boiler pressure drop leading to low efficiency
Boiler,,,,0.856,
Boiler,,,,0.906,
Boiler,,,,0.938,
Boiler,Insufficient heating – possible burner failure,Insufficient heating – possible burner failure,Insufficient heating – possible burner failure,0.688,Insufficient heating – possible burner failure
Boiler,Insufficient heating – possible burner failure,Insufficient heating – possible burner failure,Insufficient heating – possible burner failure,0.726,Insufficient heating – possible burner failure
Boiler,,,,0.855,
Boiler,Insufficient heating – possible burner failure,Insufficient heating – possible burner failure,,0.271,Insufficient heating – possible burner failure
Boiler,Insufficient heating – possible burner failure,Insufficient heating – possible burner failure,Insufficient heating – possible burner failure,0.755,Insufficient heating – possible burner failure
Boiler,,,,0.903,
Boiler,,Insufficient heating – possible burner failure,,0.658,Insufficient heating – possible burner failure
Boiler,,,,0.747,
Boiler,,,,0.861,
Boiler,,,,0.654,
Boiler,,,,0.68,
Boiler,,,,0.939,
Boiler,,,,0.889,
Boiler,,,,0.778,
Boiler,,,,0.823,
Boiler,,,,0.683,
Boiler,,,,0.753,
Boiler,,Insufficient heating – possible burner failure,,0.319,Insufficient heating – possible burner failure
Boiler,,,,0.318,
Boiler,,Insufficient heating – possible burner failure,,0.608,Insufficient heating – possible burner failure
Boiler,,,,0.766,
Boiler,,,,0.668,
Boiler,,,,0.95,
Boiler,,,,0.669,
Boiler,,,,0.758,
Boiler,,,,0.936,
Boiler,Insufficient heating – possible burner failure,,,0.302,
Boiler,,,,0.608,
Boiler,,,,0.918,
Boiler,,,,0.767,
Boiler,,,,0.76,
Boiler,,,,0.37,
Boiler,,,,0.875,
Boiler,Insufficient heating – possible burner failure,Insufficient heating – possible burner failure,Insufficient heating – possible burner failure,0.818,Insufficient heating – possible burner failure
Boiler,,,,0.271,
Boiler,,,,0.737,
Chiller,,,,0.876,
Chiller,,,,0.915,
Chiller,,,,0.783,
Chiller,,,,0.876,
Chiller,Low coolant flow – possible pump blockage,Low coolant flow – possible pump blockage,Low coolant flow – possible pump blockage,0.672,Low coolant flow – possible pump blockage
Chiller,,,,0.279,
Chiller,Low coolant flow – possible pump blockage,Low coolant flow – possible pump blockage,Low coolant flow – possible pump blockage,0.682,Low coolant flow – possible pump blockage
Chiller,Evaporator fouling causing high evaporator temperature,Evaporator fouling causing high evaporator temperature,Evaporator fouling causing high evaporator temperature,0.919,Evaporator fouling causing high evaporator temperature
Chiller,Low coolant flow – possible pump blockage,Low coolant flow – possible pump blockage,Low coolant flow – possible pump blockage,0.639,Low coolant flow – possible pump blockage
Chiller,Low coolant flow – possible pump blockage,Low coolant flow – possible pump blockage,Low coolant flow – possible pump blockage,0.642,Low coolant flow – possible pump blockage
Chiller,,,,0.305,
Chiller,,,,0.698,
Chiller,,,,0.757,
Chiller,,,,0.926,
Chiller,,,Control system instability,0.335,Control system instability
Chiller,,,,0.938,
Chiller,,,,0.281,
Chiller,,,,0.792,
Chiller,,,,0.786,
Chiller,,,,0.631,
Chiller,,,,0.931,
Chiller,,,,0.806,
Chiller,Low coolant flow – possible pump blockage,Low coolant flow – possible pump blockage,Low coolant flow – possible pump blockage,0.777,Low coolant flow – possible pump blockage
Chiller,,,,0.275,
Chiller,,,,0.841,
Chiller,,,General performance degradation,0.45,General performance degradation
Chiller,,,,0.769,
Chiller,,,Unexpected power fluctuation,0.339,Unexpected power fluctuation
Chiller,,,,0.926,
Chiller,,,,0.752,
Chiller,,,,0.934,
Chiller,,,,0.624,
Chiller,,,,0.734,
Chiller,,,,0.938,
Chiller,Low coolant flow – possible pump blockage,Low coolant flow – possible pump blockage,Low coolant flow – possible pump blockage,0.711,Low coolant flow – possible pump blockage
Chiller,Low coolant flow – possible pump blockage,Low coolant flow – possible pump blockage,Low coolant flow – possible pump blockage,0.696,Low coolant flow – possible pump blockage
Chiller,Evaporator fouling causing high evaporator temperature,Evaporator fouling causing high evaporator temperature,Evaporator fouling causing high evaporator temperature,0.718,Evaporator fouling causing high evaporator temperature
Chiller,,,,0.91,
Chiller,Low coolant flow – possible pump blockage,Low coolant flow – possible pump blockage,Low coolant flow – possible pump blockage,0.706,Low coolant flow – possible pump blockage
Chiller,,,,0.331,
Chiller,,,,0.628,
Chiller,,,,0.636,
Chiller,,,,0.783,
Chiller,,,,0.688,
Chiller,,,,0.733,
Chiller,,,,0.772,
Chiller,Low coolant flow – possible pump blockage,Low coolant flow – possible pump blockage,Low coolant flow – possible pump blockage,0.806,Low coolant flow – possible pump blockage
Chiller,,,,0.888,
Chiller,Low coolant flow – possible pump blockage,Low coolant flow – possible pump blockage,Low coolant flow – possible pump blockage,0.741,Low coolant flow – possible pump blockage
Chiller,,,,0.662,
Chiller,Evaporator fouling causing high evaporator temperature,Evaporator fouling causing high evaporator temperature,Evaporator fouling causing high evaporator temperature,0.759,Evaporator fouling causing high evaporator temperature
Chiller,,,,0.815,
Chiller,,,,0.811,
Chiller,,,,0.694,
Chiller,Low coolant flow – possible pump blockage,Low coolant flow – possible pump blockage,Low coolant flow – possible pump blockage,0.864,Low coolant flow – possible pump blockage
Chiller,,,Sensor calibration issue,0.458,Sensor calibration issue
Chiller,,,,0.9,
Chiller,,,,0.818,
Chiller,Low coolant flow – possible pump blockage,Low coolant flow – possible pump blockage,,0.327,Low coolant flow – possible pump blockage
Chiller,,,,0.875,
Chiller,,,,0.649,
Chiller,Evaporator fouling causing high evaporator temperature,Evaporator fouling causing high evaporator temperature,Control system instability,0.395,Evaporator fouling causing high evaporator temperature
Chiller,,,,0.766,
Chiller,Low coolant flow – possible pump blockage,Low coolant flow – possible pump blockage,,0.34,Low coolant flow – possible pump blockage
Chiller,Low coolant flow – possible pump blockage,Low coolant flow – possible pump blockage,Low coolant flow – possible pump blockage,0.661,Low coolant flow – possible pump blockage
Chiller,,,,0.915,
Chiller,Low coolant flow – possible pump blockage,Low coolant flow – possible pump blockage,,0.319,Low coolant flow – possible pump blockage
Chiller,,,,0.627,
Chiller,Low coolant flow – possible pump blockage,Low coolant flow – possible pump blockage,,0.344,Low coolant flow – possible pump blockage
Chiller,,,,0.615,
Chiller,,,,0.342,
Chiller,,,,0.834,
Chiller,,,,0.374,
Chiller,,,,0.621,
Chiller,,,,0.268,
Chiller,,,,0.708,
Chiller,,,,0.837,
Chiller,,,,0.695,
Chiller,Low coolant flow – possible pump blockage,Low coolant flow – possible pump blockage,Low coolant flow – possible pump blockage,0.601,Low coolant flow – possible pump blockage
Chiller,,,,0.886,
Chiller,Low coolant flow – possible pump blockage,Low coolant flow – possible pump blockage,Low coolant flow – possible pump blockage,0.845,Low coolant flow – possible pump blockage
Chiller,Evaporator fouling causing high evaporator temperature,Evaporator fouling causing high evaporator temperature,Evaporator fouling causing high evaporator temperature,0.658,Evaporator fouling causing high evaporator temperature
Chiller,,,,0.904,
Chiller,Evaporator fouling causing high evaporator temperature,Evaporator fouling causing high evaporator temperature,Evaporator fouling causing high evaporator temperature,0.77,Evaporator fouling causing high evaporator temperature
Chiller,,,,0.612,
Chiller,Evaporator fouling causing high evaporator temperature,Evaporator fouling causing high evaporator temperature,Evaporator fouling causing high evaporator temperature,0.777,Evaporator fouling causing high evaporator temperature
Chiller,,,,0.689,
Chiller,,,,0.611,
Chiller,,,,0.932,
Chiller,Evaporator fouling causing high evaporator temperature,Evaporator fouling causing high evaporator temperature,Evaporator fouling causing high evaporator temperature,0.667,Evaporator fouling causing high evaporator temperature
Chiller,,,,0.888,
Chiller,,,,0.778,
Chiller,,,,0.92,
Chiller,,,,0.313,
Chiller,Low coolant flow – possible pump blockage,Low coolant flow – possible pump blockage,Low coolant flow – possible pump blockage,0.634,Low coolant flow – possible pump blockage
Chiller,Low coolant flow – possible pump blockage,Low coolant flow – possible pump blockage,Control system instability,0.438,Low coolant flow – possible pump blockage
Chiller,,,General performance degradation,0.435,General performance degradation
Chiller,,,,0.75,
Chiller,,,General performance degradation,0.335,General performance degradation
Chiller,Evaporator fouling causing high evaporator temperature,Evaporator fouling causing high evaporator temperature,Evaporator fouling causing high evaporator temperature,0.927,Evaporator fouling causing high evaporator temperature
Chiller,,,,0.94,
Chiller,Evaporator fouling causing high evaporator temperature,Evaporator fouling causing high evaporator temperature,Evaporator fouling causing high evaporator temperature,0.899,Evaporator fouling causing high evaporator temperature
Chiller,Low coolant flow – possible pump blockage,Low coolant flow – possible pump blockage,Low coolant flow – possible pump blockage,0.674,Low coolant flow – possible pump blockage
Chiller,,,,0.67,
Chiller,Evaporator fouling causing high evaporator temperature,Evaporator fouling causing high evaporator temperature,Evaporator fouling causing high evaporator temperature,0.749,Evaporator fouling causing high evaporator temperature
Chiller,,,Sensor calibration issue,0.369,Sensor calibration issue
Chiller,,,,0.363,
Chiller,,,,0.265,
Chiller,,,,0.724,
Chiller,Evaporator fouling causing high evaporator temperature,Evaporator fouling causing high evaporator temperature,Evaporator fouling causing high evaporator temperature,0.732,Evaporator fouling causing high evaporator temperature
Chiller,Low coolant flow – possible pump blockage,Low coolant flow – possible pump blockage,Low coolant flow – possible pump blockage,0.62,Low coolant flow – possible pump blockage
Chiller,,,,0.641,
Chiller,,,,0.887,
Chiller,,,,0.807,
Chiller,Low coolant flow – possible pump blockage,Low coolant flow – possible pump blockage,Low coolant flow – possible pump blockage,0.605,Low coolant flow – possible pump blockage
Chiller,,,,0.922,
Chiller,Low coolant flow – possible pump blockage,Low coolant flow – possible pump blockage,Low coolant flow – possible pump blockage,0.736,Low coolant flow – possible pump blockage
Chiller,,,,0.613,
Chiller,,,,0.639,
Chiller,,,,0.637,
Chiller,Evaporator fouling causing high evaporator temperature,Evaporator fouling causing high evaporator temperature,Evaporator fouling causing high evaporator temperature,0.64,Evaporator fouling causing high evaporator temperature
Chiller,Evaporator fouling causing high evaporator temperature,Evaporator fouling causing high evaporator temperature,Evaporator fouling causing high evaporator temperature,0.795,Evaporator fouling causing high evaporator temperature
Chiller,,,,0.786,
Chiller,,,,0.833,
Chiller,,,,0.698,
Chiller,,,,0.661,
Chiller,,,,0.641,
Chiller,,,,0.763,
Chiller,,,,0.62,
Chiller,,,,0.917,
Chiller,,,,0.902,
Chiller,,,,0.759,
Chiller,Low coolant flow – possible pump blockage,Low coolant flow – possible pump blockage,Low coolant flow – possible pump blockage,0.699,Low coolant flow – possible pump blockage
Chiller,,,,0.697,
Chiller,Low coolant flow – possible pump blockage,Low coolant flow – possible pump blockage,Low coolant flow – possible pump blockage,0.602,Low coolant flow – possible pump blockage
Chiller,,,,0.898,
Chiller,Low coolant flow – possible pump blockage,Low coolant flow – possible pump blockage,Low coolant flow – possible pump blockage,0.836,Low coolant flow – possible pump blockage
Chiller,,,,0.732,
Chiller,,,,0.692,
Chiller,Low coolant flow – possible pump blockage,Low coolant flow – possible pump blockage,Low coolant flow – possible pump blockage,0.781,Low coolant flow – possible pump blockage
Chiller,,,,0.637,
Chiller,Low coolant flow – possible pump blockage,Low coolant flow – possible pump blockage,Low coolant flow – possible pump blockage,0.755,Low coolant flow – possible pump blockage
Chiller,,,,0.806,
Chiller,,,,0.356,
Chiller,Evaporator fouling causing high evaporator temperature,Evaporator fouling causing high evaporator temperature,Evaporator fouling causing high evaporator temperature,0.7,Evaporator fouling causing high evaporator temperature
Chiller,,,,0.941,
Chiller,,,Control system instability,0.383,Control system instability
Chiller,,,,0.756,
Chiller,Evaporator fouling causing high evaporator temperature,Evaporator fouling causing high evaporator temperature,,0.288,Evaporator fouling causing high evaporator temperature
Chiller,,,,0.822,
Chiller,Evaporator fouling causing high evaporator temperature,Evaporator fouling causing high evaporator temperature,Evaporator fouling causing high evaporator temperature,0.871,Evaporator fouling causing high evaporator temperature
Chiller,,,General performance degradation,0.328,General performance degradation
Chiller,,,,0.79,
Chiller,,,,0.614,
Chiller,Low coolant flow – possible pump blockage,Low coolant flow – possible pump blockage,Low coolant flow – possible pump blockage,0.915,Low coolant flow – possible pump blockage
Chiller,,,,0.819,
Chiller,,,,0.282,
Chiller,,,,0.637,
Chiller,Evaporator fouling causing high evaporator temperature,Evaporator fouling causing high evaporator temperature,,0.289,Evaporator fouling causing high evaporator temperature
Chiller,,,,0.787,
Chiller,,,,0.858,
Chiller,,,,0.641,
Chiller,,,,0.654,
Chiller,,,,0.727,
Chiller,Low coolant flow – possible pump blockage,Low coolant flow – possible pump blockage,Low coolant flow – possible pump blockage,0.93,Low coolant flow – possible pump blockage
Chiller,,,,0.652,
Chiller,,,,0.728,
Chiller,,,,0.737,
Chiller,,,,0.841,
Chiller,,,,0.934,
Chiller,Evaporator fouling causing high evaporator temperature,Evaporator fouling causing high evaporator temperature,Evaporator fouling causing high evaporator temperature,0.859,Evaporator fouling causing high evaporator temperature
Chiller,Low coolant flow – possible pump blockage,Low coolant flow – possible pump blockage,Low coolant flow – possible pump blockage,0.924,Low coolant flow – possible pump blockage
Chiller,Evaporator fouling causing high evaporator temperature,Evaporator fouling causing high evaporator temperature,Evaporator fouling causing high evaporator temperature,0.705,Evaporator fouling causing high evaporator temperature
Chiller,,,,0.337,
Chiller,Evaporator fouling causing high evaporator temperature,Evaporator fouling causing high evaporator temperature,Evaporator fouling causing high evaporator temperature,0.803,Evaporator fouling causing high evaporator temperature
Chiller,,,,0.269,
Chiller,Low coolant flow – possible pump blockage,Low coolant flow – possible pump blockage,Low coolant flow – possible pump blockage,0.8,Low coolant flow – possible pump blockage
Chiller,,,,0.829,
Chiller,,,,0.628,
Chiller,,,Sensor calibration issue,0.302,Sensor calibration issue
Chiller,,,,0.822,
Chiller,,,,0.251,
Chiller,Low coolant flow – possible pump blockage,Low coolant flow – possible pump blockage,Low coolant flow – possible pump blockage,0.804,Low coolant flow – possible pump blockage
Chiller,,,,0.77,
Chiller,,,,0.671,
Chiller,,,,0.824,
Chiller,,,,0.884,
Chiller,,,,0.863,
Chiller,,,,0.837,
Chiller,,,,0.812,
Chiller,,,,0.829,
Chiller,,,,0.86,
Chiller,,,,0.943,
Chiller,,,,0.759,
Chiller,,,,0.308,
Chiller,,,,0.816,
Chiller,Low coolant flow – possible pump blockage,Low coolant flow – possible pump blockage,Low coolant flow – possible pump blockage,0.876,Low coolant flow – possible pump blockage
Chiller,,,,0.762,
Chiller,,,,0.824,
Chiller,,,,0.937,
Chiller,Low coolant flow – possible pump blockage,Low coolant flow – possible pump blockage,Low coolant flow – possible pump blockage,0.933,Low coolant flow – possible pump blockage
Chiller,,,,0.63,
Chiller,,,,0.672,
Chiller,,,,0.788,
Chiller,Evaporator fouling causing high evaporator temperature,Evaporator fouling causing high evaporator temperature,Evaporator fouling causing high evaporator temperature,0.639,Evaporator fouling causing high evaporator temperature
Chiller,,,,0.853,
Chiller,Evaporator fouling causing high evaporator temperature,Evaporator fouling causing high evaporator temperature,Evaporator fouling causing high evaporator temperature,0.845,Evaporator fouling causing high evaporator temperature
Chiller,,,,0.752,
Chiller,,,,0.815,
Chiller,,,,0.855,
Chiller,,,,0.712,
Chiller,,,,0.849,
Chiller,,,,0.284,
Chiller,,,,0.671,
Chiller,,,,0.891,
Chiller,,,,0.791,
Chiller,Low coolant flow – possible pump blockage,Low coolant flow – possible pump blockage,Low coolant flow – possible pump blockage,0.922,Low coolant flow – possible pump blockage
Chiller,,,,0.772,
Chiller,,,,0.618,
Chiller,,,,0.777,
Chiller,,,Control system instability,0.38,Control system instability
Chiller,,,,0.646,
Chiller,,,,0.904,
Chiller,,,,0.734,
Chiller,,,,0.627,
Chiller,,,Sensor calibration issue,0.44,Sensor calibration issue
Chiller,Low coolant flow – possible pump blockage,Low coolant flow – possible pump blockage,Low coolant flow – possible pump blockage,0.809,Low coolant flow – possible pump blockage
Chiller,,,,0.667,
Chiller,,,,0.318,
Chiller,,,,0.884,
Chiller,,,,0.71,
Chiller,,,,0.833,
Chiller,,,,0.803,
Chiller,,,,0.332,
Chiller,Low coolant flow – possible pump blockage,Low coolant flow – possible pump blockage,Low coolant flow – possible pump blockage,0.919,Low coolant flow – possible pump blockage
Chiller,,,,0.252,
Chiller,,,,0.653,
Chiller,Low coolant flow – possible pump blockage,Low coolant flow – possible pump blockage,Low coolant flow – possible pump blockage,0.605,Low coolant flow – possible pump blockage
Chiller,,,,0.789,
Chiller,,,,0.659,
Chiller,Evaporator fouling causing high evaporator temperature,Evaporator fouling causing high evaporator temperature,Sensor calibration issue,0.461,Evaporator fouling causing high evaporator temperature
Chiller,,,General performance degradation,0.344,General performance degradation
Chiller,,,,0.855,
Chiller,,,,0.724,
Chiller,Low coolant flow – possible pump blockage,Low coolant flow – possible pump blockage,Low coolant flow – possible pump blockage,0.856,Low coolant flow – possible pump blockage
Chiller,,,,0.347,
Chiller,Low coolant flow – possible pump blockage,Low coolant flow – possible pump blockage,Low coolant flow – possible pump blockage,0.65,Low coolant flow – possible pump blockage
Chiller,,,,0.751,
Chiller,Low coolant flow – possible pump blockage,Low coolant flow – possible pump blockage,Low coolant flow – possible pump blockage,0.601,Low coolant flow – possible pump blockage
Chiller,,,,0.661,
Chiller,,,,0.722,
Chiller,,,,0.847,
Chiller,,,,0.834,
Chiller,Low coolant flow – possible pump blockage,Low coolant flow – possible pump blockage,Low coolant flow – possible pump blockage,0.82,Low coolant flow – possible pump blockage
Chiller,,,,0.917,
Chiller,,,,0.699,
Chiller,,,,0.821,
Chiller,Evaporator fouling causing high evaporator temperature,Evaporator fouling causing high evaporator temperature,Sensor calibration issue,0.365,Evaporator fouling causing high evaporator temperature
Chiller,Low coolant flow – possible pump blockage,Low coolant flow – possible pump blockage,Low coolant flow – possible pump blockage,0.603,Low coolant flow – possible pump blockage
Chiller,,,Control system instability,0.394,Control system instability
Chiller,Low coolant flow – possible pump blockage,Low coolant flow – possible pump blockage,,0.318,Low coolant flow – possible pump blockage
Chiller,Evaporator fouling causing high evaporator temperature,Evaporator fouling causing high evaporator temperature,Evaporator fouling causing high evaporator temperature,0.864,Evaporator fouling causing high evaporator temperature
Chiller,Evaporator fouling causing high evaporator temperature,Evaporator fouling causing high evaporator temperature,Evaporator fouling causing high evaporator temperature,0.806,Evaporator fouling causing high evaporator temperature
Chiller,,,,0.282,
Chiller,,,,0.927,
Chiller,,,,0.793,
Chiller,,,,0.758,
Chiller,,,,0.778,
Chiller,,,Control system instability,0.31,Control system instability
Chiller,,,,0.88,
Chiller,Low coolant flow – possible pump blockage,Low coolant flow – possible pump blockage,Low coolant flow – possible pump blockage,0.712,Low coolant flow – possible pump blockage
Chiller,Low coolant flow – possible pump blockage,Low coolant flow – possible pump blockage,Low coolant flow – possible pump blockage,0.854,Low coolant flow – possible pump blockage
Chiller,,,,0.84,
Chiller,,,,0.256,
Chiller,Evaporator fouling causing high evaporator temperature,Evaporator fouling causing high evaporator temperature,Evaporator fouling causing high evaporator temperature,0.617,Evaporator fouling causing high evaporator temperature
Chiller,,,,0.657,
Chiller,,,,0.833,
Chiller,,,,0.249,
Chiller,,,,0.751,
Chiller,,,Unexpected power fluctuation,0.303,Unexpected power fluctuation
Chiller,,,Unexpected power fluctuation,0.306,Unexpected power fluctuation
Chiller,,,,0.253,
Chiller,Low coolant flow – possible pump blockage,Low coolant flow – possible pump blockage,Low coolant flow – possible pump blockage,0.753,Low coolant flow – possible pump blockage
Chiller,,,,0.732,
Chiller,,,,0.317,
Chiller,,,,0.786,
Chiller,,,,0.63,
Chiller,,,,0.773,
Chiller,Evaporator fouling causing high evaporator temperature,Evaporator fouling causing high evaporator temperature,,0.333,Evaporator fouling causing high evaporator temperature
Chiller,,,,0.803,
Chiller,Low coolant flow – possible pump blockage,Low coolant flow – possible pump blockage,Low coolant flow – possible pump blockage,0.848,Low coolant flow – possible pump blockage
Chiller,,,,0.75,
Chiller,,,,0.771,
Chiller,,,General performance degradation,0.434,General performance degradation
Chiller,,,,0.637,
Chiller,,,,0.931,
Chiller,,,,0.932,
Chiller,,,,0.363,
Chiller,,,,0.802,
Chiller,,,,0.922,
Chiller,,,,0.637,
Chiller,,,,0.699,
Chiller,,,,0.779,
Chiller,,,,0.816,
Chiller,,,,0.843,
Chiller,Evaporator fouling causing high evaporator temperature,Evaporator fouling causing high evaporator temperature,Evaporator fouling causing high evaporator temperature,0.781,Evaporator fouling causing high evaporator temperature
Chiller,,,,0.733,
Chiller,,,,0.608,
Chiller,Low coolant flow – possible pump blockage,Low coolant flow – possible pump blockage,Low coolant flow – possible pump blockage,0.708,Low coolant flow – possible pump blockage
Chiller,,,,0.714,
Chiller,Low coolant flow – possible pump blockage,Low coolant flow – possible pump blockage,Low coolant flow – possible pump blockage,0.805,Low coolant flow – possible pump blockage
Chiller,,,,0.919,
Chiller,Evaporator fouling causing high evaporator temperature,Evaporator fouling causing high evaporator temperature,Evaporator fouling causing high evaporator temperature,0.863,Evaporator fouling causing high evaporator temperature
Chiller,Evaporator fouling causing high evaporator temperature,Evaporator fouling causing high evaporator temperature,Evaporator fouling causing high evaporator temperature,0.623,Evaporator fouling causing high evaporator temperature
Chiller,Evaporator fouling causing high evaporator temperature,Evaporator fouling causing high evaporator temperature,Evaporator fouling causing high evaporator temperature,0.663,Evaporator fouling causing high evaporator temperature
Chiller,Low coolant flow – possible pump blockage,Low coolant flow – possible pump blockage,Low coolant flow – possible pump blockage,0.897,Low coolant flow – possible pump blockage
Chiller,,,,0.665,
Chiller,,,,0.722,
Chiller,Low coolant flow – possible pump blockage,Low coolant flow – possible pump blockage,Low coolant flow – possible pump blockage,0.705,Low coolant flow – possible pump blockage
Chiller,,,,0.818,
Chiller,,,,0.759,
Chiller,Low coolant flow – possible pump blockage,Low coolant flow – possible pump blockage,Low coolant flow – possible pump blockage,0.852,Low coolant flow – possible pump blockage
Chiller,Low coolant flow – possible pump blockage,Low coolant flow – possible pump blockage,Low coolant flow – possible pump blockage,0.878,Low coolant flow – possible pump blockage
Chiller,,,,0.647,
Chiller,,,,0.851,
Chiller,,,,0.627,
Chiller,,,,0.656,
Chiller,,,,0.611,
Chiller,Low coolant flow – possible pump blockage,Low coolant flow – possible pump blockage,Low coolant flow – possible pump blockage,0.749,Low coolant flow – possible pump blockage
Chiller,,,,0.919,
Chiller,,,,0.914,
Chiller,,,,0.908,
Chiller,,,,0.688,
Chiller,,,,0.85,
Chiller,,,,0.926,
Chiller,Low coolant flow – possible pump blockage,Low coolant flow – possible pump blockage,,0.349,Low coolant flow – possible pump blockage
Chiller,Evaporator fouling causing high evaporator temperature,Evaporator fouling causing high evaporator temperature,Evaporator fouling causing high evaporator temperature,0.622,Evaporator fouling causing high evaporator temperature
Chiller,,,,0.908,
Chiller,,,,0.819,
Chiller,,,,0.854,
Chiller,,,General performance degradation,0.382,General performance degradation
Chiller,,,,0.246,
Chiller,,,Unexpected power fluctuation,0.38,Unexpected power fluctuation
Chiller,,,,0.817,
Chiller,Low coolant flow – possible pump blockage,Low coolant flow – possible pump blockage,Low coolant flow – possible pump blockage,0.915,Low coolant flow – possible pump blockage
Chiller,,,,0.808,
Chiller,,,,0.72,
Chiller,,,,0.695,
Chiller,,,,0.652,
Chiller,Low coolant flow – possible pump blockage,Low coolant flow – possible pump blockage,Low coolant flow – possible pump blockage,0.833,Low coolant flow – possible pump blockage
Chiller,,,General performance degradation,0.466,General performance degradation
Chiller,,,,0.821,
Chiller,,,,0.631,
Chiller,Low coolant flow – possible pump blockage,Low coolant flow – possible pump blockage,Low coolant flow – possible pump blockage,0.799,Low coolant flow – possible pump blockage
Chiller,,,,0.714,
Chiller,,,,0.828,
Chiller,,,,0.81,
Chiller,,,,0.696,
Chiller,,,,0.757,
Chiller,Evaporator fouling causing high evaporator temperature,Evaporator fouling causing high evaporator temperature,Evaporator fouling causing high evaporator temperature,0.785,Evaporator fouling causing high evaporator temperature
Chiller,,,,0.81,
Chiller,Low coolant flow – possible pump blockage,Low coolant flow – possible pump blockage,Low coolant flow – possible pump blockage,0.812,Low coolant flow – possible pump blockage
Chiller,,,,0.636,
Chiller,,,,0.771,
Chiller,,,,0.838,
Chiller,,,,0.852,
Chiller,,,,0.847,
Chiller,,,,0.846,
Chiller,,,,0.877,
Chiller,,,,0.681,
Chiller,Low coolant flow – possible pump blockage,Low coolant flow – possible pump blockage,Low coolant flow – possible pump blockage,0.828,Low coolant flow – possible pump blockage
Chiller,Low coolant flow – possible pump blockage,Low coolant flow – possible pump blockage,Low coolant flow – possible pump blockage,0.763,Low coolant flow – possible pump blockage
Chiller,,,,0.899,
Chiller,,,Control system instability,0.351,Control system instability
Chiller,Evaporator fouling causing high evaporator temperature,Evaporator fouling causing high evaporator temperature,Unexpected power fluctuation,0.462,Evaporator fouling causing high evaporator temperature
Chiller,Low coolant flow – possible pump blockage,Low coolant flow – possible pump blockage,Low coolant flow – possible pump blockage,0.937,Low coolant flow – possible pump blockage
Chiller,,,,0.924,
Chiller,,,,0.815,
Chiller,,,,0.604,
Chiller,Low coolant flow – possible pump blockage,Low coolant flow – possible pump blockage,Low coolant flow – possible pump blockage,0.902,Low coolant flow – possible pump blockage
Chiller,Low coolant flow – possible pump blockage,Low coolant flow – possible pump blockage,Low coolant flow – possible pump blockage,0.665,Low coolant flow – possible pump blockage
Chiller,,,,0.879,
Chiller,,,,0.819,
Chiller,,,,0.935,
Chiller,,,,0.648,
Chiller,Low coolant flow – possible pump blockage,Low coolant flow – possible pump blockage,Low coolant flow – possible pump blockage,0.895,Low coolant flow – possible pump blockage
Chiller,Evaporator fouling causing high evaporator temperature,Evaporator fouling causing high evaporator temperature,Evaporator fouling causing high evaporator temperature,0.932,Evaporator fouling causing high evaporator temperature
Chiller,,,,0.878,
Chiller,Low coolant flow – possible pump blockage,Low coolant flow – possible pump blockage,Low coolant flow – possible pump blockage,0.872,Low coolant flow – possible pump blockage
Chiller,,,,0.836,
Chiller,,,,0.292,
Chiller,Low coolant flow – possible pump blockage,Low coolant flow – possible pump blockage,Low coolant flow – possible pump blockage,0.69,Low coolant flow – possible pump blockage
Chiller,Low coolant flow – possible pump blockage,Low coolant flow – possible pump blockage,Low coolant flow – possible pump blockage,0.67,Low coolant flow – possible pump blockage
Chiller,,,,0.907,
Chiller,Low coolant flow – possible pump blockage,Low coolant flow – possible pump blockage,Low coolant flow – possible pump blockage,0.773,Low coolant flow – possible pump blockage
Chiller,,,,0.726,
Chiller,,,,0.845,
Chiller,,,,0.854,
Chiller,,,,0.723,
Chiller,,,,0.827,
Chiller,,,,0.787,
Chiller,,,,0.832,
Chiller,,,,0.622,
Chiller,,,,0.79,
Chiller,,,,0.702,
Chiller,,,,0.881,
Chiller,Low coolant flow – possible pump blockage,Low coolant flow – possible pump blockage,Low coolant flow – possible pump blockage,0.77,Low coolant flow – possible pump blockage
Chiller,,,,0.935,
Chiller,Low coolant flow – possible pump blockage,Low coolant flow – possible pump blockage,,0.33,Low coolant flow – possible pump blockage
Chiller,,,,0.733,
Chiller,Low coolant flow – possible pump blockage,Low coolant flow – possible pump blockage,Low coolant flow – possible pump blockage,0.945,Low coolant flow – possible pump blockage
Chiller,,,,0.719,
Chiller,,,General performance degradation,0.333,General performance degradation
Chiller,,,,0.709,
Chiller,Low coolant flow – possible pump blockage,Low coolant flow – possible pump blockage,,0.303,Low coolant flow – possible pump blockage
Chiller,,,,0.773,
Chiller,Low coolant flow – possible pump blockage,Low coolant flow – possible pump blockage,Low coolant flow – possible pump blockage,0.735,Low coolant flow – possible pump blockage
Chiller,Low coolant flow – possible pump blockage,Low coolant flow – possible pump blockage,Low coolant flow – possible pump blockage,0.841,Low coolant flow – possible pump blockage
Chiller,,,,0.782,
Chiller,,,,0.931,
Chiller,,,,0.697,
Chiller,,,,0.904,
Chiller,Evaporator fouling causing high evaporator temperature,Evaporator fouling causing high evaporator temperature,Evaporator fouling causing high evaporator temperature,0.654,Evaporator fouling causing high evaporator temperature
Chiller,,,,0.721,
Chiller,,,,0.921,
Chiller,,,,0.842,
Chiller,,,,0.927,
Chiller,Evaporator fouling causing high evaporator temperature,Evaporator fouling causing high evaporator temperature,Evaporator fouling causing high evaporator temperature,0.915,Evaporator fouling causing high evaporator temperature
Chiller,,,,0.729,
Chiller,,,,0.71,
Chiller,,,,0.334,
Chiller,,,,0.313,
Chiller,,,,0.835,
Chiller,,,,0.3,
Chiller,,,,0.702,
Chiller,,,,0.904,
Chiller,Evaporator fouling causing high evaporator temperature,Evaporator fouling causing high evaporator temperature,Evaporator fouling causing high evaporator temperature,0.65,Evaporator fouling causing high evaporator temperature
Chiller,,,,0.902,
Chiller,,,,0.666,
Chiller,,,,0.884,
Chiller,,,,0.732,
Chiller,,,,0.766,
Chiller,Low coolant flow – possible pump blockage,Low coolant flow – possible pump blockage,Low coolant flow – possible pump blockage,0.814,Low coolant flow – possible pump blockage
Chiller,,,,0.798,
Chiller,Low coolant flow – possible pump blockage,Low coolant flow – possible pump blockage,Low coolant flow – possible pump blockage,0.775,Low coolant flow – possible pump blockage
Chiller,,,,0.687,
Chiller,Low coolant flow – possible pump blockage,Low coolant flow – possible pump blockage,Low coolant flow – possible pump blockage,0.618,Low coolant flow – possible pump blockage
Chiller,,,,0.795,
Chiller,,,,0.816,
Chiller,,,,0.688,
Chiller,,,,0.901,
Chiller,Low coolant flow – possible pump blockage,Low coolant flow – possible pump blockage,Low coolant flow – possible pump blockage,0.838,Low coolant flow – possible pump blockage
Chiller,,,,0.631,
Chiller,,,,0.866,
Chiller,Low coolant flow – possible pump blockage,Low coolant flow – possible pump blockage,Low coolant flow – possible pump blockage,0.726,Low coolant flow – possible pump blockage
Chiller,,,,0.89,
Chiller,,,,0.874,
Chiller,,,,0.667,
Chiller,,,,0.245,
Chiller,,,,0.849,
Chiller,Low coolant flow – possible pump blockage,Low coolant flow – possible pump blockage,,0.291,Low coolant flow – possible pump blockage
Chiller,Low coolant flow – possible pump blockage,Low coolant flow – possible pump blockage,Low coolant flow – possible pump blockage,0.9,Low coolant flow – possible pump blockage
Chiller,,,,0.807,
Chiller,,,,0.312,
Chiller,,,,0.699,
Chiller,,,,0.616,
Chiller,Evaporator fouling causing high evaporator temperature,Evaporator fouling causing high evaporator temperature,Evaporator fouling causing high evaporator temperature,0.862,Evaporator fouling causing high evaporator temperature
Chiller,,,,0.857,
Chiller,,,,0.811,
Chiller,,,,0.902,
Chiller,,,,0.657,
Chiller,,,Control system instability,0.463,Control system instability
Chiller,,,,0.821,
Chiller,Evaporator fouling causing high evaporator temperature,Evaporator fouling causing high evaporator temperature,Evaporator fouling causing high evaporator temperature,0.696,Evaporator fouling causing high evaporator temperature
Chiller,,,,0.661,
Chiller,,,,0.321,
Chiller,,,,0.362,
Chiller,Evaporator fouling causing high evaporator temperature,Evaporator fouling causing high evaporator temperature,Evaporator fouling causing high evaporator temperature,0.687,Evaporator fouling causing high evaporator temperature
Chiller,,,,0.931,
Chiller,,,,0.673,
Chiller,,,,0.72,
Chiller,,,,0.771,
Chiller,Low coolant flow – possible pump blockage,Low coolant flow – possible pump blockage,Low coolant flow – possible pump blockage,0.768,Low coolant flow – possible pump blockage
Chiller,,,,0.931,
Chiller,,,,0.661,
Chiller,,,Sensor calibration issue,0.402,Sensor calibration issue
Chiller,,,,0.936,
Chiller,,,,0.937,
Chiller,,,,0.654,
Chiller,Evaporator fouling causing high evaporator temperature,Evaporator fouling causing high evaporator temperature,Sensor calibration issue,0.452,Evaporator fouling causing high evaporator temperature
Chiller,,,,0.606,
Chiller,,,,0.852,
Chiller,,,,0.869,
Chiller,Low coolant flow – possible pump blockage,Low coolant flow – possible pump blockage,Low coolant flow – possible pump blockage,0.635,Low coolant flow – possible pump blockage
Chiller,Low coolant flow – possible pump blockage,Low coolant flow – possible pump blockage,Low coolant flow – possible pump blockage,0.802,Low coolant flow – possible pump blockage
Chiller,,,,0.851,
Chiller,,,,0.92,
Chiller,Evaporator fouling causing high evaporator temperature,Evaporator fouling causing high evaporator temperature,Evaporator fouling causing high evaporator temperature,0.875,Evaporator fouling causing high evaporator temperature
Chiller,,,,0.664,
Chiller,,,,0.703,
Chiller,Low coolant flow – possible pump blockage,Low coolant flow – possible pump blockage,Low coolant flow – possible pump blockage,0.725,Low coolant flow – possible pump blockage
Chiller,Evaporator fouling causing high evaporator temperature,Evaporator fouling causing high evaporator temperature,Evaporator fouling causing high evaporator temperature,0.888,Evaporator fouling causing high evaporator temperature
Chiller,,,,0.719,
Chiller,,,,0.806,
Chiller,Low coolant flow – possible pump blockage,Low coolant flow – possible pump blockage,Low coolant flow – possible pump blockage,0.825,Low coolant flow – possible pump blockage
Chiller,,,,0.923,
Chiller,,,,0.604,
Chiller,Evaporator fouling causing high evaporator temperature,Evaporator fouling causing high evaporator temperature,Evaporator fouling causing high evaporator temperature,0.605,Evaporator fouling causing high evaporator temperature
Chiller,,,,0.866,
Chiller,,,,0.866,
Chiller,,,,0.789,
Chiller,Evaporator fouling causing high evaporator temperature,Evaporator fouling causing high evaporator temperature,Evaporator fouling causing high evaporator temperature,0.77,Evaporator fouling causing high evaporator temperature
Chiller,,,,0.943,
Chiller,,,,0.798,
Chiller,Low coolant flow – possible pump blockage,Low coolant flow – possible pump blockage,Low coolant flow – possible pump blockage,0.911,Low coolant flow – possible pump blockage
Chiller,,,,0.294,
Chiller,Low coolant flow – possible pump blockage,Low coolant flow – possible pump blockage,Low coolant flow – possible pump blockage,0.699,Low coolant flow – possible pump blockage
Chiller,Evaporator fouling causing high evaporator temperature,Evaporator fouling causing high evaporator temperature,Evaporator fouling causing high evaporator temperature,0.759,Evaporator fouling causing high evaporator temperature
Chiller,,,,0.284,
Chiller,Evaporator fouling causing high evaporator temperature,Low coolant flow – possible pump blockage,Evaporator fouling causing high evaporator temperature,0.734,Low coolant flow – possible pump blockage
Chiller,,,,0.357,
Chiller,,,,0.843,
Chiller,Evaporator fouling causing high evaporator temperature,Evaporator fouling causing high evaporator temperature,Evaporator fouling causing high evaporator temperature,0.931,Evaporator fouling causing high evaporator temperature
Chiller,,,,0.815,
Chiller,,,,0.631,
Chiller,Low coolant flow – possible pump blockage,Low coolant flow – possible pump blockage,Low coolant flow – possible pump blockage,0.873,Low coolant flow – possible pump blockage
Chiller,,,,0.761,
Chiller,,,,0.865,
Chiller,Low coolant flow – possible pump blockage,Low coolant flow – possible pump blockage,Low coolant flow – possible pump blockage,0.948,Low coolant flow – possible pump blockage
Chiller,,,,0.929,
Chiller,,,,0.811,
Chiller,Evaporator fouling causing high evaporator temperature,Evaporator fouling causing high evaporator temperature,Evaporator fouling causing high evaporator temperature,0.877,Evaporator fouling causing high evaporator temperature
Chiller,Evaporator fouling causing high evaporator temperature,Evaporator fouling causing high evaporator temperature,Evaporator fouling causing high evaporator temperature,0.822,Evaporator fouling causing high evaporator temperature
Chiller,,,,0.723,
Chiller,,,,0.795,
Chiller,,,,0.876,
Chiller,,,,0.372,
Chiller,,,,0.358,
Chiller,Low coolant flow – possible pump blockage,Low coolant flow – possible pump blockage,Low coolant flow – possible pump blockage,0.807,Low coolant flow – possible pump blockage
Chiller,,,,0.665,
Chiller,Low coolant flow – possible pump blockage,Low coolant flow – possible pump blockage,,0.273,Low coolant flow – possible pump blockage
Chiller,,,,0.863,
Chiller,Low coolant flow – possible pump blockage,Low coolant flow – possible pump blockage,Low coolant flow – possible pump blockage,0.671,Low coolant flow – possible pump blockage
Chiller,,,,0.87,
Chiller,Evaporator fouling causing high evaporator temperature,Evaporator fouling causing high evaporator temperature,Evaporator fouling causing high evaporator temperature,0.654,Evaporator fouling causing high evaporator temperature
Chiller,Low coolant flow – possible pump blockage,Low coolant flow – possible pump blockage,Low coolant flow – possible pump blockage,0.704,Low coolant flow – possible pump blockage
Chiller,,,,0.374,
Chiller,Low coolant flow – possible pump blockage,Low coolant flow – possible pump blockage,Low coolant flow – possible pump blockage,0.91,Low coolant flow – possible pump blockage
Chiller,,,,0.79,
Chiller,,,,0.795,
Chiller,Low coolant flow – possible pump blockage,Low coolant flow – possible pump blockage,,0.258,Low coolant flow – possible pump blockage
Chiller,,,,0.755,
Chiller,,,,0.857,
Chiller,,,Control system instability,0.465,Control system instability
Chiller,,,,0.729,
Chiller,,,,0.867,
Chiller,,,,0.73,
Chiller,Evaporator fouling causing high evaporator temperature,Evaporator fouling causing high evaporator temperature,Evaporator fouling causing high evaporator temperature,0.785,Evaporator fouling causing high evaporator temperature
Chiller,,,,0.853,
Chiller,,,,0.79,
Chiller,,,,0.761,
Chiller,,,,0.877,
Chiller,Low coolant flow – possible pump blockage,Low coolant flow – possible pump blockage,Low coolant flow – possible pump blockage,0.642,Low coolant flow – possible pump blockage
Chiller,,Low coolant flow – possible pump blockage,,0.741,Low coolant flow – possible pump blockage
Chiller,Low coolant flow – possible pump blockage,Low coolant flow – possible pump blockage,,0.372,Low coolant flow – possible pump blockage
Chiller,,,,0.875,
Chiller,,,,0.643,
Chiller,,,,0.611,
Chiller,,,,0.778,
Chiller,Evaporator fouling causing high evaporator temperature,Evaporator fouling causing high evaporator temperature,Evaporator fouling causing high evaporator temperature,0.675,Evaporator fouling causing high evaporator temperature
Chiller,,,,0.248,
Chiller,Low coolant flow – possible pump blockage,Low coolant flow – possible pump blockage,Low coolant flow – possible pump blockage,0.854,Low coolant flow – possible pump blockage
Chiller,,,,0.847,
Chiller,,,,0.801,
Chiller,Evaporator fouling causing high evaporator temperature,Evaporator fouling causing high evaporator temperature,Evaporator fouling causing high evaporator temperature,0.874,Evaporator fouling causing high evaporator temperature
Chiller,,,,0.835,
Chiller,Low coolant flow – possible pump blockage,Low coolant flow – possible pump blockage,Low coolant flow – possible pump blockage,0.82,Low coolant flow – possible pump blockage
Chiller,,,,0.706,
Chiller,Low coolant flow – possible pump blockage,Low coolant flow – possible pump blockage,Low coolant flow – possible pump blockage,0.941,Low coolant flow – possible pump blockage
Chiller,,,,0.763,
Chiller,,,,0.625,
Chiller,,,,0.779,
Chiller,,,,0.933,
Chiller,,,,0.639,
Chiller,,,,0.713,
Chiller,,,,0.703,
Chiller,,,,0.805,
Chiller,,,,0.267,
Chiller,,Low coolant flow – possible pump blockage,,0.893,Low coolant flow – possible pump blockage
Chiller,,,,0.757,
Chiller,,,,0.611,
Chiller,,,,0.828,
Chiller,,,,0.613,
Chiller,,,,0.291,
Chiller,Low coolant flow – possible pump blockage,Low coolant flow – possible pump blockage,Low coolant flow – possible pump blockage,0.78,Low coolant flow – possible pump blockage
Chiller,,,,0.716,
Chiller,,,,0.762,
Chiller,Low coolant flow – possible pump blockage,Low coolant flow – possible pump blockage,Low coolant flow – possible pump blockage,0.712,Low coolant flow – possible pump blockage
Chiller,,,,0.717,
Chiller,,,,0.749,
Chiller,,,,0.704,
Chiller,,,General performance degradation,0.362,General performance degradation
Chiller,,,,0.605,
Chiller,,,,0.947,
Chiller,,,,0.838,
Chiller,,,,0.76,
Chiller,,,,0.736,
Chiller,,,,0.705,
Chiller,,,,0.647,
Chiller,Low coolant flow – possible pump blockage,Low coolant flow – possible pump blockage,Low coolant flow – possible pump blockage,0.603,Low coolant flow – possible pump blockage
Chiller,Low coolant flow – possible pump blockage,Low coolant flow – possible pump blockage,Low coolant flow – possible pump blockage,0.783,Low coolant flow – possible pump blockage
Chiller,Low coolant flow – possible pump blockage,Low coolant flow – possible pump blockage,Low coolant flow – possible pump blockage,0.804,Low coolant flow – possible pump blockage
Chiller,,,,0.623,
Chiller,,,,0.645,
Chiller,,,,0.938,
Chiller,,,,0.861,
Chiller,,,,0.916,
Chiller,,,,0.799,
Chiller,Low coolant flow – possible pump blockage,Low coolant flow – possible pump blockage,Control system instability,0.381,Low coolant flow – possible pump blockage
Chiller,Evaporator fouling causing high evaporator temperature,Evaporator fouling causing high evaporator temperature,Evaporator fouling causing high evaporator temperature,0.927,Evaporator fouling causing high evaporator temperature
Chiller,,,,0.943,
Chiller,,,,0.937,
Chiller,,,,0.85,
Chiller,,,,0.626,
Chiller,,,,0.86,
Chiller,,,,0.748,
Chiller,,,,0.604,
Chiller,,,,0.746,
Chiller,,,,0.855,
Chiller,,,,0.606,
Chiller,,,,0.704,
Chiller,Low coolant flow – possible pump blockage,Low coolant flow – possible pump blockage,,0.267,Low coolant flow – possible pump blockage
Chiller,Low coolant flow – possible pump blockage,Low coolant flow – possible pump blockage,Low coolant flow – possible pump blockage,0.783,Low coolant flow – possible pump blockage
Chiller,Low coolant flow – possible pump blockage,Low coolant flow – possible pump blockage,Low coolant flow – possible pump blockage,0.693,Low coolant flow – possible pump blockage
Chiller,,,,0.713,
Chiller,,,,0.258,
Chiller,,,Control system instability,0.428,Control system instability
Chiller,,,,0.37,
Chiller,,,,0.935,
Chiller,,,,0.824,
Chiller,Evaporator fouling causing high evaporator temperature,Evaporator fouling causing high evaporator temperature,Evaporator fouling causing high evaporator temperature,0.706,Evaporator fouling causing high evaporator temperature
Chiller,,,,0.851,
Chiller,,,,0.921,
Chiller,Evaporator fouling causing high evaporator temperature,Evaporator fouling causing high evaporator temperature,Evaporator fouling causing high evaporator temperature,0.621,Evaporator fouling causing high evaporator temperature
Chiller,Low coolant flow – possible pump blockage,,Low coolant flow – possible pump blockage,0.897,Low coolant flow – possible pump blockage
Chiller,,,,0.653,
Chiller,Low coolant flow – possible pump blockage,Low coolant flow – possible pump blockage,,0.328,Low coolant flow – possible pump blockage
Chiller,,,,0.837,
Chiller,,,,0.847,
Chiller,Evaporator fouling causing high evaporator temperature,Evaporator fouling causing high evaporator temperature,Evaporator fouling causing high evaporator temperature,0.606,Evaporator fouling causing high evaporator temperature
Chiller,,,,0.768,
Chiller,,,,0.77,
Chiller,,,,0.66,
Chiller,,,,0.786,
Chiller,Evaporator fouling causing high evaporator temperature,Evaporator fouling causing high evaporator temperature,Evaporator fouling causing high evaporator temperature,0.851,Evaporator fouling causing high evaporator temperature
Chiller,,,,0.708,
Chiller,,,,0.724,
Chiller,,,,0.78,
Chiller,,,,0.877,
Chiller,,,,0.314,
Chiller,,,,0.793,
Chiller,,,,0.87,
Chiller,,,,0.907,
Chiller,Evaporator fouling causing high evaporator temperature,Evaporator fouling causing high evaporator temperature,Evaporator fouling causing high evaporator temperature,0.874,Evaporator fouling causing high evaporator temperature
Chiller,,,,0.786,
Chiller,,,,0.763,
Chiller,Evaporator fouling causing high evaporator temperature,Evaporator fouling causing high evaporator temperature,Evaporator fouling causing high evaporator temperature,0.797,Evaporator fouling causing high evaporator temperature
Chiller,,,,0.813,
Chiller,,,,0.351,
Chiller,,,,0.885,
Chiller,Low coolant flow – possible pump blockage,Low coolant flow – possible pump blockage,,0.374,Low coolant flow – possible pump blockage
Chiller,,,,0.803,
Chiller,,,,0.757,
Chiller,,,,0.67,
Chiller,,,,0.699,
Chiller,Low coolant flow – possible pump blockage,Low coolant flow – possible pump blockage,Low coolant flow – possible pump blockage,0.639,Low coolant flow – possible pump blockage
Chiller,Low coolant flow – possible pump blockage,Low coolant flow – possible pump blockage,Low coolant flow – possible pump blockage,0.836,Low coolant flow – possible pump blockage
Chiller,Low coolant flow – possible pump blockage,Low coolant flow – possible pump blockage,Low coolant flow – possible pump blockage,0.873,Low coolant flow – possible pump blockage
Chiller,Low coolant flow – possible pump blockage,Low coolant flow – possible pump blockage,Low coolant flow – possible pump blockage,0.661,Low coolant flow – possible pump blockage
Chiller,,,,0.932,
Chiller,,,,0.947,
Chiller,Low coolant flow – possible pump blockage,Low coolant flow – possible pump blockage,,0.347,Low coolant flow – possible pump blockage
Chiller,,,,0.863,
Chiller,,,,0.797,
Chiller,,,Sensor calibration issue,0.471,Sensor calibration issue
Chiller,,,,0.797,
Chiller,,,,0.716,
Chiller,Low coolant flow – possible pump blockage,Low coolant flow – possible pump blockage,Low coolant flow – possible pump blockage,0.866,Low coolant flow – possible pump blockage
Chiller,,,,0.76,
Chiller,,,,0.697,
Chiller,,,,0.65,
Chiller,,,,0.687,
Chiller,,,,0.795,
Chiller,,,,0.828,
Chiller,Low coolant flow – possible pump blockage,Low coolant flow – possible pump blockage,Low coolant flow – possible pump blockage,0.665,Low coolant flow – possible pump blockage
Chiller,,,,0.923,
Chiller,,,,0.603,
Chiller,Evaporator fouling causing high evaporator temperature,Evaporator fouling causing high evaporator temperature,,0.346,Evaporator fouling causing high evaporator temperature
Chiller,,,,0.639,
Chiller,,,,0.87,
Chiller,,,,0.949,
Chiller,,,,0.823,
Chiller,Evaporator fouling causing high evaporator temperature,Evaporator fouling causing high evaporator temperature,Evaporator fouling causing high evaporator temperature,0.62,Evaporator fouling causing high evaporator temperature
Chiller,,,,0.883,
Chiller,,,Unexpected power fluctuation,0.322,Unexpected power fluctuation
Chiller,,,,0.661,
Chiller,,,Unexpected power fluctuation,0.405,Unexpected power fluctuation
Chiller,Low coolant flow – possible pump blockage,Low coolant flow – possible pump blockage,Low coolant flow – possible pump blockage,0.697,Low coolant flow – possible pump blockage
Chiller,Low coolant flow – possible pump blockage,Low coolant flow – possible pump blockage,Low coolant flow – possible pump blockage,0.944,Low coolant flow – possible pump blockage
Chiller,,,,0.884,
Chiller,,,,0.255,
Chiller,Evaporator fouling causing high evaporator temperature,Evaporator fouling causing high evaporator temperature,Evaporator fouling causing high evaporator temperature,0.719,Evaporator fouling causing high evaporator temperature
Chiller,,,,0.636,
Chiller,,,Unexpected power fluctuation,0.312,Unexpected power fluctuation
Chiller,,,,0.746,
Chiller,,,,0.243,
Chiller,Low coolant flow – possible pump blockage,Low coolant flow – possible pump blockage,Low coolant flow – possible pump blockage,0.657,Low coolant flow – possible pump blockage
Chiller,,,,0.679,
Chiller,,,,0.743,
Chiller,,,,0.882,
Chiller,,,,0.862,
Chiller,,,,0.294,
Chiller,,,Control system instability,0.437,Control system instability
Chiller,,,,0.9,
Chiller,,,,0.768,
Chiller,,,,0.873,
Chiller,Low coolant flow – possible pump blockage,Low coolant flow – possible pump blockage,Low coolant flow – possible pump blockage,0.758,Low coolant flow – possible pump blockage
Chiller,Evaporator fouling causing high evaporator temperature,Low coolant flow – possible pump blockage,Evaporator fouling causing high evaporator temperature,0.73,Low coolant flow – possible pump blockage
Chiller,,,,0.802,
Chiller,,,,0.686,
Chiller,Low coolant flow – possible pump blockage,Low coolant flow – possible pump blockage,Low coolant flow – possible pump blockage,0.735,Low coolant flow – possible pump blockage
Chiller,,,,0.711,
Chiller,,,,0.612,
Chiller,,,,0.702,
Chiller,Low coolant flow – possible pump blockage,,Low coolant flow – possible pump blockage,0.684,Low coolant flow – possible pump blockage
Chiller,,,,0.681,
Chiller,,,,0.609,
Chiller,,,,0.778,
Chiller,,,,0.758,
Chiller,,,,0.846,
Chiller,,,,0.942,
Chiller,,,,0.87,
Chiller,,,,0.912,
Chiller,,,,0.325,
Chiller,,,General performance degradation,0.466,General performance degradation
Chiller,Low coolant flow – possible pump blockage,Low coolant flow – possible pump blockage,Low coolant flow – possible pump blockage,0.635,Low coolant flow – possible pump blockage
Chiller,Low coolant flow – possible pump blockage,Low coolant flow – possible pump blockage,Low coolant flow – possible pump blockage,0.916,Low coolant flow – possible pump blockage
Chiller,Evaporator fouling causing high evaporator temperature,Evaporator fouling causing high evaporator temperature,Evaporator fouling causing high evaporator temperature,0.652,Evaporator fouling causing high evaporator temperature
Chiller,,,,0.829,
Chiller,,,,0.628,
Chiller,,,,0.943,
Chiller,,,,0.776,
Chiller,,,,0.797,
Chiller,,,,0.816,
Chiller,,,,0.7,
Chiller,,,Unexpected power fluctuation,0.465,Unexpected power fluctuation
Chiller,,,,0.944,
Chiller,,,,0.71,
Chiller,,,,0.876,
Chiller,Evaporator fouling causing high evaporator temperature,Evaporator fouling causing high evaporator temperature,Evaporator fouling causing high evaporator temperature,0.695,Evaporator fouling causing high evaporator temperature
Chiller,,,,0.772,
Chiller,Low coolant flow – possible pump blockage,Low coolant flow – possible pump blockage,Low coolant flow – possible pump blockage,0.688,Low coolant flow – possible pump blockage
Chiller,Evaporator fouling causing high evaporator temperature,Evaporator fouling causing high evaporator temperature,Evaporator fouling causing high evaporator temperature,0.949,Evaporator fouling causing high evaporator temperature
Chiller,Low coolant flow – possible pump blockage,Low coolant flow – possible pump blockage,Low coolant flow – possible pump blockage,0.61,Low coolant flow – possible pump blockage
Chiller,,,,0.848,
Chiller,,,,0.876,
Chiller,,,,0.751,
Chiller,Evaporator fouling causing high evaporator temperature,Evaporator fouling causing high evaporator temperature,Unexpected power fluctuation,0.465,Evaporator fouling causing high evaporator temperature
Chiller,,,,0.867,
Chiller,,,,0.636,
Chiller,,,,0.246,
Chiller,,,,0.916,
Chiller,Evaporator fouling causing high evaporator temperature,Evaporator fouling causing high evaporator temperature,Evaporator fouling causing high evaporator temperature,0.944,Evaporator fouling causing high evaporator temperature
Chiller,Evaporator fouling causing high evaporator temperature,Evaporator fouling causing high evaporator temperature,Evaporator fouling causing high evaporator temperature,0.892,Evaporator fouling causing high evaporator temperature
Chiller,,,,0.738,
Chiller,,,,0.813,
Chiller,,,,0.327,
Chiller,Low coolant flow – possible pump blockage,Low coolant flow – possible pump blockage,Low coolant flow – possible pump blockage,0.858,Low coolant flow – possible pump blockage
Chiller,,,,0.88,
Chiller,,,General performance degradation,0.408,General performance degradation
Chiller,Low coolant flow – possible pump blockage,Low coolant flow – possible pump blockage,,0.257,Low coolant flow – possible pump blockage
Chiller,Evaporator fouling causing high evaporator temperature,Evaporator fouling causing high evaporator temperature,Evaporator fouling causing high evaporator temperature,0.939,Evaporator fouling causing high evaporator temperature
Chiller,Low coolant flow – possible pump blockage,Low coolant flow – possible pump blockage,Low coolant flow – possible pump blockage,0.659,Low coolant flow – possible pump blockage
Chiller,,,,0.813,
Chiller,,,,0.767,
Chiller,Low coolant flow – possible pump blockage,Low coolant flow – possible pump blockage,Low coolant flow – possible pump blockage,0.785,Low coolant flow – possible pump blockage
Chiller,Low coolant flow – possible pump blockage,Low coolant flow – possible pump blockage,Low coolant flow – possible pump blockage,0.808,Low coolant flow – possible pump blockage
Chiller,Evaporator fouling causing high evaporator temperature,Evaporator fouling causing high evaporator temperature,,0.316,Evaporator fouling causing high evaporator temperature
Chiller,,,,0.711,
Chiller,,,,0.624,
Chiller,Evaporator fouling causing high evaporator temperature,Evaporator fouling causing high evaporator temperature,Evaporator fouling causing high evaporator temperature,0.77,Evaporator fouling causing high evaporator temperature
Chiller,,,,0.85,
Chiller,,,,0.746,
Chiller,Low coolant flow – possible pump blockage,Low coolant flow – possible pump blockage,Low coolant flow – possible pump blockage,0.875,Low coolant flow – possible pump blockage
Chiller,,,,0.87,
Chiller,,,,0.789,
Chiller,Evaporator fouling causing high evaporator temperature,Evaporator fouling causing high evaporator temperature,Evaporator fouling causing high evaporator temperature,0.878,Evaporator fouling causing high evaporator temperature
Chiller,,,,0.845,
Chiller,Low coolant flow – possible pump blockage,Evaporator fouling causing high evaporator temperature,,0.268,Evaporator fouling causing high evaporator temperature
Chiller,Low coolant flow – possible pump blockage,Low coolant flow – possible pump blockage,Control system instability,0.411,Low coolant flow – possible pump blockage
Chiller,,,,0.732,
Chiller,,,,0.853,
Chiller,Evaporator fouling causing high evaporator temperature,,Evaporator fouling causing high evaporator temperature,0.851,Evaporator fouling causing high evaporator temperature
Chiller,,,,0.664,
Chiller,,,,0.744,
Chiller,Evaporator fouling causing high evaporator temperature,,Evaporator fouling causing high evaporator temperature,0.808,Evaporator fouling causing high evaporator temperature
Chiller,Low coolant flow – possible pump blockage,Low coolant flow – possible pump blockage,Low coolant flow – possible pump blockage,0.692,Low coolant flow – possible pump blockage
Chiller,,,,0.72,
Chiller,,,,0.716,
Chiller,,,,0.758,
Chiller,Low coolant flow – possible pump blockage,,Low coolant flow – possible pump blockage,0.673,Low coolant flow – possible pump blockage
Chiller,,,,0.62,
Chiller,Evaporator fouling causing high evaporator temperature,Evaporator fouling causing high evaporator temperature,Evaporator fouling causing high evaporator temperature,0.929,Evaporator fouling causing high evaporator temperature
Chiller,,,,0.893,
Chiller,,,,0.829,
Chiller,,,,0.691,
Chiller,Low coolant flow – possible pump blockage,Low coolant flow – possible pump blockage,Low coolant flow – possible pump blockage,0.753,Low coolant flow – possible pump blockage
Chiller,,,,0.797,
Chiller,,,,0.907,
Chiller,Low coolant flow – possible pump blockage,Low coolant flow – possible pump blockage,Low coolant flow – possible pump blockage,0.859,Low coolant flow – possible pump blockage
Chiller,,,,0.628,
Chiller,,,,0.622,
Chiller,Evaporator fouling causing high evaporator temperature,Evaporator fouling causing high evaporator temperature,Evaporator fouling causing high evaporator temperature,0.705,Evaporator fouling causing high evaporator temperature
Chiller,,,,0.934,
Chiller,,Low coolant flow – possible pump blockage,,0.664,Low coolant flow – possible pump blockage
Chiller,,,,0.853,
Chiller,,,,0.737,
Chiller,,,,0.707,
Chiller,,,,0.866,
Chiller,Low coolant flow – possible pump blockage,Low coolant flow – possible pump blockage,Low coolant flow – possible pump blockage,0.645,Low coolant flow – possible pump blockage
Chiller,,,,0.369,
Chiller,,,,0.728,
Chiller,,,,0.616,
Chiller,Low coolant flow – possible pump blockage,Low coolant flow – possible pump blockage,Low coolant flow – possible pump blockage,0.715,Low coolant flow – possible pump blockage
Chiller,,,,0.674,
Chiller,,,,0.715,
Chiller,,,,0.71,
Chiller,,,,0.889,
Chiller,Low coolant flow – possible pump blockage,Low coolant flow – possible pump blockage,Low coolant flow – possible pump blockage,0.82,Low coolant flow – possible pump blockage
Chiller,,,,0.947,
Chiller,,,,0.734,
Chiller,,,,0.269,
Chiller,Low coolant flow – possible pump blockage,Low coolant flow – possible pump blockage,Sensor calibration issue,0.32,Low coolant flow – possible pump blockage
Chiller,,,,0.332,
Chiller,,,,0.61,
Chiller,,,,0.744,
Chiller,,,,0.836,
Chiller,,,General performance degradation,0.332,General performance degradation
Chiller,,,,0.643,
Chiller,Low coolant flow – possible pump blockage,Low coolant flow – possible pump blockage,Low coolant flow – possible pump blockage,0.681,Low coolant flow – possible pump blockage
Chiller,,,,0.919,
Chiller,,,,0.94,
Chiller,,,,0.699,
Chiller,,,,0.92,
Chiller,Low coolant flow – possible pump blockage,Low coolant flow – possible pump blockage,Low coolant flow – possible pump blockage,0.911,Low coolant flow – possible pump blockage
Chiller,Low coolant flow – possible pump blockage,Low coolant flow – possible pump blockage,Low coolant flow – possible pump blockage,0.637,Low coolant flow – possible pump blockage
Chiller,,,,0.859,
Chiller,Low coolant flow – possible pump blockage,Low coolant flow – possible pump blockage,,0.329,Low coolant flow – possible pump blockage
Chiller,,,,0.902,
Chiller,,,,0.835,
Chiller,,,,0.243,
Chiller,Low coolant flow – possible pump blockage,Low coolant flow – possible pump blockage,,0.292,Low coolant flow – possible pump blockage
Chiller,,,,0.911,
Chiller,Low coolant flow – possible pump blockage,Low coolant flow – possible pump blockage,Low coolant flow – possible pump blockage,0.708,Low coolant flow – possible pump blockage
Chiller,Evaporator fouling causing high evaporator temperature,Evaporator fouling causing high evaporator temperature,Evaporator fouling causing high evaporator temperature,0.829,Evaporator fouling causing high evaporator temperature
Chiller,,,,0.769,
Chiller,,,,0.9,
Chiller,Low coolant flow – possible pump blockage,Low coolant flow – possible pump blockage,Low coolant flow – possible pump blockage,0.825,Low coolant flow – possible pump blockage
Chiller,,,,0.779,
Chiller,,,,0.676,
Chiller,,,,0.906,
Chiller,,,,0.751,
Chiller,Evaporator fouling causing high evaporator temperature,Evaporator fouling causing high evaporator temperature,Evaporator fouling causing high evaporator temperature,0.779,Evaporator fouling causing high evaporator temperature
Chiller,,,,0.76,
Chiller,,,,0.794,
Chiller,Low coolant flow – possible pump blockage,Low coolant flow – possible pump blockage,Low coolant flow – possible pump blockage,0.753,Low coolant flow – possible pump blockage
Chiller,,,,0.744,
Chiller,,,,0.625,
Chiller,Low coolant flow – possible pump blockage,Low coolant flow – possible pump blockage,Low coolant flow – possible pump blockage,0.738,Low coolant flow – possible pump blockage
Chiller,,,,0.934,
Chiller,,,,0.696,
Chiller,,,General performance degradation,0.447,General performance degradation
Chiller,,,,0.745,
Chiller,,,,0.902,
Chiller,,,,0.856,
Chiller,Low coolant flow – possible pump blockage,Low coolant flow – possible pump blockage,Low coolant flow – possible pump blockage,0.728,Low coolant flow – possible pump blockage
Chiller,,,,0.771,
Chiller,,,,0.729,
Chiller,Low coolant flow – possible pump blockage,Low coolant flow – possible pump blockage,Low coolant flow – possible pump blockage,0.677,Low coolant flow – possible pump blockage
Chiller,,,,0.64,
Chiller,,,,0.872,
Chiller,,,,0.677,
Chiller,,,Unexpected power fluctuation,0.321,Unexpected power fluctuation
Chiller,,,,0.619,
Chiller,Low coolant flow – possible pump blockage,Low coolant flow – possible pump blockage,Low coolant flow – possible pump blockage,0.885,Low coolant flow – possible pump blockage
Chiller,,,,0.927,
Chiller,,,,0.651,
Chiller,,,,0.791,
Chiller,,,,0.908,
Chiller,Low coolant flow – possible pump blockage,Low coolant flow – possible pump blockage,Low coolant flow – possible pump blockage,0.677,Low coolant flow – possible pump blockage
Chiller,,,,0.766,
Chiller,Low coolant flow – possible pump blockage,Low coolant flow – possible pump blockage,Low coolant flow – possible pump blockage,0.879,Low coolant flow – possible pump blockage
Chiller,,,,0.873,
Chiller,,,,0.837,
Chiller,Low coolant flow – possible pump blockage,Low coolant flow – possible pump blockage,Low coolant flow – possible pump blockage,0.828,Low coolant flow – possible pump blockage
Chiller,,,,0.896,
Chiller,,,,0.641,
Chiller,Low coolant flow – possible pump blockage,Low coolant flow – possible pump blockage,Low coolant flow – possible pump blockage,0.852,Low coolant flow – possible pump blockage
Chiller,,,,0.722,
Chiller,Evaporator fouling causing high evaporator temperature,Evaporator fouling causing high evaporator temperature,Evaporator fouling causing high evaporator temperature,0.756,Evaporator fouling causing high evaporator temperature
Chiller,,,,0.729,
Chiller,,,,0.623,
Chiller,,,,0.607,
Chiller,,,,0.742,
Chiller,,,,0.866,
Chiller,Low coolant flow – possible pump blockage,Low coolant flow – possible pump blockage,Low coolant flow – possible pump blockage,0.88,Low coolant flow – possible pump blockage
Chiller,,,,0.797,
Chiller,Low coolant flow – possible pump blockage,Low coolant flow – possible pump blockage,Low coolant flow – possible pump blockage,0.606,Low coolant flow – possible pump blockage
Chiller,,,,0.849,
Chiller,,,,0.751,
Chiller,,,,0.898,
Chiller,Low coolant flow – possible pump blockage,Low coolant flow – possible pump blockage,Low coolant flow – possible pump blockage,0.879,Low coolant flow – possible pump blockage
Chiller,,,,0.812,
Chiller,,,,0.798,
Chiller,,,,0.761,
Chiller,,,,0.825,
Chiller,,,,0.68,
Chiller,,,,0.608,
Chiller,,,,0.62,
Chiller,,,,0.791,
Chiller,,,,0.3,
Chiller,,,,0.846,
Chiller,,,,0.6,
Chiller,,,,0.625,
Chiller,,,,0.883,
Chiller,,,,0.832,
Chiller,,,,0.866,
Chiller,,,,0.929,
Chiller,,,,0.813,
Chiller,,,,0.695,
Chiller,Evaporator fouling causing high evaporator temperature,Evaporator fouling causing high evaporator temperature,,0.336,Evaporator fouling causing high evaporator temperature
Chiller,,,,0.266,
Chiller,Low coolant flow – possible pump blockage,Low coolant flow – possible pump blockage,Low coolant flow – possible pump blockage,0.939,Low coolant flow – possible pump blockage
Chiller,,,,0.841,
Chiller,Low coolant flow – possible pump blockage,Low coolant flow – possible pump blockage,Low coolant flow – possible pump blockage,0.779,Low coolant flow – possible pump blockage
Chiller,Evaporator fouling causing high evaporator temperature,Evaporator fouling causing high evaporator temperature,,0.348,Evaporator fouling causing high evaporator temperature
Chiller,Low coolant flow – possible pump blockage,Low coolant flow – possible pump blockage,Low coolant flow – possible pump blockage,0.805,Low coolant flow – possible pump blockage
Chiller,Low coolant flow – possible pump blockage,Low coolant flow – possible pump blockage,Control system instability,0.398,Low coolant flow – possible pump blockage
Chiller,,,,0.885,
Chiller,,,,0.737,
Chiller,,,Unexpected power fluctuation,0.358,Unexpected power fluctuation
Chiller,,,,0.883,
Chiller,,,,0.293,
Chiller,,,,0.908,
Chiller,,,,0.935,
Chiller,,,,0.341,
Chiller,Low coolant flow – possible pump blockage,Low coolant flow – possible pump blockage,Low coolant flow – possible pump blockage,0.679,Low coolant flow – possible pump blockage
Chiller,,,,0.93,
Chiller,,,,0.754,
Chiller,Evaporator fouling causing high evaporator temperature,Evaporator fouling causing high evaporator temperature,,0.303,Evaporator fouling causing high evaporator temperature
Chiller,,,,0.742,
Chiller,,,,0.717,
Chiller,Low coolant flow – possible pump blockage,Low coolant flow – possible pump blockage,Low coolant flow – possible pump blockage,0.712,Low coolant flow – possible pump blockage
Chiller,,,,0.69,
Chiller,Low coolant flow – possible pump blockage,Low coolant flow – possible pump blockage,Low coolant flow – possible pump blockage,0.761,Low coolant flow – possible pump blockage
Chiller,,,,0.316,
Chiller,Evaporator fouling causing high evaporator temperature,Low coolant flow – possible pump blockage,Evaporator fouling causing high evaporator temperature,0.68,Low coolant flow – possible pump blockage
Chiller,,,,0.851,
Chiller,,,,0.842,
Chiller,,,,0.942,
Chiller,,,,0.714,
Chiller,Low coolant flow – possible pump blockage,Low coolant flow – possible pump blockage,Low coolant flow – possible pump blockage,0.942,Low coolant flow – possible pump blockage
Chiller,,,,0.748,
Chiller,,,,0.901,
Chiller,,,,0.678,
Chiller,Low coolant flow – possible pump blockage,Low coolant flow – possible pump blockage,Low coolant flow – possible pump blockage,0.673,Low coolant flow – possible pump blockage
Chiller,,,,0.875,
Chiller,,,,0.651,
Chiller,Low coolant flow – possible pump blockage,Low coolant flow – possible pump blockage,Low coolant flow – possible pump blockage,0.688,Low coolant flow – possible pump blockage
Chiller,,,,0.856,
Chiller,Low coolant flow – possible pump blockage,Low coolant flow – possible pump blockage,Low coolant flow – possible pump blockage,0.698,Low coolant flow – possible pump blockage
Chiller,,,General performance degradation,0.426,General performance degradation
Chiller,,,,0.794,
Chiller,Low coolant flow – possible pump blockage,Low coolant flow – possible pump blockage,,0.365,Low coolant flow – possible pump blockage
Chiller,,,,0.756,
Chiller,Evaporator fouling causing high evaporator temperature,Evaporator fouling causing high evaporator temperature,Evaporator fouling causing high evaporator temperature,0.852,Evaporator fouling causing high evaporator temperature
Chiller,Evaporator fouling causing high evaporator temperature,Low coolant flow – possible pump blockage,Evaporator fouling causing high evaporator temperature,0.768,Low coolant flow – possible pump blockage
Chiller,Low coolant flow – possible pump blockage,Low coolant flow – possible pump blockage,Low coolant flow – possible pump blockage,0.607,Low coolant flow – possible pump blockage
Chiller,Low coolant flow – possible pump blockage,Low coolant flow – possible pump blockage,Low coolant flow – possible pump blockage,0.932,Low coolant flow – possible pump blockage
Chiller,,,,0.865,
Chiller,Evaporator fouling causing high evaporator temperature,Evaporator fouling causing high evaporator temperature,Evaporator fouling causing high evaporator temperature,0.919,Evaporator fouling causing high evaporator temperature
Chiller,,,,0.616,
Chiller,,,,0.693,
Chiller,,,,0.803,
Chiller,,,,0.918,
Chiller,,,,0.713,
Chiller,,,,0.793,
Chiller,,,,0.903,
Chiller,Low coolant flow – possible pump blockage,Low coolant flow – possible pump blockage,Low coolant flow – possible pump blockage,0.875,Low coolant flow – possible pump blockage
Chiller,,,,0.706,
Chiller,,,,0.9,
Chiller,,,,0.683,
Chiller,,,,0.736,
Chiller,,,,0.927,
Chiller,,,,0.65,
Chiller,,Low coolant flow – possible pump blockage,,0.37,Low coolant flow – possible pump blockage
Chiller,,,,0.862,
Chiller,,,Unexpected power fluctuation,0.35,Unexpected power fluctuation
Chiller,Low coolant flow – possible pump blockage,,Low coolant flow – possible pump blockage,0.865,Low coolant flow – possible pump blockage
Chiller,,,,0.702,
Chiller,,,,0.802,
Chiller,Low coolant flow – possible pump blockage,Low coolant flow – possible pump blockage,Low coolant flow – possible pump blockage,0.898,Low coolant flow – possible pump blockage
Chiller,Evaporator fouling causing high evaporator temperature,Evaporator fouling causing high evaporator temperature,Evaporator fouling causing high evaporator temperature,0.86,Evaporator fouling causing high evaporator temperature
Chiller,,,,0.713,
Chiller,,,,0.762,
Chiller,Low coolant flow – possible pump blockage,Low coolant flow – possible pump blockage,Low coolant flow – possible pump blockage,0.66,Low coolant flow – possible pump blockage
Chiller,,,,0.613,
Chiller,,,,0.928,
Chiller,,,,0.854,
Chiller,,,,0.922,
Chiller,,,,0.321,
Chiller,Low coolant flow – possible pump blockage,Low coolant flow – possible pump blockage,Low coolant flow – possible pump blockage,0.94,Low coolant flow – possible pump blockage
Chiller,,,,0.833,
Chiller,,,,0.813,
Chiller,Low coolant flow – possible pump blockage,Low coolant flow – possible pump blockage,Low coolant flow – possible pump blockage,0.641,Low coolant flow – possible pump blockage
Chiller,,,,0.765,
Chiller,,,,0.607,
Chiller,,,,0.631,
Chiller,,,,0.805,
Chiller,,,,0.884,
Chiller,Evaporator fouling causing high evaporator temperature,Evaporator fouling causing high evaporator temperature,Control system instability,0.425,Evaporator fouling causing high evaporator temperature
Chiller,Low coolant flow – possible pump blockage,Low coolant flow – possible pump blockage,Low coolant flow – possible pump blockage,0.924,Low coolant flow – possible pump blockage
Chiller,,,,0.763,
Chiller,Evaporator fouling causing high evaporator temperature,Evaporator fouling causing high evaporator temperature,Evaporator fouling causing high evaporator temperature,0.794,Evaporator fouling causing high evaporator temperature
Chiller,,,,0.769,
Chiller,,Evaporator fouling causing high evaporator temperature,,0.766,Evaporator fouling causing high evaporator temperature
Chiller,,,,0.791,
Chiller,Low coolant flow – possible pump blockage,Low coolant flow – possible pump blockage,Low coolant flow – possible pump blockage,0.905,Low coolant flow – possible pump blockage
Chiller,,,Unexpected power fluctuation,0.411,Unexpected power fluctuation
Chiller,Evaporator fouling causing high evaporator temperature,Low coolant flow – possible pump blockage,Evaporator fouling causing high evaporator temperature,0.742,Low coolant flow – possible pump blockage
Chiller,,,,0.6,
Chiller,,,,0.909,
Chiller,,,,0.739,
Chiller,Evaporator fouling causing high evaporator temperature,Evaporator fouling causing high evaporator temperature,Evaporator fouling causing high evaporator temperature,0.603,Evaporator fouling causing high evaporator temperature
Chiller,,,,0.703,
Chiller,,,,0.923,
Chiller,,,General performance degradation,0.434,General performance degradation
Chiller,Low coolant flow – possible pump blockage,Low coolant flow – possible pump blockage,Low coolant flow – possible pump blockage,0.752,Low coolant flow – possible pump blockage
Chiller,Evaporator fouling causing high evaporator temperature,Evaporator fouling causing high evaporator temperature,Evaporator fouling causing high evaporator temperature,0.763,Evaporator fouling causing high evaporator temperature
Chiller,,,,0.705,
Chiller,,,,0.768,
Chiller,,,,0.716,
Chiller,,,,0.645,
Chiller,,,,0.682,
Chiller,,,,0.889,
Chiller,,,,0.783,
Chiller,Low coolant flow – possible pump blockage,Low coolant flow – possible pump blockage,Low coolant flow – possible pump blockage,0.663,Low coolant flow – possible pump blockage
Chiller,,,,0.722,
Chiller,,,,0.883,
Chiller,,,,0.806,
Chiller,Evaporator fouling causing high evaporator temperature,Evaporator fouling causing high evaporator temperature,Evaporator fouling causing high evaporator temperature,0.739,Evaporator fouling causing high evaporator temperature
Chiller,Low coolant flow – possible pump blockage,,Low coolant flow – possible pump blockage,0.745,Low coolant flow – possible pump blockage
Chiller,Low coolant flow – possible pump blockage,Low coolant flow – possible pump blockage,Low coolant flow – possible pump blockage,0.948,Low coolant flow – possible pump blockage
Chiller,,,,0.812,
Chiller,Low coolant flow – possible pump blockage,Low coolant flow – possible pump blockage,Low coolant flow – possible pump blockage,0.81,Low coolant flow – possible pump blockage
Chiller,,,,0.724,
Chiller,Low coolant flow – possible pump blockage,Low coolant flow – possible pump blockage,Low coolant flow – possible pump blockage,0.718,Low coolant flow – possible pump blockage
Chiller,Low coolant flow – possible pump blockage,Low coolant flow – possible pump blockage,Low coolant flow – possible pump blockage,0.664,Low coolant flow – possible pump blockage
Chiller,Low coolant flow – possible pump blockage,Low coolant flow – possible pump blockage,Low coolant flow – possible pump blockage,0.861,Low coolant flow – possible pump blockage
Chiller,,,Sensor calibration issue,0.316,Sensor calibration issue
Chiller,Low coolant flow – possible pump blockage,Evaporator fouling causing high evaporator temperature,Low coolant flow – possible pump blockage,0.607,Evaporator fouling causing high evaporator temperature
Chiller,Low coolant flow – possible pump blockage,Low coolant flow – possible pump blockage,Low coolant flow – possible pump blockage,0.937,Low coolant flow – possible pump blockage
Chiller,,,,0.376,
Chiller,,,,0.914,
Chiller,Low coolant flow – possible pump blockage,Low coolant flow – possible pump blockage,Low coolant flow – possible pump blockage,0.911,Low coolant flow – possible pump blockage
Chiller,,,,0.945,
Chiller,,,,0.922,
Chiller,,,,0.786,
Chiller,,,,0.877,
Chiller,,,,0.91,
Chiller,,,Sensor calibration issue,0.379,Sensor calibration issue
Chiller,,,,0.908,
Chiller,,,,0.802,
Chiller,Low coolant flow – possible pump blockage,Low coolant flow – possible pump blockage,Low coolant flow – possible pump blockage,0.637,Low coolant flow – possible pump blockage
Chiller,,,,0.854,
Chiller,,,,0.765,
Chiller,,Evaporator fouling causing high evaporator temperature,,0.813,Evaporator fouling causing high evaporator temperature
Chiller,,,,0.6,
Chiller,,,,0.786,
Chiller,Low coolant flow – possible pump blockage,Low coolant flow – possible pump blockage,,0.294,Low coolant flow – possible pump blockage
Chiller,,,,0.605,
Chiller,,,,0.91,
Chiller,,,Unexpected power fluctuation,0.307,Unexpected power fluctuation
Chiller,Evaporator fouling causing high evaporator temperature,Evaporator fouling causing high evaporator temperature,Evaporator fouling causing high evaporator temperature,0.884,Evaporator fouling causing high evaporator temperature
Chiller,Low coolant flow – possible pump blockage,Low coolant flow – possible pump blockage,Low coolant flow – possible pump blockage,0.776,Low coolant flow – possible pump blockage
Chiller,,,,0.641,
Chiller,,,,0.836,
Chiller,,,,0.827,
Chiller,,,,0.835,
Chiller,,,,0.84,
Chiller,,,,0.688,
Chiller,,,,0.712,
Chiller,Low coolant flow – possible pump blockage,Low coolant flow – possible pump blockage,Low coolant flow – possible pump blockage,0.855,Low coolant flow – possible pump blockage
Chiller,,,,0.75,
Chiller,Low coolant flow – possible pump blockage,Low coolant flow – possible pump blockage,Low coolant flow – possible pump blockage,0.62,Low coolant flow – possible pump blockage
Chiller,,,,0.712,
Chiller,,,,0.874,
Chiller,,,,0.867,
Chiller,,,,0.864,
Chiller,,,,0.897,
Chiller,Low coolant flow – possible pump blockage,Low coolant flow – possible pump blockage,Low coolant flow – possible pump blockage,0.908,Low coolant flow – possible pump blockage
Chiller,,,,0.714,
Chiller,,,,0.887,
Chiller,Low coolant flow – possible pump blockage,Low coolant flow – possible pump blockage,Unexpected power fluctuation,0.391,Low coolant flow – possible pump blockage
Chiller,,,,0.654,
Chiller,,,,0.851,
Chiller,,,,0.661,
Chiller,,Low coolant flow – possible pump blockage,,0.758,Low coolant flow – possible pump blockage
Chiller,,,,0.735,
Chiller,Low coolant flow – possible pump blockage,Low coolant flow – possible pump blockage,Low coolant flow – possible pump blockage,0.617,Low coolant flow – possible pump blockage
Chiller,,,,0.895,
Chiller,,,,0.898,
Chiller,,,,0.774,
Chiller,,,,0.683,
Chiller,,,,0.881,
Chiller,,,,0.909,
Chiller,,,,0.912,
Chiller,,,,0.802,
Chiller,,,,0.63,
Chiller,,,,0.775,
Chiller,,,,0.749,
Chiller,,,,0.669,
Chiller,,,,0.895,
Chiller,,Low coolant flow – possible pump blockage,,0.376,Low coolant flow – possible pump blockage
Chiller,,,,0.779,
Chiller,,,,0.823,
Chiller,,,,0.901,
Chiller,,Low coolant flow – possible pump blockage,,0.638,Low coolant flow – possible pump blockage
Chiller,,,,0.845,
Chiller,,,,0.757,
Chiller,,,,0.739,
Chiller,,,,0.609,
Chiller,,,,0.278,
Chiller,,,,0.879,
Chiller,,,,0.83,
Chiller,,,,0.288,
Chiller,,,,0.679,
Chiller,,,,0.899,
Chiller,,,,0.287,
Chiller,,,,0.669,
Chiller,,,,0.287,
Chiller,Low coolant flow – possible pump blockage,Low coolant flow – possible pump blockage,Low coolant flow – possible pump blockage,0.905,Low coolant flow – possible pump blockage
Chiller,,,,0.91,
Chiller,,,,0.8,
Chiller,,,,0.699,
Chiller,,,,0.619,
Chiller,,,,0.671,
Chiller,,,,0.694,
Chiller,,,,0.864,
Chiller,,,,0.661,
Chiller,,,,0.613,
Chiller,,,,0.931,
Chiller,,,,0.794,
Chiller,,,,0.837,
Chiller,,,,0.746,
Chiller,,,,0.857,
Chiller,,Evaporator fouling causing high evaporator temperature,,0.323,Evaporator fouling causing high evaporator temperature
Chiller,Evaporator fouling causing high evaporator temperature,Evaporator fouling causing high evaporator temperature,Sensor calibration issue,0.363,Evaporator fouling causing high evaporator temperature
Chiller,,,,0.724,
Chiller,Evaporator fouling causing high evaporator temperature,Evaporator fouling causing high evaporator temperature,Evaporator fouling causing high evaporator temperature,0.649,Evaporator fouling causing high evaporator temperature
Chiller,,,,0.755,
Chiller,,,,0.371,
Chiller,Evaporator fouling causing high evaporator temperature,,Evaporator fouling causing high evaporator temperature,0.924,Evaporator fouling causing high evaporator temperature
Chiller,,,,0.849,
Chiller,,,,0.278,
Chiller,Low coolant flow – possible pump blockage,Low coolant flow – possible pump blockage,Low coolant flow – possible pump blockage,0.653,Low coolant flow – possible pump blockage
Chiller,,,,0.833,
Chiller,Low coolant flow – possible pump blockage,Low coolant flow – possible pump blockage,Low coolant flow – possible pump blockage,0.86,Low coolant flow – possible pump blockage
Chiller,Low coolant flow – possible pump blockage,Low coolant flow – possible pump blockage,Low coolant flow – possible pump blockage,0.675,Low coolant flow – possible pump blockage
Chiller,Evaporator fouling causing high evaporator temperature,Evaporator fouling causing high evaporator temperature,Evaporator fouling causing high evaporator temperature,0.741,Evaporator fouling causing high evaporator temperature
Chiller,Evaporator fouling causing high evaporator temperature,Evaporator fouling causing high evaporator temperature,Evaporator fouling causing high evaporator temperature,0.764,Evaporator fouling causing high evaporator temperature
Chiller,Low coolant flow – possible pump blockage,Low coolant flow – possible pump blockage,Low coolant flow – possible pump blockage,0.802,Low coolant flow – possible pump blockage
Chiller,Low coolant flow – possible pump blockage,,Low coolant flow – possible pump blockage,0.897,Low coolant flow – possible pump blockage
Chiller,,,,0.824,
Chiller,Low coolant flow – possible pump blockage,Low coolant flow – possible pump blockage,Low coolant flow – possible pump blockage,0.652,Low coolant flow – possible pump blockage
Chiller,,,,0.903,
Chiller,,,,0.639,
Chiller,,,,0.889,
Chiller,,,,0.876,
Chiller,,,,0.893,
Chiller,,,,0.604,
Chiller,,Evaporator fouling causing high evaporator temperature,,0.611,Evaporator fouling causing high evaporator temperature
Chiller,,,,0.729,
Chiller,Evaporator fouling causing high evaporator temperature,Evaporator fouling causing high evaporator temperature,,0.284,Evaporator fouling causing high evaporator temperature
Chiller,,,,0.792,
Chiller,,,,0.849,
Chiller,,,Sensor calibration issue,0.399,Sensor calibration issue
Chiller,,,,0.894,
Chiller,Low coolant flow – possible pump blockage,,,0.315,
Chiller,,,,0.813,
Chiller,,,,0.872,
Chiller,,,,0.661,
Chiller,,,,0.331,
Chiller,,,,0.267,
Chiller,Low coolant flow – possible pump blockage,Low coolant flow – possible pump blockage,Low coolant flow – possible pump blockage,0.855,Low coolant flow – possible pump blockage
Chiller,,,,0.835,
Chiller,,,,0.937,
Chiller,,,,0.841,
Chiller,,,,0.757,
Chiller,Evaporator fouling causing high evaporator temperature,,Evaporator fouling causing high evaporator temperature,0.863,Evaporator fouling causing high evaporator temperature
Chiller,,,,0.73,
Chiller,,,,0.896,
Chiller,Low coolant flow – possible pump blockage,Low coolant flow – possible pump blockage,Low coolant flow – possible pump blockage,0.842,Low coolant flow – possible pump blockage
Chiller,Evaporator fouling causing high evaporator temperature,,Evaporator fouling causing high evaporator temperature,0.814,Evaporator fouling causing high evaporator temperature
Chiller,,Low coolant flow – possible pump blockage,,0.826,Low coolant flow – possible pump blockage
Chiller,,,,0.945,
Chiller,Low coolant flow – possible pump blockage,Low coolant flow – possible pump blockage,Low coolant flow – possible pump blockage,0.729,Low coolant flow – possible pump blockage
Chiller,,,,0.876,
Chiller,Evaporator fouling causing high evaporator temperature,Evaporator fouling causing high evaporator temperature,Evaporator fouling causing high evaporator temperature,0.693,Evaporator fouling causing high evaporator temperature
Chiller,,,,0.622,
Chiller,,,,0.902,
Chiller,,,,0.682,
Chiller,Low coolant flow – possible pump blockage,,Control system instability,0.398,Control system instability
Chiller,,Low coolant flow – possible pump blockage,,0.653,Low coolant flow – possible pump blockage
Chiller,,,,0.757,
Chiller,,,,0.837,
Chiller,Evaporator fouling causing high evaporator temperature,Evaporator fouling causing high evaporator temperature,Evaporator fouling causing high evaporator temperature,0.637,Evaporator fouling causing high evaporator temperature
Chiller,,,,0.66,
Chiller,,,,0.847,
Chiller,,,,0.68,
Chiller,,,,0.691,
Chiller,,,,0.867,
Chiller,,,,0.641,
Chiller,,,,0.624,
Chiller,,,,0.766,
Chiller,,,,0.255,
Chiller,,,,0.675,
Chiller,,,General performance degradation,0.327,General performance degradation
Chiller,,,,0.723,
Chiller,Low coolant flow – possible pump blockage,,Low coolant flow – possible pump blockage,0.882,Low coolant flow – possible pump blockage
Chiller,,,,0.867,
Chiller,,,,0.879,
Chiller,Low coolant flow – possible pump blockage,,Low coolant flow – possible pump blockage,0.918,Low coolant flow – possible pump blockage
Chiller,,,,0.692,
Chiller,,,,0.741,
Chiller,Low coolant flow – possible pump blockage,Low coolant flow – possible pump blockage,Low coolant flow – possible pump blockage,0.925,Low coolant flow – possible pump blockage
Chiller,,,,0.697,
Chiller,,,,0.943,
Chiller,,,,0.343,
Chiller,,,,0.283,
Chiller,,,,0.763,
Chiller,,,,0.62,
Chiller,,,,0.76,
Chiller,Low coolant flow – possible pump blockage,,Low coolant flow – possible pump blockage,0.837,Low coolant flow – possible pump blockage
Chiller,Evaporator fouling causing high evaporator temperature,Evaporator fouling causing high evaporator temperature,Evaporator fouling causing high evaporator temperature,0.636,Evaporator fouling causing high evaporator temperature
Chiller,,,,0.241,
Chiller,,,,0.826,
Chiller,,,,0.9,
Chiller,,,,0.635,
Chiller,,,,0.669,
Chiller,,,,0.767,
Chiller,,,,0.71,
Chiller,,,,0.767,
Chiller,,,,0.842,
Chiller,,,,0.844,
Chiller,,,,0.704,
Chiller,Evaporator fouling causing high evaporator temperature,Evaporator fouling causing high evaporator temperature,Evaporator fouling causing high evaporator temperature,0.808,Evaporator fouling causing high evaporator temperature
Chiller,Low coolant flow – possible pump blockage,Low coolant flow – possible pump blockage,,0.32,Low coolant flow – possible pump blockage
Chiller,Low coolant flow – possible pump blockage,Low coolant flow – possible pump blockage,Low coolant flow – possible pump blockage,0.927,Low coolant flow – possible pump blockage
Chiller,Low coolant flow – possible pump blockage,,Sensor calibration issue,0.375,Sensor calibration issue
Chiller,Low coolant flow – possible pump blockage,,Low coolant flow – possible pump blockage,0.639,Low coolant flow – possible pump blockage
Chiller,,,,0.831,
Chiller,Low coolant flow – possible pump blockage,Low coolant flow – possible pump blockage,Low coolant flow – possible pump blockage,0.761,Low coolant flow – possible pump blockage
Chiller,,,,0.856,
Chiller,,,,0.697,
Chiller,,,,0.943,
Chiller,,,,0.817,
Chiller,,,,0.606,
Chiller,,,,0.743,
Chiller,,,General performance degradation,0.378,General performance degradation
Chiller,,,,0.782,
Chiller,,,,0.602,
Chiller,Low coolant flow – possible pump blockage,Low coolant flow – possible pump blockage,Low coolant flow – possible pump blockage,0.885,Low coolant flow – possible pump blockage
Chiller,,,,0.912,
Chiller,,,,0.717,
Chiller,,,Unexpected power fluctuation,0.314,Unexpected power fluctuation
Chiller,,,,0.905,
Chiller,Evaporator fouling causing high evaporator temperature,Low coolant flow – possible pump blockage,Control system instability,0.402,Low coolant flow – possible pump blockage
Chiller,,,,0.633,
Chiller,Low coolant flow – possible pump blockage,Low coolant flow – possible pump blockage,Low coolant flow – possible pump blockage,0.651,Low coolant flow – possible pump blockage
Chiller,,,,0.643,
Chiller,Low coolant flow – possible pump blockage,Low coolant flow – possible pump blockage,Low coolant flow – possible pump blockage,0.837,Low coolant flow – possible pump blockage
Chiller,,,,0.765,
Chiller,Evaporator fouling causing high evaporator temperature,Evaporator fouling causing high evaporator temperature,Evaporator fouling causing high evaporator temperature,0.886,Evaporator fouling causing high evaporator temperature
Chiller,,,,0.722,
Chiller,,,,0.764,
Chiller,Evaporator fouling causing high evaporator temperature,Evaporator fouling causing high evaporator temperature,Evaporator fouling causing high evaporator temperature,0.818,Evaporator fouling causing high evaporator temperature
Chiller,Low coolant flow – possible pump blockage,Low coolant flow – possible pump blockage,Low coolant flow – possible pump blockage,0.661,Low coolant flow – possible pump blockage
Chiller,Low coolant flow – possible pump blockage,Low coolant flow – possible pump blockage,Low coolant flow – possible pump blockage,0.81,Low coolant flow – possible pump blockage
Chiller,,,Unexpected power fluctuation,0.346,Unexpected power fluctuation
Chiller,,,,0.846,
Chiller,,,Control system instability,0.396,Control system instability
Chiller,,,,0.69,
Chiller,Evaporator fouling causing high evaporator temperature,Evaporator fouling causing high evaporator temperature,Evaporator fouling causing high evaporator temperature,0.72,Evaporator fouling causing high evaporator temperature
Chiller,Low coolant flow – possible pump blockage,Low coolant flow – possible pump blockage,Low coolant flow – possible pump blockage,0.753,Low coolant flow – possible pump blockage
Chiller,,,,0.855,
Chiller,,,,0.859,
Chiller,,,,0.704,
Chiller,,,Sensor calibration issue,0.387,Sensor calibration issue
Chiller,,,,0.803,
Chiller,,,,0.676,
Chiller,,,,0.649,
Chiller,,,,0.797,
Chiller,,,,0.823,
Chiller,,,,0.873,
Chiller,,,,0.87,
Chiller,,,,0.68,
Chiller,,,,0.245,
Chiller,,,,0.863,
Chiller,,,,0.62,
Chiller,,,,0.912,
Chiller,,,,0.866,
Chiller,,,,0.333,
Chiller,Low coolant flow – possible pump blockage,Low coolant flow – possible pump blockage,Low coolant flow – possible pump blockage,0.927,Low coolant flow – possible pump blockage
Chiller,Low coolant flow – possible pump blockage,Low coolant flow – possible pump blockage,Low coolant flow – possible pump blockage,0.791,Low coolant flow – possible pump blockage
Chiller,,,,0.841,
Chiller,,,,0.829,
Chiller,Low coolant flow – possible pump blockage,Low coolant flow – possible pump blockage,Low coolant flow – possible pump blockage,0.685,Low coolant flow – possible pump blockage
Chiller,,,Sensor calibration issue,0.346,Sensor calibration issue
Chiller,,,,0.622,
Chiller,,,Unexpected power fluctuation,0.313,Unexpected power fluctuation
Chiller,,,,0.796,
Chiller,,,,0.841,
Chiller,,,,0.927,
Chiller,Low coolant flow – possible pump blockage,Evaporator fouling causing high evaporator temperature,Low coolant flow – possible pump blockage,0.795,Evaporator fouling causing high evaporator temperature
Chiller,,,,0.654,
Chiller,Low coolant flow – possible pump blockage,Low coolant flow – possible pump blockage,Low coolant flow – possible pump blockage,0.745,Low coolant flow – possible pump blockage
Chiller,Low coolant flow – possible pump blockage,Low coolant flow – possible pump blockage,Low coolant flow – possible pump blockage,0.689,Low coolant flow – possible pump blockage
Chiller,,,,0.656,
Chiller,Low coolant flow – possible pump blockage,Low coolant flow – possible pump blockage,Unexpected power fluctuation,0.394,Low coolant flow – possible pump blockage
Chiller,,,,0.693,
Chiller,,,General performance degradation,0.41,General performance degradation
Chiller,Low coolant flow – possible pump blockage,Low coolant flow – possible pump blockage,Low coolant flow – possible pump blockage,0.681,Low coolant flow – possible pump blockage
Chiller,Evaporator fouling causing high evaporator temperature,Evaporator fouling causing high evaporator temperature,Evaporator fouling causing high evaporator temperature,0.679,Evaporator fouling causing high evaporator temperature
Chiller,,,,0.602,
Chiller,,,,0.877,
Chiller,,,,0.88,
Chiller,Evaporator fouling causing high evaporator temperature,Low coolant flow – possible pump blockage,Evaporator fouling causing high evaporator temperature,0.879,Low coolant flow – possible pump blockage
Chiller,,,,0.909,
Chiller,,,Unexpected power fluctuation,0.457,Unexpected power fluctuation
Chiller,Evaporator fouling causing high evaporator temperature,Evaporator fouling causing high evaporator temperature,Evaporator fouling causing high evaporator temperature,0.645,Evaporator fouling causing high evaporator temperature
Chiller,,,,0.819,
Chiller,,,,0.942,
Chiller,,,,0.883,
Chiller,,,,0.739,
Chiller,,,,0.324,
Chiller,Low coolant flow – possible pump blockage,,Low coolant flow – possible pump blockage,0.746,Low coolant flow – possible pump blockage
Chiller,,,,0.861,
Chiller,,,,0.928,
Chiller,,,,0.795,
Chiller,,,,0.928,
Chiller,,,,0.665,
Chiller,,,,0.822,
Chiller,,,,0.887,
Chiller,Evaporator fouling causing high evaporator temperature,,,0.314,
Chiller,Low coolant flow – possible pump blockage,Low coolant flow – possible pump blockage,Low coolant flow – possible pump blockage,0.766,Low coolant flow – possible pump blockage
Chiller,Low coolant flow – possible pump blockage,Evaporator fouling causing high evaporator temperature,Low coolant flow – possible pump blockage,0.869,Evaporator fouling causing high evaporator temperature
Chiller,,,Sensor calibration issue,0.365,Sensor calibration issue
Chiller,,,,0.32,
Chiller,,,,0.933,
Chiller,,,,0.326,
Chiller,,,,0.706,
Chiller,Evaporator fouling causing high evaporator temperature,Evaporator fouling causing high evaporator temperature,Evaporator fouling causing high evaporator temperature,0.699,Evaporator fouling causing high evaporator temperature
Chiller,,,,0.725,
Chiller,Low coolant flow – possible pump blockage,Low coolant flow – possible pump blockage,Low coolant flow – possible pump blockage,0.799,Low coolant flow – possible pump blockage
Chiller,,,,0.683,
Chiller,,,,0.68,
Chiller,,,,0.697,
Chiller,Low coolant flow – possible pump blockage,Low coolant flow – possible pump blockage,Low coolant flow – possible pump blockage,0.693,Low coolant flow – possible pump blockage
Chiller,,,,0.286,
Chiller,,,,0.947,
Chiller,Low coolant flow – possible pump blockage,Low coolant flow – possible pump blockage,Low coolant flow – possible pump blockage,0.91,Low coolant flow – possible pump blockage
Chiller,,,,0.614,
Chiller,,,,0.773,
Chiller,,,,0.661,
Chiller,,,,0.74,
Chiller,,,,0.835,
Chiller,,Evaporator fouling causing high evaporator temperature,,0.771,Evaporator fouling causing high evaporator temperature
Chiller,,,,0.661,
Chiller,,,,0.353,
Chiller,,,,0.846,
Chiller,,,,0.641,
Chiller,Evaporator fouling causing high evaporator temperature,,Evaporator fouling causing high evaporator temperature,0.68,Evaporator fouling causing high evaporator temperature
Chiller,,,,0.776,
Chiller,Low coolant flow – possible pump blockage,Low coolant flow – possible pump blockage,Low coolant flow – possible pump blockage,0.87,Low coolant flow – possible pump blockage
Chiller,,,,0.846,
Chiller,,,,0.706,
Chiller,Low coolant flow – possible pump blockage,Low coolant flow – possible pump blockage,Control system instability,0.303,Low coolant flow – possible pump blockage
Chiller,,,,0.753,
Chiller,Low coolant flow – possible pump blockage,,Low coolant flow – possible pump blockage,0.886,Low coolant flow – possible pump blockage
Chiller,,,,0.768,
Chiller,Evaporator fouling causing high evaporator temperature,,Evaporator fouling causing high evaporator temperature,0.918,Evaporator fouling causing high evaporator temperature
Chiller,Low coolant flow – possible pump blockage,Low coolant flow – possible pump blockage,Low coolant flow – possible pump blockage,0.605,Low coolant flow – possible pump blockage
Chiller,Evaporator fouling causing high evaporator temperature,Evaporator fouling causing high evaporator temperature,Evaporator fouling causing high evaporator temperature,0.944,Evaporator fouling causing high evaporator temperature
Chiller,,,,0.916,
Chiller,,,,0.896,
Chiller,,,,0.915,
Chiller,,,,0.824,
Chiller,,,,0.76,
Chiller,,,,0.82,
Chiller,,,,0.795,
Chiller,,,,0.724,
Chiller,,,,0.884,
Chiller,Evaporator fouling causing high evaporator temperature,Evaporator fouling causing high evaporator temperature,Evaporator fouling causing high evaporator temperature,0.644,Evaporator fouling causing high evaporator temperature
Chiller,,,,0.654,
Chiller,,,,0.636,
Chiller,,,,0.917,
Chiller,,,,0.612,
Chiller,,,,0.869,
Chiller,,,,0.848,
Chiller,,Evaporator fouling causing high evaporator temperature,,0.713,Evaporator fouling causing high evaporator temperature
Chiller,,,,0.686,
Chiller,,,,0.257,
Chiller,,,,0.85,
Chiller,Low coolant flow – possible pump blockage,Low coolant flow – possible pump blockage,Low coolant flow – possible pump blockage,0.948,Low coolant flow – possible pump blockage
Chiller,,,,0.926,
Chiller,,,,0.33,
Chiller,Low coolant flow – possible pump blockage,Low coolant flow – possible pump blockage,Low coolant flow – possible pump blockage,0.657,Low coolant flow – possible pump blockage
Chiller,,,,0.886,
Chiller,,,,0.759,
Chiller,,,,0.642,
Chiller,,,,0.612,
Chiller,,,,0.704,
Chiller,,,,0.663,
Chiller,Low coolant flow – possible pump blockage,Low coolant flow – possible pump blockage,Sensor calibration issue,0.346,Low coolant flow – possible pump blockage
Chiller,,,,0.912,
Chiller,Evaporator fouling causing high evaporator temperature,Evaporator fouling causing high evaporator temperature,Evaporator fouling causing high evaporator temperature,0.65,Evaporator fouling causing high evaporator temperature
Chiller,,,,0.852,
Chiller,,,,0.844,
Chiller,,,,0.871,
Chiller,Low coolant flow – possible pump blockage,Low coolant flow – possible pump blockage,Low coolant flow – possible pump blockage,0.703,Low coolant flow – possible pump blockage
Chiller,,,,0.745,
Chiller,,,,0.656,
Chiller,Evaporator fouling causing high evaporator temperature,Evaporator fouling causing high evaporator temperature,Evaporator fouling causing high evaporator temperature,0.906,Evaporator fouling causing high evaporator temperature
Chiller,,,,0.7,
Chiller,Evaporator fouling causing high evaporator temperature,Evaporator fouling causing high evaporator temperature,Evaporator fouling causing high evaporator temperature,0.945,Evaporator fouling causing high evaporator temperature
Chiller,,,,0.774,
Chiller,,,,0.28,
Chiller,,,,0.784,
Chiller,,,Unexpected power fluctuation,0.376,Unexpected power fluctuation
Chiller,,,,0.688,
Chiller,Low coolant flow – possible pump blockage,,Low coolant flow – possible pump blockage,0.725,Low coolant flow – possible pump blockage
Chiller,,,Control system instability,0.305,Control system instability
Chiller,Low coolant flow – possible pump blockage,,Low coolant flow – possible pump blockage,0.664,Low coolant flow – possible pump blockage
Chiller,,,,0.357,
Chiller,Evaporator fouling causing high evaporator temperature,,Evaporator fouling causing high evaporator temperature,0.688,Evaporator fouling causing high evaporator temperature
Chiller,,,,0.79,
Chiller,,,,0.863,
Chiller,,,,0.771,
Chiller,,Evaporator fouling causing high evaporator temperature,,0.738,Evaporator fouling causing high evaporator temperature
Chiller,Evaporator fouling causing high evaporator temperature,Evaporator fouling causing high evaporator temperature,Evaporator fouling causing high evaporator temperature,0.617,Evaporator fouling causing high evaporator temperature
Chiller,,,,0.862,
Chiller,,,,0.742,
Chiller,,,,0.94,
Chiller,,,,0.717,
Chiller,,Low coolant flow – possible pump blockage,,0.253,Low coolant flow – possible pump blockage
Chiller,,,,0.878,
Chiller,,Evaporator fouling causing high evaporator temperature,,0.666,Evaporator fouling causing high evaporator temperature
Chiller,,,,0.784,
Chiller,Evaporator fouling causing high evaporator temperature,Evaporator fouling causing high evaporator temperature,Evaporator fouling causing high evaporator temperature,0.894,Evaporator fouling causing high evaporator temperature
Chiller,,,,0.838,
Chiller,,,,0.726,
Chiller,,,Sensor calibration issue,0.36,Sensor calibration issue
Chiller,,,,0.903,
Chiller,,,,0.717,
Chiller,,,,0.243,
Chiller,,,,0.807,
Chiller,Evaporator fouling causing high evaporator temperature,Evaporator fouling causing high evaporator temperature,Evaporator fouling causing high evaporator temperature,0.637,Evaporator fouling causing high evaporator temperature
Chiller,,,,0.797,
Chiller,,,,0.949,
Chiller,,,,0.855,
Chiller,Low coolant flow – possible pump blockage,Low coolant flow – possible pump blockage,Low coolant flow – possible pump blockage,0.774,Low coolant flow – possible pump blockage
Chiller,,,,0.769,
Chiller,,,,0.805,
Chiller,,,,0.763,
Chiller,,,,0.89,
Chiller,,,,0.701,
Chiller,,,,0.772,
Chiller,Low coolant flow – possible pump blockage,Low coolant flow – possible pump blockage,Low coolant flow – possible pump blockage,0.661,Low coolant flow – possible pump blockage
Chiller,,,,0.611,
Chiller,Evaporator fouling causing high evaporator temperature,,Evaporator fouling causing high evaporator temperature,0.855,Evaporator fouling causing high evaporator temperature
Chiller,Evaporator fouling causing high evaporator temperature,,Evaporator fouling causing high evaporator temperature,0.736,Evaporator fouling causing high evaporator temperature
Chiller,,,,0.836,
Chiller,Low coolant flow – possible pump blockage,Low coolant flow – possible pump blockage,Low coolant flow – possible pump blockage,0.874,Low coolant flow – possible pump blockage
Chiller,Evaporator fouling causing high evaporator temperature,Low coolant flow – possible pump blockage,Evaporator fouling causing high evaporator temperature,0.636,Low coolant flow – possible pump blockage
Chiller,Low coolant flow – possible pump blockage,Low coolant flow – possible pump blockage,Low coolant flow – possible pump blockage,0.718,Low coolant flow – possible pump blockage
Chiller,,,,0.918,
Chiller,,,,0.929,
Chiller,,,,0.653,
Chiller,,,,0.821,
HVAC,HVAC unable to meet cooling demand – possible refrigerant leak,HVAC unable to meet cooling demand – possible refrigerant leak,HVAC unable to meet cooling demand – possible refrigerant leak,0.728,HVAC unable to meet cooling demand – possible refrigerant leak
HVAC,,,,0.928,
HVAC,HVAC unable to meet cooling demand – possible refrigerant leak,HVAC unable to meet cooling demand – possible refrigerant leak,HVAC unable to meet cooling demand – possible refrigerant leak,0.658,HVAC unable to meet cooling demand – possible refrigerant leak
HVAC,,,,0.819,
HVAC,,,,0.836,
HVAC,,,,0.875,
HVAC,,,,0.639,
HVAC,,,,0.632,
HVAC,Excess humidity – possible condensate drain blockage,Excess humidity – possible condensate drain blockage,Excess humidity – possible condensate drain blockage,0.736,Excess humidity – possible condensate drain blockage
HVAC,,,,0.723,
HVAC,Excess humidity – possible condensate drain blockage,Excess humidity – possible condensate drain blockage,Excess humidity – possible condensate drain blockage,0.863,Excess humidity – possible condensate drain blockage
HVAC,HVAC unable to meet cooling demand – possible refrigerant leak,HVAC unable to meet cooling demand – possible refrigerant leak,,0.308,HVAC unable to meet cooling demand – possible refrigerant leak
HVAC,,,,0.865,
HVAC,Excess humidity – possible condensate drain blockage,Excess humidity – possible condensate drain blockage,Excess humidity – possible condensate drain blockage,0.601,Excess humidity – possible condensate drain blockage
HVAC,Excess humidity – possible condensate drain blockage,Excess humidity – possible condensate drain blockage,Excess humidity – possible condensate drain blockage,0.731,Excess humidity – possible condensate drain blockage
HVAC,Excess humidity – possible condensate drain blockage,Excess humidity – possible condensate drain blockage,Unexpected power fluctuation,0.365,Excess humidity – possible condensate drain blockage
HVAC,,,,0.883,
HVAC,Excess humidity – possible condensate drain blockage,Excess humidity – possible condensate drain blockage,Excess humidity – possible condensate drain blockage,0.911,Excess humidity – possible condensate drain blockage
HVAC,,,,0.841,
HVAC,HVAC unable to meet cooling demand – possible refrigerant leak,HVAC unable to meet cooling demand – possible refrigerant leak,Sensor calibration issue,0.38,HVAC unable to meet cooling demand – possible refrigerant leak
HVAC,,,,0.867,
HVAC,HVAC unable to meet cooling demand – possible refrigerant leak,HVAC unable to meet cooling demand – possible refrigerant leak,,0.297,HVAC unable to meet cooling demand – possible refrigerant leak
HVAC,,,,0.902,
HVAC,HVAC unable to meet cooling demand – possible refrigerant leak,HVAC unable to meet cooling demand – possible refrigerant leak,HVAC unable to meet cooling demand – possible refrigerant leak,0.786,HVAC unable to meet cooling demand – possible refrigerant leak
HVAC,HVAC unable to meet cooling demand – possible refrigerant leak,HVAC unable to meet cooling demand – possible refrigerant leak,HVAC unable to meet cooling demand – possible refrigerant leak,0.657,HVAC unable to meet cooling demand – possible refrigerant leak
HVAC,,,,0.359,
HVAC,,,,0.651,
HVAC,HVAC unable to meet cooling demand – possible refrigerant leak,HVAC unable to meet cooling demand – possible refrigerant leak,HVAC unable to meet cooling demand – possible refrigerant leak,0.761,HVAC unable to meet cooling demand – possible refrigerant leak
HVAC,,,,0.703,
HVAC,,,,0.854,
HVAC,,,,0.862,
HVAC,Excess humidity – possible condensate drain blockage,Excess humidity – possible condensate drain blockage,Control system instability,0.452,Excess humidity – possible condensate drain blockage
HVAC,,,,0.258,
HVAC,,,,0.732,
HVAC,,,,0.683,
HVAC,,,,0.87,
HVAC,,,,0.713,
HVAC,Excess humidity – possible condensate drain blockage,Excess humidity – possible condensate drain blockage,Excess humidity – possible condensate drain blockage,0.861,Excess humidity – possible condensate drain blockage
HVAC,,,,0.784,
HVAC,Excess humidity – possible condensate drain blockage,Excess humidity – possible condensate drain blockage,Excess humidity – possible condensate drain blockage,0.799,Excess humidity – possible condensate drain blockage
HVAC,HVAC unable to meet cooling demand – possible refrigerant leak,HVAC unable to meet cooling demand – possible refrigerant leak,HVAC unable to meet cooling demand – possible refrigerant leak,0.691,HVAC unable to meet cooling demand – possible refrigerant leak
HVAC,,,,0.699,
HVAC,HVAC unable to meet cooling demand – possible refrigerant leak,HVAC unable to meet cooling demand – possible refrigerant leak,HVAC unable to meet cooling demand – possible refrigerant leak,0.797,HVAC unable to meet cooling demand – possible refrigerant leak
HVAC,,,,0.88,
HVAC,,,,0.61,
HVAC,,,,0.854,
HVAC,,,,0.757,
HVAC,Excess humidity – possible condensate drain blockage,Excess humidity – possible condensate drain blockage,Excess humidity – possible condensate drain blockage,0.878,Excess humidity – possible condensate drain blockage
HVAC,,,,0.848,
HVAC,HVAC unable to meet cooling demand – possible refrigerant leak,HVAC unable to meet cooling demand – possible refrigerant leak,HVAC unable to meet cooling demand – possible refrigerant leak,0.687,HVAC unable to meet cooling demand – possible refrigerant leak
HVAC,HVAC unable to meet cooling demand – possible refrigerant leak,HVAC unable to meet cooling demand – possible refrigerant leak,HVAC unable to meet cooling demand – possible refrigerant leak,0.896,HVAC unable to meet cooling demand – possible refrigerant leak
HVAC,,,Control system instability,0.346,Control system instability
HVAC,,,,0.817,
HVAC,,,,0.949,
HVAC,,,Unexpected power fluctuation,0.467,Unexpected power fluctuation
HVAC,,,,0.64,
HVAC,,,,0.635,
HVAC,Excess humidity – possible condensate drain blockage,Excess humidity – possible condensate drain blockage,Excess humidity – possible condensate drain blockage,0.777,Excess humidity – possible condensate drain blockage
HVAC,,,,0.697,
HVAC,,,,0.864,
HVAC,,,,0.712,
HVAC,,,,0.6,
HVAC,,,,0.816,
HVAC,,,Sensor calibration issue,0.474,Sensor calibration issue
HVAC,,,General performance degradation,0.395,General performance degradation
HVAC,,,,0.633,
HVAC,,,,0.866,
HVAC,,,,0.652,
HVAC,,,,0.72,
HVAC,,,,0.637,
HVAC,,,,0.883,
HVAC,,,,0.769,
HVAC,,,,0.754,
HVAC,,,,0.902,
HVAC,,,,0.899,
HVAC,,,,0.79,
HVAC,,,,0.653,
HVAC,Excess humidity – possible condensate drain blockage,Excess humidity – possible condensate drain blockage,Excess humidity – possible condensate drain blockage,0.661,Excess humidity – possible condensate drain blockage
HVAC,,,,0.334,
HVAC,,,,0.888,
HVAC,,,,0.754,
HVAC,,,,0.324,
HVAC,,,,0.937,
HVAC,,,,0.649,
HVAC,,,,0.862,
HVAC,,,General performance degradation,0.422,General performance degradation
HVAC,,,,0.934,
HVAC,,,,0.862,
HVAC,,,,0.936,
HVAC,,,,0.627,
HVAC,,,,0.323,
HVAC,,,,0.623,
HVAC,Excess humidity – possible condensate drain blockage,Excess humidity – possible condensate drain blockage,Excess humidity – possible condensate drain blockage,0.95,Excess humidity – possible condensate drain blockage
HVAC,HVAC unable to meet cooling demand – possible refrigerant leak,HVAC unable to meet cooling demand – possible refrigerant leak,HVAC unable to meet cooling demand – possible refrigerant leak,0.806,HVAC unable to meet cooling demand – possible refrigerant leak
HVAC,,,,0.665,
HVAC,,,,0.885,
HVAC,,,,0.891,
HVAC,,,,0.645,
HVAC,,,,0.808,
HVAC,,,,0.646,
HVAC,,,,0.949,
HVAC,,,,0.894,
HVAC,,,,0.894,
HVAC,HVAC unable to meet cooling demand – possible refrigerant leak,HVAC unable to meet cooling demand – possible refrigerant leak,HVAC unable to meet cooling demand – possible refrigerant leak,0.632,HVAC unable to meet cooling demand – possible refrigerant leak
HVAC,,,,0.929,
HVAC,Excess humidity – possible condensate drain blockage,Excess humidity – possible condensate drain blockage,Excess humidity – possible condensate drain blockage,0.784,Excess humidity – possible condensate drain blockage
HVAC,,,,0.726,
HVAC,,,,0.827,
HVAC,,,General performance degradation,0.462,General performance degradation
HVAC,,,,0.76,
HVAC,,,,0.745,
HVAC,HVAC unable to meet cooling demand – possible refrigerant leak,HVAC unable to meet cooling demand – possible refrigerant leak,HVAC unable to meet cooling demand – possible refrigerant leak,0.947,HVAC unable to meet cooling demand – possible refrigerant leak
HVAC,HVAC unable to meet cooling demand – possible refrigerant leak,HVAC unable to meet cooling demand – possible refrigerant leak,HVAC unable to meet cooling demand – possible refrigerant leak,0.623,HVAC unable to meet cooling demand – possible refrigerant leak
HVAC,Excess humidity – possible condensate drain blockage,Excess humidity – possible condensate drain blockage,Excess humidity – possible condensate drain blockage,0.684,Excess humidity – possible condensate drain blockage
HVAC,,,,0.809,
HVAC,HVAC unable to meet cooling demand – possible refrigerant leak,HVAC unable to meet cooling demand – possible refrigerant leak,HVAC unable to meet cooling demand – possible refrigerant leak,0.699,HVAC unable to meet cooling demand – possible refrigerant leak
HVAC,HVAC unable to meet cooling demand – possible refrigerant leak,HVAC unable to meet cooling demand – possible refrigerant leak,HVAC unable to meet cooling demand – possible refrigerant leak,0.91,HVAC unable to meet cooling demand – possible refrigerant leak
HVAC,,,,0.702,
HVAC,,,,0.8,
HVAC,,,,0.818,
HVAC,,,,0.663,
HVAC,,,,0.622,
HVAC,,,,0.61,
HVAC,,,,0.764,
HVAC,,,,0.841,
HVAC,,,,0.614,
HVAC,,,,0.9,
HVAC,,,,0.653,
HVAC,,,,0.815,
HVAC,,,,0.753,
HVAC,,,,0.948,
HVAC,Excess humidity – possible condensate drain blockage,Excess humidity – possible condensate drain blockage,Excess humidity – possible condensate drain blockage,0.759,Excess humidity – possible condensate drain blockage
HVAC,,,,0.665,
HVAC,,,,0.697,
HVAC,Excess humidity – possible condensate drain blockage,Excess humidity – possible condensate drain blockage,Excess humidity – possible condensate drain blockage,0.641,Excess humidity – possible condensate drain blockage
HVAC,,,,0.764,
HVAC,Excess humidity – possible condensate drain blockage,Excess humidity – possible condensate drain blockage,Excess humidity – possible condensate drain blockage,0.933,Excess humidity – possible condensate drain blockage
HVAC,,,,0.873,
HVAC,,,,0.606,
HVAC,,,,0.95,
HVAC,HVAC unable to meet cooling demand – possible refrigerant leak,HVAC unable to meet cooling demand – possible refrigerant leak,HVAC unable to meet cooling demand – possible refrigerant leak,0.664,HVAC unable to meet cooling demand – possible refrigerant leak
HVAC,,,,0.604,
HVAC,,,,0.719,
HVAC,,,,0.621,
HVAC,,,,0.877,
HVAC,Excess humidity – possible condensate drain blockage,Excess humidity – possible condensate drain blockage,Excess humidity – possible condensate drain blockage,0.796,Excess humidity – possible condensate drain blockage
HVAC,,,,0.651,
HVAC,,,,0.624,
HVAC,,,,0.714,
HVAC,Excess humidity – possible condensate drain blockage,Excess humidity – possible condensate drain blockage,Excess humidity – possible condensate drain blockage,0.925,Excess humidity – possible condensate drain blockage
HVAC,,,,0.78,
HVAC,,,,0.744,
HVAC,,,,0.717,
HVAC,,,Sensor calibration issue,0.425,Sensor calibration issue
HVAC,,,,0.87,
HVAC,HVAC unable to meet cooling demand – possible refrigerant leak,HVAC unable to meet cooling demand – possible refrigerant leak,HVAC unable to meet cooling demand – possible refrigerant leak,0.934,HVAC unable to meet cooling demand – possible refrigerant leak
HVAC,,,,0.828,
HVAC,,,,0.744,
HVAC,,,,0.715,
HVAC,HVAC unable to meet cooling demand – possible refrigerant leak,HVAC unable to meet cooling demand – possible refrigerant leak,HVAC unable to meet cooling demand – possible refrigerant leak,0.687,HVAC unable to meet cooling demand – possible refrigerant leak
HVAC,HVAC unable to meet cooling demand – possible refrigerant leak,HVAC unable to meet cooling demand – possible refrigerant leak,HVAC unable to meet cooling demand – possible refrigerant leak,0.687,HVAC unable to meet cooling demand – possible refrigerant leak
HVAC,HVAC unable to meet cooling demand – possible refrigerant leak,HVAC unable to meet cooling demand – possible refrigerant leak,HVAC unable to meet cooling demand – possible refrigerant leak,0.925,HVAC unable to meet cooling demand – possible refrigerant leak
HVAC,,,,0.81,
HVAC,,,,0.793,
HVAC,HVAC unable to meet cooling demand – possible refrigerant leak,HVAC unable to meet cooling demand – possible refrigerant leak,HVAC unable to meet cooling demand – possible refrigerant leak,0.638,HVAC unable to meet cooling demand – possible refrigerant leak
HVAC,,,,0.736,
HVAC,,,,0.603,
HVAC,HVAC unable to meet cooling demand – possible refrigerant leak,HVAC unable to meet cooling demand – possible refrigerant leak,Sensor calibration issue,0.352,HVAC unable to meet cooling demand – possible refrigerant leak
HVAC,HVAC unable to meet cooling demand – possible refrigerant leak,HVAC unable to meet cooling demand – possible refrigerant leak,,0.323,HVAC unable to meet cooling demand – possible refrigerant leak
HVAC,HVAC unable to meet cooling demand – possible refrigerant leak,HVAC unable to meet cooling demand – possible refrigerant leak,HVAC unable to meet cooling demand – possible refrigerant leak,0.779,HVAC unable to meet cooling demand – possible refrigerant leak
HVAC,,,,0.921,
HVAC,,,Control system instability,0.473,Control system instability
HVAC,,,,0.708,
HVAC,Excess humidity – possible condensate drain blockage,Excess humidity – possible condensate drain blockage,Excess humidity – possible condensate drain blockage,0.843,Excess humidity – possible condensate drain blockage
HVAC,,,,0.767,
HVAC,,,,0.802,
HVAC,,,,0.911,
HVAC,Excess humidity – possible condensate drain blockage,Excess humidity – possible condensate drain blockage,,0.362,Excess humidity – possible condensate drain blockage
HVAC,,,,0.786,
HVAC,,,,0.87,
HVAC,,,,0.817,
HVAC,Excess humidity – possible condensate drain blockage,Excess humidity – possible condensate drain blockage,Excess humidity – possible condensate drain blockage,0.835,Excess humidity – possible condensate drain blockage
HVAC,,,,0.73,
HVAC,,,,0.664,
HVAC,,,,0.904,
HVAC,,,,0.249,
HVAC,,,,0.8,
HVAC,,,,0.653,
HVAC,Excess humidity – possible condensate drain blockage,Excess humidity – possible condensate drain blockage,Excess humidity – possible condensate drain blockage,0.931,Excess humidity – possible condensate drain blockage
HVAC,Excess humidity – possible condensate drain blockage,Excess humidity – possible condensate drain blockage,Excess humidity – possible condensate drain blockage,0.863,Excess humidity – possible condensate drain blockage
HVAC,,,,0.641,
HVAC,,,,0.259,
HVAC,,,,0.719,
HVAC,,,,0.295,
HVAC,Excess humidity – possible condensate drain blockage,Excess humidity – possible condensate drain blockage,General performance degradation,0.333,Excess humidity – possible condensate drain blockage
HVAC,,,,0.308,
HVAC,HVAC unable to meet cooling demand – possible refrigerant leak,HVAC unable to meet cooling demand – possible refrigerant leak,HVAC unable to meet cooling demand – possible refrigerant leak,0.71,HVAC unable to meet cooling demand – possible refrigerant leak
HVAC,Excess humidity – possible condensate drain blockage,Excess humidity – possible condensate drain blockage,Excess humidity – possible condensate drain blockage,0.859,Excess humidity – possible condensate drain blockage
HVAC,HVAC unable to meet cooling demand – possible refrigerant leak,HVAC unable to meet cooling demand – possible refrigerant leak,,0.363,HVAC unable to meet cooling demand – possible refrigerant leak
HVAC,Excess humidity – possible condensate drain blockage,Excess humidity – possible condensate drain blockage,,0.313,Excess humidity – possible condensate drain blockage
HVAC,Excess humidity – possible condensate drain blockage,Excess humidity – possible condensate drain blockage,Excess humidity – possible condensate drain blockage,0.928,Excess humidity – possible condensate drain blockage
HVAC,,,,0.348,
HVAC,,,,0.722,
HVAC,Excess humidity – possible condensate drain blockage,Excess humidity – possible condensate drain blockage,Excess humidity – possible condensate drain blockage,0.938,Excess humidity – possible condensate drain blockage
HVAC,,,,0.346,
HVAC,Excess humidity – possible condensate drain blockage,Excess humidity – possible condensate drain blockage,Excess humidity – possible condensate drain blockage,0.649,Excess humidity – possible condensate drain blockage
HVAC,Excess humidity – possible condensate drain blockage,Excess humidity – possible condensate drain blockage,Excess humidity – possible condensate drain blockage,0.877,Excess humidity – possible condensate drain blockage
HVAC,Excess humidity – possible condensate drain blockage,Excess humidity – possible condensate drain blockage,Excess humidity – possible condensate drain blockage,0.911,Excess humidity – possible condensate drain blockage
HVAC,,,,0.241,
HVAC,,,,0.9,
HVAC,,,,0.789,
HVAC,Excess humidity – possible condensate drain blockage,Excess humidity – possible condensate drain blockage,Excess humidity – possible condensate drain blockage,0.624,Excess humidity – possible condensate drain blockage
HVAC,Excess humidity – possible condensate drain blockage,Excess humidity – possible condensate drain blockage,Excess humidity – possible condensate drain blockage,0.764,Excess humidity – possible condensate drain blockage
HVAC,Excess humidity – possible condensate drain blockage,Excess humidity – possible condensate drain blockage,Excess humidity – possible condensate drain blockage,0.677,Excess humidity – possible condensate drain blockage
HVAC,,,,0.622,
HVAC,Excess humidity – possible condensate drain blockage,Excess humidity – possible condensate drain blockage,,0.257,Excess humidity – possible condensate drain blockage
HVAC,,,,0.62,
HVAC,,,,0.711,
HVAC,,,,0.947,
HVAC,HVAC unable to meet cooling demand – possible refrigerant leak,HVAC unable to meet cooling demand – possible refrigerant leak,HVAC unable to meet cooling demand – possible refrigerant leak,0.675,HVAC unable to meet cooling demand – possible refrigerant leak
HVAC,,,,0.711,
HVAC,,,,0.27,
HVAC,,,,0.713,
HVAC,,,,0.739,
HVAC,HVAC unable to meet cooling demand – possible refrigerant leak,HVAC unable to meet cooling demand – possible refrigerant leak,HVAC unable to meet cooling demand – possible refrigerant leak,0.753,HVAC unable to meet cooling demand – possible refrigerant leak
HVAC,HVAC unable to meet cooling demand – possible refrigerant leak,HVAC unable to meet cooling demand – possible refrigerant leak,HVAC unable to meet cooling demand – possible refrigerant leak,0.611,HVAC unable to meet cooling demand – possible refrigerant leak
HVAC,,,,0.694,
HVAC,,,,0.908,
HVAC,HVAC unable to meet cooling demand – possible refrigerant leak,HVAC unable to meet cooling demand – possible refrigerant leak,HVAC unable to meet cooling demand – possible refrigerant leak,0.944,HVAC unable to meet cooling demand – possible refrigerant leak
HVAC,HVAC unable to meet cooling demand – possible refrigerant leak,HVAC unable to meet cooling demand – possible refrigerant leak,HVAC unable to meet cooling demand – possible refrigerant leak,0.924,HVAC unable to meet cooling demand – possible refrigerant leak
HVAC,Excess humidity – possible condensate drain blockage,Excess humidity – possible condensate drain blockage,Excess humidity – possible condensate drain blockage,0.79,Excess humidity – possible condensate drain blockage
HVAC,Excess humidity – possible condensate drain blockage,Excess humidity – possible condensate drain blockage,Excess humidity – possible condensate drain blockage,0.835,Excess humidity – possible condensate drain blockage
HVAC,,,,0.631,
HVAC,,,,0.836,
HVAC,Excess humidity – possible condensate drain blockage,Excess humidity – possible condensate drain blockage,Excess humidity – possible condensate drain blockage,0.743,Excess humidity – possible condensate drain blockage
HVAC,,,,0.804,
HVAC,,,,0.242,
HVAC,,,General performance degradation,0.47,General performance degradation
HVAC,,,,0.783,
HVAC,,,,0.678,
HVAC,,,,0.651,
HVAC,,,,0.755,
HVAC,,,,0.943,
HVAC,,,,0.757,
HVAC,,,,0.828,
HVAC,,,,0.855,
HVAC,,,,0.719,
HVAC,,,,0.262,
HVAC,HVAC unable to meet cooling demand – possible refrigerant leak,HVAC unable to meet cooling demand – possible refrigerant leak,HVAC unable to meet cooling demand – possible refrigerant leak,0.742,HVAC unable to meet cooling demand – possible refrigerant leak
HVAC,HVAC unable to meet cooling demand – possible refrigerant leak,HVAC unable to meet cooling demand – possible refrigerant leak,,0.372,HVAC unable to meet cooling demand – possible refrigerant leak
HVAC,,,,0.858,
HVAC,HVAC unable to meet cooling demand – possible refrigerant leak,HVAC unable to meet cooling demand – possible refrigerant leak,HVAC unable to meet cooling demand – possible refrigerant leak,0.75,HVAC unable to meet cooling demand – possible refrigerant leak
HVAC,,,,0.864,
HVAC,,,,0.646,
HVAC,HVAC unable to meet cooling demand – possible refrigerant leak,HVAC unable to meet cooling demand – possible refrigerant leak,HVAC unable to meet cooling demand – possible refrigerant leak,0.888,HVAC unable to meet cooling demand – possible refrigerant leak
HVAC,,,,0.635,
HVAC,,,,0.921,
HVAC,Excess humidity – possible condensate drain blockage,Excess humidity – possible condensate drain blockage,Excess humidity – possible condensate drain blockage,0.897,Excess humidity – possible condensate drain blockage
HVAC,,,Sensor calibration issue,0.322,Sensor calibration issue
HVAC,,,,0.321,
HVAC,,,,0.844,
HVAC,,,,0.774,
HVAC,,,,0.853,
HVAC,HVAC unable to meet cooling demand – possible refrigerant leak,HVAC unable to meet cooling demand – possible refrigerant leak,HVAC unable to meet cooling demand – possible refrigerant leak,0.667,HVAC unable to meet cooling demand – possible refrigerant leak
HVAC,,,,0.634,
HVAC,,,,0.856,
HVAC,,,,0.348,
HVAC,,,,0.916,
HVAC,,,,0.837,
HVAC,,,,0.942,
HVAC,,,,0.805,
HVAC,HVAC unable to meet cooling demand – possible refrigerant leak,HVAC unable to meet cooling demand – possible refrigerant leak,HVAC unable to meet cooling demand – possible refrigerant leak,0.698,HVAC unable to meet cooling demand – possible refrigerant leak
HVAC,,,,0.722,
HVAC,,,,0.756,
HVAC,,,,0.855,
HVAC,HVAC unable to meet cooling demand – possible refrigerant leak,HVAC unable to meet cooling demand – possible refrigerant leak,HVAC unable to meet cooling demand – possible refrigerant leak,0.697,HVAC unable to meet cooling demand – possible refrigerant leak
HVAC,HVAC unable to meet cooling demand – possible refrigerant leak,HVAC unable to meet cooling demand – possible refrigerant leak,HVAC unable to meet cooling demand – possible refrigerant leak,0.752,HVAC unable to meet cooling demand – possible refrigerant leak
HVAC,,,,0.637,
HVAC,HVAC unable to meet cooling demand – possible refrigerant leak,HVAC unable to meet cooling demand – possible refrigerant leak,HVAC unable to meet cooling demand – possible refrigerant leak,0.723,HVAC unable to meet cooling demand – possible refrigerant leak
HVAC,HVAC unable to meet cooling demand – possible refrigerant leak,HVAC unable to meet cooling demand – possible refrigerant leak,HVAC unable to meet cooling demand – possible refrigerant leak,0.618,HVAC unable to meet cooling demand – possible refrigerant leak
HVAC,,,,0.627,
HVAC,,,Control system instability,0.446,Control system instability
HVAC,,,,0.279,
HVAC,Excess humidity – possible condensate drain blockage,Excess humidity – possible condensate drain blockage,Excess humidity – possible condensate drain blockage,0.895,Excess humidity – possible condensate drain blockage
HVAC,HVAC unable to meet cooling demand – possible refrigerant leak,HVAC unable to meet cooling demand – possible refrigerant leak,,0.345,HVAC unable to meet cooling demand – possible refrigerant leak
HVAC,,,,0.791,
HVAC,,,,0.771,
HVAC,,,,0.658,
HVAC,,,,0.875,
HVAC,,,,0.934,
HVAC,,,,0.799,
HVAC,,,,0.64,
HVAC,,,,0.922,
HVAC,,,,0.948,
HVAC,,,,0.938,
HVAC,,,,0.943,
HVAC,,,,0.827,
HVAC,,,,0.622,
HVAC,HVAC unable to meet cooling demand – possible refrigerant leak,HVAC unable to meet cooling demand – possible refrigerant leak,HVAC unable to meet cooling demand – possible refrigerant leak,0.677,HVAC unable to meet cooling demand – possible refrigerant leak
HVAC,Excess humidity – possible condensate drain blockage,Excess humidity – possible condensate drain blockage,Excess humidity – possible condensate drain blockage,0.776,Excess humidity – possible condensate drain blockage
HVAC,,,Control system instability,0.463,Control system instability
HVAC,HVAC unable to meet cooling demand – possible refrigerant leak,HVAC unable to meet cooling demand – possible refrigerant leak,HVAC unable to meet cooling demand – possible refrigerant leak,0.784,HVAC unable to meet cooling demand – possible refrigerant leak
HVAC,,,,0.83,
HVAC,Excess humidity – possible condensate drain blockage,Excess humidity – possible condensate drain blockage,Excess humidity – possible condensate drain blockage,0.622,Excess humidity – possible condensate drain blockage
HVAC,Excess humidity – possible condensate drain blockage,Excess humidity – possible condensate drain blockage,Excess humidity – possible condensate drain blockage,0.864,Excess humidity – possible condensate drain blockage
HVAC,,,,0.749,
HVAC,,,,0.639,
HVAC,,,,0.794,
HVAC,Excess humidity – possible condensate drain blockage,Excess humidity – possible condensate drain blockage,Excess humidity – possible condensate drain blockage,0.622,Excess humidity – possible condensate drain blockage
HVAC,Excess humidity – possible condensate drain blockage,Excess humidity – possible condensate drain blockage,Excess humidity – possible condensate drain blockage,0.879,Excess humidity – possible condensate drain blockage
HVAC,HVAC unable to meet cooling demand – possible refrigerant leak,HVAC unable to meet cooling demand – possible refrigerant leak,HVAC unable to meet cooling demand – possible refrigerant leak,0.84,HVAC unable to meet cooling demand – possible refrigerant leak
HVAC,HVAC unable to meet cooling demand – possible refrigerant leak,HVAC unable to meet cooling demand – possible refrigerant leak,Control system instability,0.445,HVAC unable to meet cooling demand – possible refrigerant leak
HVAC,,,,0.772,
HVAC,HVAC unable to meet cooling demand – possible refrigerant leak,HVAC unable to meet cooling demand – possible refrigerant leak,HVAC unable to meet cooling demand – possible refrigerant leak,0.613,HVAC unable to meet cooling demand – possible refrigerant leak
HVAC,,,,0.807,
HVAC,,,,0.746,
HVAC,HVAC unable to meet cooling demand – possible refrigerant leak,HVAC unable to meet cooling demand – possible refrigerant leak,HVAC unable to meet cooling demand – possible refrigerant leak,0.941,HVAC unable to meet cooling demand – possible refrigerant leak
HVAC,,,,0.719,
HVAC,HVAC unable to meet cooling demand – possible refrigerant leak,HVAC unable to meet cooling demand – possible refrigerant leak,HVAC unable to meet cooling demand – possible refrigerant leak,0.813,HVAC unable to meet cooling demand – possible refrigerant leak
HVAC,,,,0.715,
HVAC,HVAC unable to meet cooling demand – possible refrigerant leak,HVAC unable to meet cooling demand – possible refrigerant leak,,0.299,HVAC unable to meet cooling demand – possible refrigerant leak
HVAC,HVAC unable to meet cooling demand – possible refrigerant leak,HVAC unable to meet cooling demand – possible refrigerant leak,HVAC unable to meet cooling demand – possible refrigerant leak,0.911,HVAC unable to meet cooling demand – possible refrigerant leak
HVAC,,,,0.776,
HVAC,,,,0.684,
HVAC,,,,0.768,
HVAC,,,,0.301,
HVAC,,,,0.878,
HVAC,,,,0.819,
HVAC,,,,0.648,
HVAC,,,Control system instability,0.465,Control system instability
HVAC,,,,0.742,
HVAC,,,,0.749,
HVAC,,,,0.812,
HVAC,,,,0.864,
HVAC,Excess humidity – possible condensate drain blockage,Excess humidity – possible condensate drain blockage,Excess humidity – possible condensate drain blockage,0.945,Excess humidity – possible condensate drain blockage
HVAC,,,,0.687,
HVAC,Excess humidity – possible condensate drain blockage,Excess humidity – possible condensate drain blockage,Excess humidity – possible condensate drain blockage,0.628,Excess humidity – possible condensate drain blockage
HVAC,,,,0.348,
HVAC,,,,0.368,
HVAC,,,,0.878,
HVAC,,,,0.938,
HVAC,,,,0.612,
HVAC,,,,0.769,
HVAC,,,,0.673,
HVAC,HVAC unable to meet cooling demand – possible refrigerant leak,HVAC unable to meet cooling demand – possible refrigerant leak,HVAC unable to meet cooling demand – possible refrigerant leak,0.65,HVAC unable to meet cooling demand – possible refrigerant leak
HVAC,,,,0.757,
HVAC,,,,0.304,
HVAC,,,,0.759,
HVAC,,,,0.337,
HVAC,HVAC unable to meet cooling demand – possible refrigerant leak,HVAC unable to meet cooling demand – possible refrigerant leak,HVAC unable to meet cooling demand – possible refrigerant leak,0.66,HVAC unable to meet cooling demand – possible refrigerant leak
HVAC,Excess humidity – possible condensate drain blockage,Excess humidity – possible condensate drain blockage,Excess humidity – possible condensate drain blockage,0.768,Excess humidity – possible condensate drain blockage
HVAC,Excess humidity – possible condensate drain blockage,Excess humidity – possible condensate drain blockage,Excess humidity – possible condensate drain blockage,0.83,Excess humidity – possible condensate drain blockage
HVAC,,,,0.944,
HVAC,HVAC unable to meet cooling demand – possible refrigerant leak,HVAC unable to meet cooling demand – possible refrigerant leak,HVAC unable to meet cooling demand – possible refrigerant leak,0.806,HVAC unable to meet cooling demand – possible refrigerant leak
HVAC,,,,0.899,
HVAC,,,,0.658,
HVAC,,,,0.848,
HVAC,,,,0.932,
HVAC,,,,0.638,
HVAC,,,,0.92,
HVAC,HVAC unable to meet cooling demand – possible refrigerant leak,HVAC unable to meet cooling demand – possible refrigerant leak,HVAC unable to meet cooling demand – possible refrigerant leak,0.839,HVAC unable to meet cooling demand – possible refrigerant leak
HVAC,,,,0.941,
HVAC,HVAC unable to meet cooling demand – possible refrigerant leak,HVAC unable to meet cooling demand – possible refrigerant leak,Unexpected power fluctuation,0.322,HVAC unable to meet cooling demand – possible refrigerant leak
HVAC,Excess humidity – possible condensate drain blockage,Excess humidity – possible condensate drain blockage,,0.273,Excess humidity – possible condensate drain blockage
HVAC,,,,0.763,
HVAC,HVAC unable to meet cooling demand – possible refrigerant leak,HVAC unable to meet cooling demand – possible refrigerant leak,HVAC unable to meet cooling demand – possible refrigerant leak,0.929,HVAC unable to meet cooling demand – possible refrigerant leak
HVAC,,,,0.844,
HVAC,,,,0.912,
HVAC,,,,0.79,
HVAC,,,,0.895,
HVAC,,,,0.831,
HVAC,HVAC unable to meet cooling demand – possible refrigerant leak,HVAC unable to meet cooling demand – possible refrigerant leak,HVAC unable to meet cooling demand – possible refrigerant leak,0.901,HVAC unable to meet cooling demand – possible refrigerant leak
HVAC,,,,0.753,
HVAC,,,,0.697,
HVAC,HVAC unable to meet cooling demand – possible refrigerant leak,HVAC unable to meet cooling demand – possible refrigerant leak,HVAC unable to meet cooling demand – possible refrigerant leak,0.718,HVAC unable to meet cooling demand – possible refrigerant leak
HVAC,Excess humidity – possible condensate drain blockage,Excess humidity – possible condensate drain blockage,Excess humidity – possible condensate drain blockage,0.824,Excess humidity – possible condensate drain blockage
HVAC,,,,0.78,
HVAC,,,,0.601,
HVAC,,,,0.838,
HVAC,Excess humidity – possible condensate drain blockage,Excess humidity – possible condensate drain blockage,,0.293,Excess humidity – possible condensate drain blockage
HVAC,HVAC unable to meet cooling demand – possible refrigerant leak,HVAC unable to meet cooling demand – possible refrigerant leak,HVAC unable to meet cooling demand – possible refrigerant leak,0.665,HVAC unable to meet cooling demand – possible refrigerant leak
HVAC,HVAC unable to meet cooling demand – possible refrigerant leak,HVAC unable to meet cooling demand – possible refrigerant leak,HVAC unable to meet cooling demand – possible refrigerant leak,0.808,HVAC unable to meet cooling demand – possible refrigerant leak
HVAC,Excess humidity – possible condensate drain blockage,Excess humidity – possible condensate drain blockage,Excess humidity – possible condensate drain blockage,0.803,Excess humidity – possible condensate drain blockage
HVAC,,,,0.307,
HVAC,Excess humidity – possible condensate drain blockage,Excess humidity – possible condensate drain blockage,Control system instability,0.469,Excess humidity – possible condensate drain blockage
HVAC,,,,0.943,
HVAC,,,,0.711,
HVAC,,,,0.746,
HVAC,,,,0.723,
HVAC,HVAC unable to meet cooling demand – possible refrigerant leak,HVAC unable to meet cooling demand – possible refrigerant leak,HVAC unable to meet cooling demand – possible refrigerant leak,0.655,HVAC unable to meet cooling demand – possible refrigerant leak
HVAC,,,,0.799,
HVAC,,,,0.659,
HVAC,,,,0.701,
HVAC,,,,0.825,
HVAC,,,,0.743,
HVAC,,,,0.772,
HVAC,,,,0.692,
HVAC,Excess humidity – possible condensate drain blockage,Excess humidity – possible condensate drain blockage,General performance degradation,0.404,Excess humidity – possible condensate drain blockage
HVAC,,,,0.668,
HVAC,HVAC unable to meet cooling demand – possible refrigerant leak,HVAC unable to meet cooling demand – possible refrigerant leak,HVAC unable to meet cooling demand – possible refrigerant leak,0.737,HVAC unable to meet cooling demand – possible refrigerant leak
HVAC,,,,0.712,
HVAC,HVAC unable to meet cooling demand – possible refrigerant leak,HVAC unable to meet cooling demand – possible refrigerant leak,HVAC unable to meet cooling demand – possible refrigerant leak,0.909,HVAC unable to meet cooling demand – possible refrigerant leak
HVAC,,,,0.676,
HVAC,,,,0.886,
HVAC,,,,0.846,
HVAC,,,,0.812,
HVAC,,,,0.874,
HVAC,HVAC unable to meet cooling demand – possible refrigerant leak,HVAC unable to meet cooling demand – possible refrigerant leak,HVAC unable to meet cooling demand – possible refrigerant leak,0.941,HVAC unable to meet cooling demand – possible refrigerant leak
HVAC,,,,0.623,
HVAC,Excess humidity – possible condensate drain blockage,Excess humidity – possible condensate drain blockage,Excess humidity – possible condensate drain blockage,0.787,Excess humidity – possible condensate drain blockage
HVAC,,,,0.733,
HVAC,HVAC unable to meet cooling demand – possible refrigerant leak,HVAC unable to meet cooling demand – possible refrigerant leak,,0.297,HVAC unable to meet cooling demand – possible refrigerant leak
HVAC,,,,0.917,
HVAC,,,,0.922,
HVAC,,,,0.369,
HVAC,,,,0.862,
HVAC,Excess humidity – possible condensate drain blockage,Excess humidity – possible condensate drain blockage,Excess humidity – possible condensate drain blockage,0.698,Excess humidity – possible condensate drain blockage
HVAC,,,,0.74,
HVAC,Excess humidity – possible condensate drain blockage,Excess humidity – possible condensate drain blockage,Excess humidity – possible condensate drain blockage,0.839,Excess humidity – possible condensate drain blockage
HVAC,,,,0.741,
HVAC,,,,0.793,
HVAC,,,,0.601,
HVAC,,,,0.644,
HVAC,,,,0.768,
HVAC,,,,0.267,
HVAC,,,,0.934,
HVAC,HVAC unable to meet cooling demand – possible refrigerant leak,HVAC unable to meet cooling demand – possible refrigerant leak,HVAC unable to meet cooling demand – possible refrigerant leak,0.681,HVAC unable to meet cooling demand – possible refrigerant leak
HVAC,,,,0.704,
HVAC,,,,0.628,
HVAC,,,,0.8,
HVAC,,,,0.351,
HVAC,Excess humidity – possible condensate drain blockage,Excess humidity – possible condensate drain blockage,Excess humidity – possible condensate drain blockage,0.842,Excess humidity – possible condensate drain blockage
HVAC,,,,0.946,
HVAC,,,,0.759,
HVAC,,,,0.302,
HVAC,,,,0.919,
HVAC,,,,0.832,
HVAC,,,,0.681,
HVAC,,,,0.711,
HVAC,,,,0.673,
HVAC,Excess humidity – possible condensate drain blockage,Excess humidity – possible condensate drain blockage,Excess humidity – possible condensate drain blockage,0.81,Excess humidity – possible condensate drain blockage
HVAC,,,,0.612,
HVAC,,,,0.89,
HVAC,,,,0.789,
HVAC,Excess humidity – possible condensate drain blockage,Excess humidity – possible condensate drain blockage,Excess humidity – possible condensate drain blockage,0.856,Excess humidity – possible condensate drain blockage
HVAC,Excess humidity – possible condensate drain blockage,Excess humidity – possible condensate drain blockage,Excess humidity – possible condensate drain blockage,0.649,Excess humidity – possible condensate drain blockage
HVAC,,,,0.282,
HVAC,,,General performance degradation,0.337,General performance degradation
HVAC,HVAC unable to meet cooling demand – possible refrigerant leak,HVAC unable to meet cooling demand – possible refrigerant leak,HVAC unable to meet cooling demand – possible refrigerant leak,0.883,HVAC unable to meet cooling demand – possible refrigerant leak
HVAC,,,,0.704,
HVAC,,,,0.662,
HVAC,,,,0.843,
HVAC,,,,0.876,
HVAC,,,,0.902,
HVAC,,,,0.908,
HVAC,,,,0.737,
HVAC,Excess humidity – possible condensate drain blockage,Excess humidity – possible condensate drain blockage,Excess humidity – possible condensate drain blockage,0.648,Excess humidity – possible condensate drain blockage
HVAC,,,,0.839,
HVAC,,,,0.314,
HVAC,,,,0.748,
HVAC,,,,0.314,
HVAC,Excess humidity – possible condensate drain blockage,Excess humidity – possible condensate drain blockage,Excess humidity – possible condensate drain blockage,0.801,Excess humidity – possible condensate drain blockage
HVAC,,,,0.348,
HVAC,HVAC unable to meet cooling demand – possible refrigerant leak,HVAC unable to meet cooling demand – possible refrigerant leak,HVAC unable to meet cooling demand – possible refrigerant leak,0.857,HVAC unable to meet cooling demand – possible refrigerant leak
HVAC,,,General performance degradation,0.362,General performance degradation
HVAC,HVAC unable to meet cooling demand – possible refrigerant leak,HVAC unable to meet cooling demand – possible refrigerant leak,HVAC unable to meet cooling demand – possible refrigerant leak,0.69,HVAC unable to meet cooling demand – possible refrigerant leak
HVAC,,,,0.78,
HVAC,,,,0.83,
HVAC,,,,0.601,
HVAC,,,,0.346,
HVAC,HVAC unable to meet cooling demand – possible refrigerant leak,HVAC unable to meet cooling demand – possible refrigerant leak,,0.351,HVAC unable to meet cooling demand – possible refrigerant leak
HVAC,,,,0.718,
HVAC,,,,0.839,
HVAC,Excess humidity – possible condensate drain blockage,Excess humidity – possible condensate drain blockage,Excess humidity – possible condensate drain blockage,0.94,Excess humidity – possible condensate drain blockage
HVAC,,,,0.68,
HVAC,,,,0.835,
HVAC,,,,0.779,
HVAC,,,,0.639,
HVAC,,,,0.903,
HVAC,,,,0.788,
HVAC,,,,0.866,
HVAC,HVAC unable to meet cooling demand – possible refrigerant leak,HVAC unable to meet cooling demand – possible refrigerant leak,HVAC unable to meet cooling demand – possible refrigerant leak,0.771,HVAC unable to meet cooling demand – possible refrigerant leak
HVAC,,,,0.947,
HVAC,,,,0.68,
HVAC,Excess humidity – possible condensate drain blockage,Excess humidity – possible condensate drain blockage,Excess humidity – possible condensate drain blockage,0.941,Excess humidity – possible condensate drain blockage
HVAC,,,,0.896,
HVAC,,,,0.715,
HVAC,,,,0.661,
HVAC,,,,0.676,
HVAC,,,,0.739,
HVAC,,,,0.638,
HVAC,Excess humidity – possible condensate drain blockage,Excess humidity – possible condensate drain blockage,Excess humidity – possible condensate drain blockage,0.72,Excess humidity – possible condensate drain blockage
HVAC,,,,0.764,
HVAC,HVAC unable to meet cooling demand – possible refrigerant leak,HVAC unable to meet cooling demand – possible refrigerant leak,HVAC unable to meet cooling demand – possible refrigerant leak,0.635,HVAC unable to meet cooling demand – possible refrigerant leak
HVAC,Excess humidity – possible condensate drain blockage,Excess humidity – possible condensate drain blockage,Excess humidity – possible condensate drain blockage,0.667,Excess humidity – possible condensate drain blockage
HVAC,,,,0.903,
HVAC,,,,0.666,
HVAC,,,,0.891,
HVAC,Excess humidity – possible condensate drain blockage,Excess humidity – possible condensate drain blockage,Excess humidity – possible condensate drain blockage,0.627,Excess humidity – possible condensate drain blockage
HVAC,,,,0.6,
HVAC,,,,0.933,
HVAC,,,,0.372,
HVAC,,,,0.603,
HVAC,,,,0.892,
HVAC,,,,0.904,
HVAC,HVAC unable to meet cooling demand – possible refrigerant leak,HVAC unable to meet cooling demand – possible refrigerant leak,HVAC unable to meet cooling demand – possible refrigerant leak,0.882,HVAC unable to meet cooling demand – possible refrigerant leak
HVAC,,,,0.658,
HVAC,,,,0.705,
HVAC,HVAC unable to meet cooling demand – possible refrigerant leak,HVAC unable to meet cooling demand – possible refrigerant leak,HVAC unable to meet cooling demand – possible refrigerant leak,0.729,HVAC unable to meet cooling demand – possible refrigerant leak
HVAC,HVAC unable to meet cooling demand – possible refrigerant leak,HVAC unable to meet cooling demand – possible refrigerant leak,HVAC unable to meet cooling demand – possible refrigerant leak,0.792,HVAC unable to meet cooling demand – possible refrigerant leak
HVAC,,,,0.328,
HVAC,HVAC unable to meet cooling demand – possible refrigerant leak,HVAC unable to meet cooling demand – possible refrigerant leak,HVAC unable to meet cooling demand – possible refrigerant leak,0.712,HVAC unable to meet cooling demand – possible refrigerant leak
HVAC,,,,0.798,
HVAC,,,,0.248,
HVAC,,,,0.659,
HVAC,,,,0.252,
HVAC,HVAC unable to meet cooling demand – possible refrigerant leak,HVAC unable to meet cooling demand – possible refrigerant leak,HVAC unable to meet cooling demand – possible refrigerant leak,0.709,HVAC unable to meet cooling demand – possible refrigerant leak
HVAC,HVAC unable to meet cooling demand – possible refrigerant leak,HVAC unable to meet cooling demand – possible refrigerant leak,HVAC unable to meet cooling demand – possible refrigerant leak,0.684,HVAC unable to meet cooling demand – possible refrigerant leak
HVAC,,,,0.683,
HVAC,,,,0.865,
HVAC,,,,0.654,
HVAC,,,,0.725,
HVAC,,,General performance degradation,0.322,General performance degradation
HVAC,,,,0.751,
HVAC,Excess humidity – possible condensate drain blockage,Excess humidity – possible condensate drain blockage,Excess humidity – possible condensate drain blockage,0.701,Excess humidity – possible condensate drain blockage
HVAC,,,,0.785,
HVAC,,,,0.779,
HVAC,,,,0.245,
HVAC,,,,0.85,
HVAC,,,,0.779,
HVAC,,,,0.879,
HVAC,,,,0.706,
HVAC,Excess humidity – possible condensate drain blockage,Excess humidity – possible condensate drain blockage,Excess humidity – possible condensate drain blockage,0.879,Excess humidity – possible condensate drain blockage
HVAC,,,,0.647,
HVAC,,,,0.889,
HVAC,,,,0.788,
HVAC,,,,0.895,
HVAC,,,,0.937,
HVAC,,,,0.739,
HVAC,,,,0.608,
HVAC,,,,0.854,
HVAC,HVAC unable to meet cooling demand – possible refrigerant leak,HVAC unable to meet cooling demand – possible refrigerant leak,HVAC unable to meet cooling demand – possible refrigerant leak,0.861,HVAC unable to meet cooling demand – possible refrigerant leak
HVAC,,Excess humidity – possible condensate drain blockage,,0.85,Excess humidity – possible condensate drain blockage
HVAC,Excess humidity – possible condensate drain blockage,Excess humidity – possible condensate drain blockage,Excess humidity – possible condensate drain blockage,0.639,Excess humidity – possible condensate drain blockage
HVAC,,,,0.242,
HVAC,,,,0.692,
HVAC,,HVAC unable to meet cooling demand – possible refrigerant leak,,0.286,HVAC unable to meet cooling demand – possible refrigerant leak
HVAC,,,,0.683,
HVAC,HVAC unable to meet cooling demand – possible refrigerant leak,HVAC unable to meet cooling demand – possible refrigerant leak,HVAC unable to meet cooling demand – possible refrigerant leak,0.724,HVAC unable to meet cooling demand – possible refrigerant leak
HVAC,,,,0.906,
HVAC,HVAC unable to meet cooling demand – possible refrigerant leak,HVAC unable to meet cooling demand – possible refrigerant leak,HVAC unable to meet cooling demand – possible refrigerant leak,0.804,HVAC unable to meet cooling demand – possible refrigerant leak
HVAC,HVAC unable to meet cooling demand – possible refrigerant leak,HVAC unable to meet cooling demand – possible refrigerant leak,HVAC unable to meet cooling demand – possible refrigerant leak,0.786,HVAC unable to meet cooling demand – possible refrigerant leak
HVAC,,,,0.638,
HVAC,Excess humidity – possible condensate drain blockage,Excess humidity – possible condensate drain blockage,Excess humidity – possible condensate drain blockage,0.846,Excess humidity – possible condensate drain blockage
HVAC,,,,0.658,
HVAC,,,,0.678,
HVAC,Excess humidity – possible condensate drain blockage,Excess humidity – possible condensate drain blockage,Excess humidity – possible condensate drain blockage,0.787,Excess humidity – possible condensate drain blockage
HVAC,,,,0.848,
HVAC,,,,0.602,
HVAC,,,,0.8,
HVAC,,,,0.924,
HVAC,,,,0.841,
HVAC,Excess humidity – possible condensate drain blockage,,,0.317,
HVAC,,,,0.948,
HVAC,,,,0.713,
HVAC,Excess humidity – possible condensate drain blockage,,Excess humidity – possible condensate drain blockage,0.673,Excess humidity – possible condensate drain blockage
HVAC,,,,0.749,
HVAC,,,,0.769,
HVAC,,,,0.929,
HVAC,HVAC unable to meet cooling demand – possible refrigerant leak,HVAC unable to meet cooling demand – possible refrigerant leak,HVAC unable to meet cooling demand – possible refrigerant leak,0.833,HVAC unable to meet cooling demand – possible refrigerant leak
HVAC,,,,0.622,
HVAC,,Excess humidity – possible condensate drain blockage,Control system instability,0.439,Excess humidity – possible condensate drain blockage
HVAC,Excess humidity – possible condensate drain blockage,Excess humidity – possible condensate drain blockage,Excess humidity – possible condensate drain blockage,0.939,Excess humidity – possible condensate drain blockage
HVAC,,,,0.925,
HVAC,,,,0.928,
HVAC,,,,0.884,
HVAC,Excess humidity – possible condensate drain blockage,Excess humidity – possible condensate drain blockage,Excess humidity – possible condensate drain blockage,0.691,Excess humidity – possible condensate drain blockage
HVAC,,,,0.629,
HVAC,Excess humidity – possible condensate drain blockage,,Excess humidity – possible condensate drain blockage,0.943,Excess humidity – possible condensate drain blockage
HVAC,Excess humidity – possible condensate drain blockage,Excess humidity – possible condensate drain blockage,Excess humidity – possible condensate drain blockage,0.94,Excess humidity – possible condensate drain blockage
HVAC,,,,0.798,
HVAC,,,,0.627,
HVAC,,,,0.903,
HVAC,Excess humidity – possible condensate drain blockage,Excess humidity – possible condensate drain blockage,Sensor calibration issue,0.464,Excess humidity – possible condensate drain blockage
HVAC,Excess humidity – possible condensate drain blockage,Excess humidity – possible condensate drain blockage,Excess humidity – possible condensate drain blockage,0.859,Excess humidity – possible condensate drain blockage
HVAC,,,,0.328,
HVAC,,,,0.616,
HVAC,HVAC unable to meet cooling demand – possible refrigerant leak,HVAC unable to meet cooling demand – possible refrigerant leak,HVAC unable to meet cooling demand – possible refrigerant leak,0.795,HVAC unable to meet cooling demand – possible refrigerant leak
HVAC,,,,0.603,
HVAC,,,,0.688,
HVAC,Excess humidity – possible condensate drain blockage,Excess humidity – possible condensate drain blockage,General performance degradation,0.365,Excess humidity – possible condensate drain blockage
HVAC,HVAC unable to meet cooling demand – possible refrigerant leak,HVAC unable to meet cooling demand – possible refrigerant leak,Unexpected power fluctuation,0.449,HVAC unable to meet cooling demand – possible refrigerant leak
HVAC,,,Control system instability,0.383,Control system instability
HVAC,,,,0.684,
HVAC,,,,0.764,
HVAC,HVAC unable to meet cooling demand – possible refrigerant leak,HVAC unable to meet cooling demand – possible refrigerant leak,HVAC unable to meet cooling demand – possible refrigerant leak,0.865,HVAC unable to meet cooling demand – possible refrigerant leak
HVAC,,,Unexpected power fluctuation,0.414,Unexpected power fluctuation
HVAC,,,,0.893,
HVAC,,,,0.873,
HVAC,,,,0.947,
HVAC,,,,0.816,
HVAC,,,,0.264,
HVAC,HVAC unable to meet cooling demand – possible refrigerant leak,,HVAC unable to meet cooling demand – possible refrigerant leak,0.878,HVAC unable to meet cooling demand – possible refrigerant leak
HVAC,,,,0.924,
HVAC,,Excess humidity – possible condensate drain blockage,,0.697,Excess humidity – possible condensate drain blockage
HVAC,Excess humidity – possible condensate drain blockage,Excess humidity – possible condensate drain blockage,Excess humidity – possible condensate drain blockage,0.722,Excess humidity – possible condensate drain blockage
HVAC,,,,0.802,
HVAC,,,,0.859,
HVAC,,,,0.643,
HVAC,Excess humidity – possible condensate drain blockage,Excess humidity – possible condensate drain blockage,Excess humidity – possible condensate drain blockage,0.888,Excess humidity – possible condensate drain blockage
HVAC,,,,0.751,
HVAC,,Excess humidity – possible condensate drain blockage,,0.939,Excess humidity – possible condensate drain blockage
HVAC,,,Control system instability,0.43,Control system instability
HVAC,,,,0.778,
HVAC,,,,0.884,
HVAC,,,,0.916,
HVAC,,,,0.931,
HVAC,,,,0.87,
HVAC,,,,0.758,
HVAC,,,,0.892,
HVAC,,,,0.839,
HVAC,,,,0.709,
HVAC,,,,0.858,
HVAC,HVAC unable to meet cooling demand – possible refrigerant leak,HVAC unable to meet cooling demand – possible refrigerant leak,,0.352,HVAC unable to meet cooling demand – possible refrigerant leak
HVAC,,,Control system instability,0.302,Control system instability
HVAC,,,,0.79,
HVAC,,,,0.723,
HVAC,Excess humidity – possible condensate drain blockage,Excess humidity – possible condensate drain blockage,Excess humidity – possible condensate drain blockage,0.822,Excess humidity – possible condensate drain blockage
HVAC,Excess humidity – possible condensate drain blockage,Excess humidity – possible condensate drain blockage,Excess humidity – possible condensate drain blockage,0.605,Excess humidity – possible condensate drain blockage
HVAC,,,,0.876,
HVAC,,,,0.761,
HVAC,,,,0.93,
HVAC,,,,0.837,
HVAC,Excess humidity – possible condensate drain blockage,Excess humidity – possible condensate drain blockage,Excess humidity – possible condensate drain blockage,0.605,Excess humidity – possible condensate drain blockage
HVAC,Excess humidity – possible condensate drain blockage,Excess humidity – possible condensate drain blockage,,0.293,Excess humidity – possible condensate drain blockage
HVAC,Excess humidity – possible condensate drain blockage,,Excess humidity – possible condensate drain blockage,0.732,Excess humidity – possible condensate drain blockage
HVAC,,,,0.778,
HVAC,HVAC unable to meet cooling demand – possible refrigerant leak,HVAC unable to meet cooling demand – possible refrigerant leak,,0.306,HVAC unable to meet cooling demand – possible refrigerant leak
HVAC,,,,0.773,
HVAC,,,,0.806,
HVAC,,,,0.796,
HVAC,HVAC unable to meet cooling demand – possible refrigerant leak,HVAC unable to meet cooling demand – possible refrigerant leak,Unexpected power fluctuation,0.312,HVAC unable to meet cooling demand – possible refrigerant leak
HVAC,Excess humidity – possible condensate drain blockage,Excess humidity – possible condensate drain blockage,Excess humidity – possible condensate drain blockage,0.788,Excess humidity – possible condensate drain blockage
HVAC,,,,0.605,
HVAC,,,,0.613,
HVAC,,,,0.771,
HVAC,,,,0.882,
HVAC,,,,0.687,
HVAC,Excess humidity – possible condensate drain blockage,Excess humidity – possible condensate drain blockage,Excess humidity – possible condensate drain blockage,0.746,Excess humidity – possible condensate drain blockage
HVAC,,,,0.789,
HVAC,,,,0.912,
HVAC,Excess humidity – possible condensate drain blockage,Excess humidity – possible condensate drain blockage,Excess humidity – possible condensate drain blockage,0.622,Excess humidity – possible condensate drain blockage
HVAC,,,,0.829,
HVAC,,,,0.638,
HVAC,,,,0.868,
HVAC,HVAC unable to meet cooling demand – possible refrigerant leak,HVAC unable to meet cooling demand – possible refrigerant leak,HVAC unable to meet cooling demand – possible refrigerant leak,0.771,HVAC unable to meet cooling demand – possible refrigerant leak
HVAC,,,,0.61,
HVAC,,,,0.812,
HVAC,,,,0.895,
HVAC,HVAC unable to meet cooling demand – possible refrigerant leak,HVAC unable to meet cooling demand – possible refrigerant leak,HVAC unable to meet cooling demand – possible refrigerant leak,0.608,HVAC unable to meet cooling demand – possible refrigerant leak
HVAC,,,,0.743,
HVAC,,,,0.698,
HVAC,,,,0.327,
HVAC,,,,0.332,
HVAC,,Excess humidity – possible condensate drain blockage,,0.343,Excess humidity – possible condensate drain blockage
HVAC,HVAC unable to meet cooling demand – possible refrigerant leak,HVAC unable to meet cooling demand – possible refrigerant leak,HVAC unable to meet cooling demand – possible refrigerant leak,0.623,HVAC unable to meet cooling demand – possible refrigerant leak
HVAC,,,,0.697,
HVAC,,,,0.245,
HVAC,,,,0.802,
HVAC,,,,0.932,
HVAC,HVAC unable to meet cooling demand – possible refrigerant leak,HVAC unable to meet cooling demand – possible refrigerant leak,HVAC unable to meet cooling demand – possible refrigerant leak,0.856,HVAC unable to meet cooling demand – possible refrigerant leak
HVAC,Excess humidity – possible condensate drain blockage,Excess humidity – possible condensate drain blockage,Excess humidity – possible condensate drain blockage,0.653,Excess humidity – possible condensate drain blockage
HVAC,Excess humidity – possible condensate drain blockage,Excess humidity – possible condensate drain blockage,Excess humidity – possible condensate drain blockage,0.805,Excess humidity – possible condensate drain blockage
HVAC,,,,0.846,
HVAC,HVAC unable to meet cooling demand – possible refrigerant leak,HVAC unable to meet cooling demand – possible refrigerant leak,HVAC unable to meet cooling demand – possible refrigerant leak,0.665,HVAC unable to meet cooling demand – possible refrigerant leak
HVAC,,,,0.931,
HVAC,,,,0.887,
HVAC,HVAC unable to meet cooling demand – possible refrigerant leak,,HVAC unable to meet cooling demand – possible refrigerant leak,0.7,HVAC unable to meet cooling demand – possible refrigerant leak
HVAC,,,,0.881,
HVAC,,Excess humidity – possible condensate drain blockage,,0.801,Excess humidity – possible condensate drain blockage
HVAC,,,,0.845,
HVAC,HVAC unable to meet cooling demand – possible refrigerant leak,HVAC unable to meet cooling demand – possible refrigerant leak,,0.334,HVAC unable to meet cooling demand – possible refrigerant leak
HVAC,,,,0.852,
HVAC,,,,0.737,
HVAC,,,,0.621,
HVAC,,,,0.631,
HVAC,,,,0.618,
HVAC,,,,0.307,
HVAC,Excess humidity – possible condensate drain blockage,Excess humidity – possible condensate drain blockage,Excess humidity – possible condensate drain blockage,0.919,Excess humidity – possible condensate drain blockage
HVAC,,,,0.682,
HVAC,HVAC unable to meet cooling demand – possible refrigerant leak,HVAC unable to meet cooling demand – possible refrigerant leak,HVAC unable to meet cooling demand – possible refrigerant leak,0.643,HVAC unable to meet cooling demand – possible refrigerant leak
HVAC,,,,0.785,
HVAC,,,,0.675,
HVAC,,,,0.616,
HVAC,HVAC unable to meet cooling demand – possible refrigerant leak,HVAC unable to meet cooling demand – possible refrigerant leak,HVAC unable to meet cooling demand – possible refrigerant leak,0.644,HVAC unable to meet cooling demand – possible refrigerant leak
HVAC,Excess humidity – possible condensate drain blockage,Excess humidity – possible condensate drain blockage,Excess humidity – possible condensate drain blockage,0.915,Excess humidity – possible condensate drain blockage
HVAC,Excess humidity – possible condensate drain blockage,Excess humidity – possible condensate drain blockage,Excess humidity – possible condensate drain blockage,0.805,Excess humidity – possible condensate drain blockage
HVAC,,,Unexpected power fluctuation,0.356,Unexpected power fluctuation
HVAC,,,,0.324,
HVAC,Excess humidity – possible condensate drain blockage,Excess humidity – possible condensate drain blockage,,0.378,Excess humidity – possible condensate drain blockage
HVAC,,,,0.72,
HVAC,,,,0.734,
HVAC,HVAC unable to meet cooling demand – possible refrigerant leak,HVAC unable to meet cooling demand – possible refrigerant leak,HVAC unable to meet cooling demand – possible refrigerant leak,0.919,HVAC unable to meet cooling demand – possible refrigerant leak
HVAC,Excess humidity – possible condensate drain blockage,,Excess humidity – possible condensate drain blockage,0.635,Excess humidity – possible condensate drain blockage
HVAC,,,,0.361,
HVAC,,,,0.928,
HVAC,,,,0.858,
HVAC,,,,0.79,
HVAC,,,,0.693,
HVAC,,HVAC unable to meet cooling demand – possible refrigerant leak,,0.877,HVAC unable to meet cooling demand – possible refrigerant leak
HVAC,,Excess humidity – possible condensate drain blockage,,0.74,Excess humidity – possible condensate drain blockage
HVAC,,,,0.755,
HVAC,Excess humidity – possible condensate drain blockage,Excess humidity – possible condensate drain blockage,Excess humidity – possible condensate drain blockage,0.728,Excess humidity – possible condensate drain blockage
HVAC,,,,0.773,
HVAC,,,,0.641,
HVAC,Excess humidity – possible condensate drain blockage,Excess humidity – possible condensate drain blockage,Excess humidity – possible condensate drain blockage,0.661,Excess humidity – possible condensate drain blockage
HVAC,,,,0.755,
HVAC,,,Unexpected power fluctuation,0.427,Unexpected power fluctuation
HVAC,,,,0.926,
HVAC,,,,0.331,
HVAC,,,,0.253,
HVAC,,,,0.723,
HVAC,,,,0.732,
HVAC,,,,0.698,
HVAC,,,,0.779,
HVAC,Excess humidity – possible condensate drain blockage,Excess humidity – possible condensate drain blockage,Excess humidity – possible condensate drain blockage,0.755,Excess humidity – possible condensate drain blockage
HVAC,Excess humidity – possible condensate drain blockage,Excess humidity – possible condensate drain blockage,Unexpected power fluctuation,0.308,Excess humidity – possible condensate drain blockage
HVAC,,,,0.309,
HVAC,HVAC unable to meet cooling demand – possible refrigerant leak,HVAC unable to meet cooling demand – possible refrigerant leak,HVAC unable to meet cooling demand – possible refrigerant leak,0.908,HVAC unable to meet cooling demand – possible refrigerant leak
HVAC,,,,0.814,
HVAC,,,,0.837,
HVAC,,,,0.725,
HVAC,,,,0.941,
HVAC,,,,0.908,
HVAC,,,,0.872,
HVAC,,,,0.886,
HVAC,,,,0.652,
HVAC,Excess humidity – possible condensate drain blockage,Excess humidity – possible condensate drain blockage,General performance degradation,0.407,Excess humidity – possible condensate drain blockage
HVAC,,,,0.601,
HVAC,,,,0.813,
HVAC,,,,0.706,
HVAC,Excess humidity – possible condensate drain blockage,Excess humidity – possible condensate drain blockage,Excess humidity – possible condensate drain blockage,0.819,Excess humidity – possible condensate drain blockage
HVAC,,,,0.937,
HVAC,Excess humidity – possible condensate drain blockage,,Excess humidity – possible condensate drain blockage,0.696,Excess humidity – possible condensate drain blockage
HVAC,,,,0.724,
HVAC,,,,0.731,
HVAC,,,,0.784,
HVAC,,,,0.762,
HVAC,,,Control system instability,0.31,Control system instability
HVAC,,,,0.863,
HVAC,,,,0.92,
HVAC,,,,0.723,
HVAC,,,,0.814,
HVAC,,,,0.828,
HVAC,,,,0.717,
HVAC,Excess humidity – possible condensate drain blockage,Excess humidity – possible condensate drain blockage,Excess humidity – possible condensate drain blockage,0.655,Excess humidity – possible condensate drain blockage
HVAC,,,,0.719,
HVAC,,,,0.737,
HVAC,,,,0.875,
HVAC,HVAC unable to meet cooling demand – possible refrigerant leak,HVAC unable to meet cooling demand – possible refrigerant leak,HVAC unable to meet cooling demand – possible refrigerant leak,0.63,HVAC unable to meet cooling demand – possible refrigerant leak
HVAC,,,,0.915,
HVAC,,,,0.823,
HVAC,,,,0.919,
HVAC,,,,0.864,
HVAC,HVAC unable to meet cooling demand – possible refrigerant leak,HVAC unable to meet cooling demand – possible refrigerant leak,,0.349,HVAC unable to meet cooling demand – possible refrigerant leak
HVAC,,,,0.843,
HVAC,,,,0.878,
HVAC,HVAC unable to meet cooling demand – possible refrigerant leak,,HVAC unable to meet cooling demand – possible refrigerant leak,0.908,HVAC unable to meet cooling demand – possible refrigerant leak
HVAC,,,,0.656,
HVAC,Excess humidity – possible condensate drain blockage,,Excess humidity – possible condensate drain blockage,0.835,Excess humidity – possible condensate drain blockage
HVAC,,,,0.718,
HVAC,,,,0.68,
HVAC,HVAC unable to meet cooling demand – possible refrigerant leak,,HVAC unable to meet cooling demand – possible refrigerant leak,0.693,HVAC unable to meet cooling demand – possible refrigerant leak
HVAC,HVAC unable to meet cooling demand – possible refrigerant leak,HVAC unable to meet cooling demand – possible refrigerant leak,HVAC unable to meet cooling demand – possible refrigerant leak,0.864,HVAC unable to meet cooling demand – possible refrigerant leak
HVAC,HVAC unable to meet cooling demand – possible refrigerant leak,HVAC unable to meet cooling demand – possible refrigerant leak,HVAC unable to meet cooling demand – possible refrigerant leak,0.684,HVAC unable to meet cooling demand – possible refrigerant leak
HVAC,,,,0.833,
HVAC,,,,0.865,
HVAC,,,,0.657,
HVAC,,,,0.716,
HVAC,,,,0.731,
HVAC,,,,0.908,
HVAC,Excess humidity – possible condensate drain blockage,Excess humidity – possible condensate drain blockage,Excess humidity – possible condensate drain blockage,0.667,Excess humidity – possible condensate drain blockage
HVAC,Excess humidity – possible condensate drain blockage,,Excess humidity – possible condensate drain blockage,0.759,Excess humidity – possible condensate drain blockage
HVAC,,,,0.635,
HVAC,Excess humidity – possible condensate drain blockage,Excess humidity – possible condensate drain blockage,Excess humidity – possible condensate drain blockage,0.915,Excess humidity – possible condensate drain blockage
HVAC,,,,0.85,
HVAC,,,,0.874,
HVAC,,,,0.904,
HVAC,,,,0.348,
HVAC,,,,0.246,
HVAC,HVAC unable to meet cooling demand – possible refrigerant leak,HVAC unable to meet cooling demand – possible refrigerant leak,HVAC unable to meet cooling demand – possible refrigerant leak,0.907,HVAC unable to meet cooling demand – possible refrigerant leak
HVAC,HVAC unable to meet cooling demand – possible refrigerant leak,HVAC unable to meet cooling demand – possible refrigerant leak,HVAC unable to meet cooling demand – possible refrigerant leak,0.665,HVAC unable to meet cooling demand – possible refrigerant leak
HVAC,Excess humidity – possible condensate drain blockage,Excess humidity – possible condensate drain blockage,Excess humidity – possible condensate drain blockage,0.655,Excess humidity – possible condensate drain blockage
HVAC,,,,0.659,
HVAC,,,,0.872,
HVAC,,,,0.748,
HVAC,,,,0.611,
HVAC,HVAC unable to meet cooling demand – possible refrigerant leak,HVAC unable to meet cooling demand – possible refrigerant leak,HVAC unable to meet cooling demand – possible refrigerant leak,0.895,HVAC unable to meet cooling demand – possible refrigerant leak
HVAC,,,,0.617,
HVAC,Excess humidity – possible condensate drain blockage,,Excess humidity – possible condensate drain blockage,0.706,Excess humidity – possible condensate drain blockage
HVAC,,,,0.854,
HVAC,,,,0.622,
HVAC,,,,0.67,
HVAC,,,,0.854,
HVAC,,,,0.85,
HVAC,,,,0.671,
HVAC,Excess humidity – possible condensate drain blockage,Excess humidity – possible condensate drain blockage,Excess humidity – possible condensate drain blockage,0.664,Excess humidity – possible condensate drain blockage
HVAC,,,,0.606,
HVAC,,,,0.918,
HVAC,,,,0.654,
HVAC,,,,0.316,
HVAC,,,,0.607,
HVAC,,,,0.687,
HVAC,,,,0.931,
HVAC,,,,0.612,
HVAC,,,,0.641,
HVAC,,,,0.819,
HVAC,Excess humidity – possible condensate drain blockage,Excess humidity – possible condensate drain blockage,Excess humidity – possible condensate drain blockage,0.889,Excess humidity – possible condensate drain blockage
HVAC,,,,0.9,
HVAC,,,,0.718,
HVAC,,,,0.884,
HVAC,,,,0.696,
HVAC,HVAC unable to meet cooling demand – possible refrigerant leak,HVAC unable to meet cooling demand – possible refrigerant leak,HVAC unable to meet cooling demand – possible refrigerant leak,0.941,HVAC unable to meet cooling demand – possible refrigerant leak
HVAC,,,,0.942,
HVAC,HVAC unable to meet cooling demand – possible refrigerant leak,HVAC unable to meet cooling demand – possible refrigerant leak,Sensor calibration issue,0.301,HVAC unable to meet cooling demand – possible refrigerant leak
HVAC,,,,0.275,
HVAC,HVAC unable to meet cooling demand – possible refrigerant leak,HVAC unable to meet cooling demand – possible refrigerant leak,HVAC unable to meet cooling demand – possible refrigerant leak,0.631,HVAC unable to meet cooling demand – possible refrigerant leak
HVAC,Excess humidity – possible condensate drain blockage,Excess humidity – possible condensate drain blockage,Excess humidity – possible condensate drain blockage,0.629,Excess humidity – possible condensate drain blockage
HVAC,,Excess humidity – possible condensate drain blockage,,0.685,Excess humidity – possible condensate drain blockage
HVAC,HVAC unable to meet cooling demand – possible refrigerant leak,HVAC unable to meet cooling demand – possible refrigerant leak,HVAC unable to meet cooling demand – possible refrigerant leak,0.929,HVAC unable to meet cooling demand – possible refrigerant leak
HVAC,Excess humidity – possible condensate drain blockage,Excess humidity – possible condensate drain blockage,Unexpected power fluctuation,0.423,Excess humidity – possible condensate drain blockage
HVAC,Excess humidity – possible condensate drain blockage,,Excess humidity – possible condensate drain blockage,0.726,Excess humidity – possible condensate drain blockage
HVAC,Excess humidity – possible condensate drain blockage,Excess humidity – possible condensate drain blockage,Excess humidity – possible condensate drain blockage,0.618,Excess humidity – possible condensate drain blockage
HVAC,,,,0.908,
HVAC,Excess humidity – possible condensate drain blockage,Excess humidity – possible condensate drain blockage,,0.376,Excess humidity – possible condensate drain blockage
HVAC,,,,0.63,
HVAC,Excess humidity – possible condensate drain blockage,,Excess humidity – possible condensate drain blockage,0.689,Excess humidity – possible condensate drain blockage
HVAC,,,,0.88,
HVAC,,,,0.813,
HVAC,,,,0.826,
HVAC,,,,0.717,
HVAC,,,,0.721,
HVAC,,,,0.815,
HVAC,,,,0.649,
HVAC,,,,0.605,
HVAC,,,,0.279,
HVAC,,,,0.804,
HVAC,HVAC unable to meet cooling demand – possible refrigerant leak,HVAC unable to meet cooling demand – possible refrigerant leak,HVAC unable to meet cooling demand – possible refrigerant leak,0.748,HVAC unable to meet cooling demand – possible refrigerant leak
HVAC,,,,0.855,
HVAC,,,,0.758,
HVAC,,,,0.776,
HVAC,Excess humidity – possible condensate drain blockage,Excess humidity – possible condensate drain blockage,Control system instability,0.378,Excess humidity – possible condensate drain blockage
HVAC,Excess humidity – possible condensate drain blockage,,Excess humidity – possible condensate drain blockage,0.734,Excess humidity – possible condensate drain blockage
HVAC,,,Control system instability,0.397,Control system instability
HVAC,,,,0.371,
HVAC,,,,0.787,
HVAC,,,,0.332,
HVAC,Excess humidity – possible condensate drain blockage,Excess humidity – possible condensate drain blockage,Excess humidity – possible condensate drain blockage,0.617,Excess humidity – possible condensate drain blockage
HVAC,HVAC unable to meet cooling demand – possible refrigerant leak,HVAC unable to meet cooling demand – possible refrigerant leak,HVAC unable to meet cooling demand – possible refrigerant leak,0.853,HVAC unable to meet cooling demand – possible refrigerant leak
HVAC,Excess humidity – possible condensate drain blockage,Excess humidity – possible condensate drain blockage,Excess humidity – possible condensate drain blockage,0.612,Excess humidity – possible condensate drain blockage
HVAC,,,,0.945,
HVAC,HVAC unable to meet cooling demand – possible refrigerant leak,HVAC unable to meet cooling demand – possible refrigerant leak,HVAC unable to meet cooling demand – possible refrigerant leak,0.896,HVAC unable to meet cooling demand – possible refrigerant leak
HVAC,Excess humidity – possible condensate drain blockage,Excess humidity – possible condensate drain blockage,Excess humidity – possible condensate drain blockage,0.626,Excess humidity – possible condensate drain blockage
HVAC,,,,0.621,
HVAC,,,,0.622,
HVAC,,,,0.712,
HVAC,,,,0.939,
HVAC,,,,0.647,
HVAC,,,,0.614,
HVAC,,,,0.361,
HVAC,,,,0.371,
HVAC,,,,0.256,
HVAC,,,,0.928,
HVAC,,,,0.885,
HVAC,,,,0.757,
HVAC,,,,0.658,
HVAC,,,,0.375,
HVAC,,,,0.931,
HVAC,,,,0.766,
HVAC,HVAC unable to meet cooling demand – possible refrigerant leak,HVAC unable to meet cooling demand – possible refrigerant leak,HVAC unable to meet cooling demand – possible refrigerant leak,0.707,HVAC unable to meet cooling demand – possible refrigerant leak
HVAC,,,,0.305,
HVAC,,,Control system instability,0.404,Control system instability
HVAC,,,,0.924,
HVAC,,,,0.901,
HVAC,Excess humidity – possible condensate drain blockage,Excess humidity – possible condensate drain blockage,Excess humidity – possible condensate drain blockage,0.72,Excess humidity – possible condensate drain blockage
HVAC,,,,0.853,
HVAC,,,,0.757,
HVAC,,,,0.742,
HVAC,,,,0.843,
HVAC,,,,0.7,
HVAC,,,,0.658,
HVAC,,,,0.605,
HVAC,,,,0.659,
HVAC,,HVAC unable to meet cooling demand – possible refrigerant leak,,0.866,HVAC unable to meet cooling demand – possible refrigerant leak
HVAC,,,,0.88,
HVAC,,,,0.812,
HVAC,,,,0.657,
HVAC,,,Control system instability,0.322,Control system instability
HVAC,,,Sensor calibration issue,0.311,Sensor calibration issue
HVAC,HVAC unable to meet cooling demand – possible refrigerant leak,HVAC unable to meet cooling demand – possible refrigerant leak,HVAC unable to meet cooling demand – possible refrigerant leak,0.932,HVAC unable to meet cooling demand – possible refrigerant leak
HVAC,,,,0.78,
HVAC,,,,0.642,
HVAC,,,,0.931,
HVAC,,,,0.873,
HVAC,Excess humidity – possible condensate drain blockage,Excess humidity – possible condensate drain blockage,Excess humidity – possible condensate drain blockage,0.605,Excess humidity – possible condensate drain blockage
HVAC,,,,0.324,
HVAC,,,,0.277,
HVAC,,,,0.879,
HVAC,,,,0.676,
HVAC,,,,0.808,
HVAC,,,,0.769,
HVAC,HVAC unable to meet cooling demand – possible refrigerant leak,HVAC unable to meet cooling demand – possible refrigerant leak,HVAC unable to meet cooling demand – possible refrigerant leak,0.86,HVAC unable to meet cooling demand – possible refrigerant leak
HVAC,,,,0.82,
HVAC,HVAC unable to meet cooling demand – possible refrigerant leak,HVAC unable to meet cooling demand – possible refrigerant leak,HVAC unable to meet cooling demand – possible refrigerant leak,0.776,HVAC unable to meet cooling demand – possible refrigerant leak
HVAC,,,,0.794,
HVAC,,,,0.85,
HVAC,HVAC unable to meet cooling demand – possible refrigerant leak,HVAC unable to meet cooling demand – possible refrigerant leak,HVAC unable to meet cooling demand – possible refrigerant leak,0.822,HVAC unable to meet cooling demand – possible refrigerant leak
HVAC,,,,0.242,
HVAC,,,,0.811,
HVAC,,,,0.883,
HVAC,HVAC unable to meet cooling demand – possible refrigerant leak,HVAC unable to meet cooling demand – possible refrigerant leak,HVAC unable to meet cooling demand – possible refrigerant leak,0.857,HVAC unable to meet cooling demand – possible refrigerant leak
HVAC,HVAC unable to meet cooling demand – possible refrigerant leak,HVAC unable to meet cooling demand – possible refrigerant leak,Unexpected power fluctuation,0.446,HVAC unable to meet cooling demand – possible refrigerant leak
HVAC,,,,0.659,
HVAC,HVAC unable to meet cooling demand – possible refrigerant leak,HVAC unable to meet cooling demand – possible refrigerant leak,HVAC unable to meet cooling demand – possible refrigerant leak,0.885,HVAC unable to meet cooling demand – possible refrigerant leak
HVAC,,,,0.819,
HVAC,,,,0.253,
HVAC,,,,0.299,
HVAC,,,,0.821,
HVAC,,,,0.748,
HVAC,,,,0.815,
HVAC,HVAC unable to meet cooling demand – possible refrigerant leak,HVAC unable to meet cooling demand – possible refrigerant leak,HVAC unable to meet cooling demand – possible refrigerant leak,0.78,HVAC unable to meet cooling demand – possible refrigerant leak
HVAC,,,,0.95,
HVAC,,,,0.668,
HVAC,,,,0.631,
HVAC,,,,0.856,
HVAC,,,,0.689,
HVAC,HVAC unable to meet cooling demand – possible refrigerant leak,HVAC unable to meet cooling demand – possible refrigerant leak,HVAC unable to meet cooling demand – possible refrigerant leak,0.772,HVAC unable to meet cooling demand – possible refrigerant leak
HVAC,,,,0.779,
HVAC,,,,0.838,
HVAC,,,,0.818,
HVAC,HVAC unable to meet cooling demand – possible refrigerant leak,HVAC unable to meet cooling demand – possible refrigerant leak,HVAC unable to meet cooling demand – possible refrigerant leak,0.632,HVAC unable to meet cooling demand – possible refrigerant leak
HVAC,,,,0.868,
HVAC,,,,0.763,
HVAC,,,,0.868,
HVAC,,,,0.628,
HVAC,,,,0.908,
HVAC,,,,0.854,
HVAC,,,,0.735,
HVAC,Excess humidity – possible condensate drain blockage,Excess humidity – possible condensate drain blockage,Excess humidity – possible condensate drain blockage,0.813,Excess humidity – possible condensate drain blockage
HVAC,,,,0.854,
HVAC,,,,0.761,
HVAC,,,,0.664,
HVAC,,,,0.865,
HVAC,,,,0.824,
HVAC,,,,0.72,
HVAC,,,Sensor calibration issue,0.421,Sensor calibration issue
HVAC,HVAC unable to meet cooling demand – possible refrigerant leak,HVAC unable to meet cooling demand – possible refrigerant leak,,0.373,HVAC unable to meet cooling demand – possible refrigerant leak
HVAC,,,,0.892,
HVAC,,,,0.294,
HVAC,,,,0.793,
HVAC,,,,0.351,
HVAC,,,,0.796,
HVAC,,,,0.727,
HVAC,,,,0.873,
HVAC,,,,0.771,
HVAC,,,,0.805,
HVAC,,,,0.708,
HVAC,,,,0.858,
HVAC,HVAC unable to meet cooling demand – possible refrigerant leak,HVAC unable to meet cooling demand – possible refrigerant leak,HVAC unable to meet cooling demand – possible refrigerant leak,0.711,HVAC unable to meet cooling demand – possible refrigerant leak
HVAC,,,,0.304,
HVAC,HVAC unable to meet cooling demand – possible refrigerant leak,HVAC unable to meet cooling demand – possible refrigerant leak,HVAC unable to meet cooling demand – possible refrigerant leak,0.766,HVAC unable to meet cooling demand – possible refrigerant leak
HVAC,HVAC unable to meet cooling demand – possible refrigerant leak,HVAC unable to meet cooling demand – possible refrigerant leak,HVAC unable to meet cooling demand – possible refrigerant leak,0.918,HVAC unable to meet cooling demand – possible refrigerant leak
HVAC,,,,0.342,
HVAC,,,,0.945,
HVAC,,,,0.306,
HVAC,HVAC unable to meet cooling demand – possible refrigerant leak,HVAC unable to meet cooling demand – possible refrigerant leak,HVAC unable to meet cooling demand – possible refrigerant leak,0.933,HVAC unable to meet cooling demand – possible refrigerant leak
HVAC,,,,0.759,
HVAC,Excess humidity – possible condensate drain blockage,Excess humidity – possible condensate drain blockage,,0.324,Excess humidity – possible condensate drain blockage
HVAC,,,,0.871,
HVAC,,Excess humidity – possible condensate drain blockage,,0.746,Excess humidity – possible condensate drain blockage
HVAC,,,,0.683,
HVAC,Excess humidity – possible condensate drain blockage,,Excess humidity – possible condensate drain blockage,0.717,Excess humidity – possible condensate drain blockage
HVAC,HVAC unable to meet cooling demand – possible refrigerant leak,HVAC unable to meet cooling demand – possible refrigerant leak,HVAC unable to meet cooling demand – possible refrigerant leak,0.859,HVAC unable to meet cooling demand – possible refrigerant leak
HVAC,,,,0.716,
HVAC,,,,0.313,
HVAC,,,Unexpected power fluctuation,0.412,Unexpected power fluctuation
HVAC,HVAC unable to meet cooling demand – possible refrigerant leak,HVAC unable to meet cooling demand – possible refrigerant leak,HVAC unable to meet cooling demand – possible refrigerant leak,0.781,HVAC unable to meet cooling demand – possible refrigerant leak
HVAC,,,,0.816,
HVAC,,,,0.711,
HVAC,,,,0.61,
HVAC,,Excess humidity – possible condensate drain blockage,,0.29,Excess humidity – possible condensate drain blockage
HVAC,,,,0.721,
HVAC,Excess humidity – possible condensate drain blockage,,,0.269,
HVAC,,,,0.601,
HVAC,,,,0.686,
HVAC,,,,0.604,
HVAC,,,,0.891,
HVAC,,,,0.81,
HVAC,HVAC unable to meet cooling demand – possible refrigerant leak,HVAC unable to meet cooling demand – possible refrigerant leak,HVAC unable to meet cooling demand – possible refrigerant leak,0.944,HVAC unable to meet cooling demand – possible refrigerant leak
HVAC,,,,0.702,
HVAC,,,,0.631,
HVAC,Excess humidity – possible condensate drain blockage,Excess humidity – possible condensate drain blockage,Excess humidity – possible condensate drain blockage,0.641,Excess humidity – possible condensate drain blockage
HVAC,Excess humidity – possible condensate drain blockage,Excess humidity – possible condensate drain blockage,Excess humidity – possible condensate drain blockage,0.943,Excess humidity – possible condensate drain blockage
HVAC,,,,0.897,
HVAC,,,,0.831,
HVAC,,,,0.786,
HVAC,,,,0.829,
HVAC,,,,0.634,
HVAC,,Excess humidity – possible condensate drain blockage,,0.834,Excess humidity – possible condensate drain blockage
HVAC,,,,0.672,
HVAC,,,,0.891,
HVAC,HVAC unable to meet cooling demand – possible refrigerant leak,HVAC unable to meet cooling demand – possible refrigerant leak,HVAC unable to meet cooling demand – possible refrigerant leak,0.927,HVAC unable to meet cooling demand – possible refrigerant leak
HVAC,,,,0.93,
HVAC,HVAC unable to meet cooling demand – possible refrigerant leak,HVAC unable to meet cooling demand – possible refrigerant leak,HVAC unable to meet cooling demand – possible refrigerant leak,0.659,HVAC unable to meet cooling demand – possible refrigerant leak
HVAC,Excess humidity – possible condensate drain blockage,Excess humidity – possible condensate drain blockage,Excess humidity – possible condensate drain blockage,0.651,Excess humidity – possible condensate drain blockage
HVAC,,,,0.287,
HVAC,,,,0.82,
HVAC,Excess humidity – possible condensate drain blockage,Excess humidity – possible condensate drain blockage,Excess humidity – possible condensate drain blockage,0.742,Excess humidity – possible condensate drain blockage
HVAC,,,,0.618,
HVAC,HVAC unable to meet cooling demand – possible refrigerant leak,HVAC unable to meet cooling demand – possible refrigerant leak,HVAC unable to meet cooling demand – possible refrigerant leak,0.948,HVAC unable to meet cooling demand – possible refrigerant leak
HVAC,,,,0.734,
HVAC,Excess humidity – possible condensate drain blockage,Excess humidity – possible condensate drain blockage,Excess humidity – possible condensate drain blockage,0.799,Excess humidity – possible condensate drain blockage
HVAC,,,,0.763,
HVAC,HVAC unable to meet cooling demand – possible refrigerant leak,Excess humidity – possible condensate drain blockage,,0.258,Excess humidity – possible condensate drain blockage
HVAC,,,,0.804,
HVAC,Excess humidity – possible condensate drain blockage,Excess humidity – possible condensate drain blockage,Excess humidity – possible condensate drain blockage,0.778,Excess humidity – possible condensate drain blockage
HVAC,,,,0.914,
HVAC,Excess humidity – possible condensate drain blockage,,Excess humidity – possible condensate drain blockage,0.9,Excess humidity – possible condensate drain blockage
HVAC,,,,0.767,
HVAC,,,,0.715,
HVAC,,,,0.63,
HVAC,,,,0.311,
HVAC,,,,0.881,
HVAC,,,,0.824,
HVAC,,,,0.844,
HVAC,HVAC unable to meet cooling demand – possible refrigerant leak,HVAC unable to meet cooling demand – possible refrigerant leak,HVAC unable to meet cooling demand – possible refrigerant leak,0.901,HVAC unable to meet cooling demand – possible refrigerant leak
HVAC,,,,0.861,
HVAC,HVAC unable to meet cooling demand – possible refrigerant leak,HVAC unable to meet cooling demand – possible refrigerant leak,HVAC unable to meet cooling demand – possible refrigerant leak,0.919,HVAC unable to meet cooling demand – possible refrigerant leak
HVAC,,,,0.865,
HVAC,,,,0.854,
HVAC,,,,0.776,
HVAC,,,,0.627,
HVAC,,,,0.63,
HVAC,,,,0.738,
HVAC,HVAC unable to meet cooling demand – possible refrigerant leak,HVAC unable to meet cooling demand – possible refrigerant leak,HVAC unable to meet cooling demand – possible refrigerant leak,0.756,HVAC unable to meet cooling demand – possible refrigerant leak
HVAC,Excess humidity – possible condensate drain blockage,Excess humidity – possible condensate drain blockage,Excess humidity – possible condensate drain blockage,0.912,Excess humidity – possible condensate drain blockage
HVAC,,,,0.369,
HVAC,,,,0.834,
HVAC,,,,0.648,
HVAC,,HVAC unable to meet cooling demand – possible refrigerant leak,,0.782,HVAC unable to meet cooling demand – possible refrigerant leak
HVAC,,,,0.636,
HVAC,,Excess humidity – possible condensate drain blockage,,0.68,Excess humidity – possible condensate drain blockage
HVAC,HVAC unable to meet cooling demand – possible refrigerant leak,HVAC unable to meet cooling demand – possible refrigerant leak,HVAC unable to meet cooling demand – possible refrigerant leak,0.74,HVAC unable to meet cooling demand – possible refrigerant leak
HVAC,,,,0.27,
HVAC,,,,0.885,
HVAC,,,,0.309,
HVAC,,,,0.763,
HVAC,,,,0.866,
HVAC,Excess humidity – possible condensate drain blockage,,,0.345,
HVAC,,,,0.37,
HVAC,,,,0.756,
HVAC,,,,0.607,
HVAC,,,,0.941,
HVAC,,,,0.626,
HVAC,,,,0.642,
HVAC,HVAC unable to meet cooling demand – possible refrigerant leak,HVAC unable to meet cooling demand – possible refrigerant leak,HVAC unable to meet cooling demand – possible refrigerant leak,0.63,HVAC unable to meet cooling demand – possible refrigerant leak
HVAC,,,,0.838,
HVAC,,,,0.277,
HVAC,HVAC unable to meet cooling demand – possible refrigerant leak,HVAC unable to meet cooling demand – possible refrigerant leak,HVAC unable to meet cooling demand – possible refrigerant leak,0.91,HVAC unable to meet cooling demand – possible refrigerant leak
HVAC,HVAC unable to meet cooling demand – possible refrigerant leak,HVAC unable to meet cooling demand – possible refrigerant leak,HVAC unable to meet cooling demand – possible refrigerant leak,0.78,HVAC unable to meet cooling demand – possible refrigerant leak
HVAC,,,,0.637,
HVAC,Excess humidity – possible condensate drain blockage,Excess humidity – possible condensate drain blockage,Excess humidity – possible condensate drain blockage,0.781,Excess humidity – possible condensate drain blockage
HVAC,,,,0.748,
HVAC,,,,0.625,
HVAC,,,,0.804,
HVAC,,,,0.681,
HVAC,,,,0.638,
HVAC,,Excess humidity – possible condensate drain blockage,,0.915,Excess humidity – possible condensate drain blockage
HVAC,,,,0.657,
HVAC,HVAC unable to meet cooling demand – possible refrigerant leak,,HVAC unable to meet cooling demand – possible refrigerant leak,0.809,HVAC unable to meet cooling demand – possible refrigerant leak
HVAC,HVAC unable to meet cooling demand – possible refrigerant leak,HVAC unable to meet cooling demand – possible refrigerant leak,HVAC unable to meet cooling demand – possible refrigerant leak,0.756,HVAC unable to meet cooling demand – possible refrigerant leak
HVAC,,,,0.732,
HVAC,,,,0.647,
HVAC,Excess humidity – possible condensate drain blockage,Excess humidity – possible condensate drain blockage,Excess humidity – possible condensate drain blockage,0.659,Excess humidity – possible condensate drain blockage
HVAC,HVAC unable to meet cooling demand – possible refrigerant leak,HVAC unable to meet cooling demand – possible refrigerant leak,,0.314,HVAC unable to meet cooling demand – possible refrigerant leak
HVAC,Excess humidity – possible condensate drain blockage,Excess humidity – possible condensate drain blockage,Excess humidity – possible condensate drain blockage,0.936,Excess humidity – possible condensate drain blockage
HVAC,,,,0.319,
HVAC,,,,0.81,
HVAC,HVAC unable to meet cooling demand – possible refrigerant leak,HVAC unable to meet cooling demand – possible refrigerant leak,HVAC unable to meet cooling demand – possible refrigerant leak,0.693,HVAC unable to meet cooling demand – possible refrigerant leak
HVAC,,,,0.906,
HVAC,Excess humidity – possible condensate drain blockage,Excess humidity – possible condensate drain blockage,Excess humidity – possible condensate drain blockage,0.706,Excess humidity – possible condensate drain blockage
HVAC,,,,0.853,
HVAC,,,General performance degradation,0.319,General performance degradation
HVAC,,,,0.797,
HVAC,,,,0.666,
HVAC,HVAC unable to meet cooling demand – possible refrigerant leak,HVAC unable to meet cooling demand – possible refrigerant leak,HVAC unable to meet cooling demand – possible refrigerant leak,0.785,HVAC unable to meet cooling demand – possible refrigerant leak
HVAC,,,,0.813,
HVAC,,,,0.859,
HVAC,,,,0.883,
HVAC,,,,0.943,
HVAC,HVAC unable to meet cooling demand – possible refrigerant leak,HVAC unable to meet cooling demand – possible refrigerant leak,HVAC unable to meet cooling demand – possible refrigerant leak,0.886,HVAC unable to meet cooling demand – possible refrigerant leak
HVAC,Excess humidity – possible condensate drain blockage,,Excess humidity – possible condensate drain blockage,0.685,Excess humidity – possible condensate drain blockage
HVAC,,,,0.692,
HVAC,,,,0.808,
HVAC,,,,0.894,
HVAC,HVAC unable to meet cooling demand – possible refrigerant leak,HVAC unable to meet cooling demand – possible refrigerant leak,HVAC unable to meet cooling demand – possible refrigerant leak,0.695,HVAC unable to meet cooling demand – possible refrigerant leak
HVAC,Excess humidity – possible condensate drain blockage,Excess humidity – possible condensate drain blockage,Control system instability,0.47,Excess humidity – possible condensate drain blockage
HVAC,Excess humidity – possible condensate drain blockage,,Control system instability,0.47,Control system instability
HVAC,,,,0.888,
HVAC,,,,0.866,
HVAC,HVAC unable to meet cooling demand – possible refrigerant leak,Excess humidity – possible condensate drain blockage,HVAC unable to meet cooling demand – possible refrigerant leak,0.678,Excess humidity – possible condensate drain blockage
HVAC,,,,0.72,
HVAC,HVAC unable to meet cooling demand – possible refrigerant leak,,,0.333,
HVAC,HVAC unable to meet cooling demand – possible refrigerant leak,HVAC unable to meet cooling demand – possible refrigerant leak,HVAC unable to meet cooling demand – possible refrigerant leak,0.898,HVAC unable to meet cooling demand – possible refrigerant leak
HVAC,,,,0.372,
HVAC,Excess humidity – possible condensate drain blockage,Excess humidity – possible condensate drain blockage,Excess humidity – possible condensate drain blockage,0.607,Excess humidity – possible condensate drain blockage
HVAC,,,Control system instability,0.434,Control system instability
HVAC,Excess humidity – possible condensate drain blockage,,Excess humidity – possible condensate drain blockage,0.909,Excess humidity – possible condensate drain blockage
HVAC,Excess humidity – possible condensate drain blockage,Excess humidity – possible condensate drain blockage,Excess humidity – possible condensate drain blockage,0.943,Excess humidity – possible condensate drain blockage
HVAC,Excess humidity – possible condensate drain blockage,HVAC unable to meet cooling demand – possible refrigerant leak,Excess humidity – possible condensate drain blockage,0.827,HVAC unable to meet cooling demand – possible refrigerant leak
HVAC,,,,0.372,
HVAC,,,,0.668,
HVAC,HVAC unable to meet cooling demand – possible refrigerant leak,HVAC unable to meet cooling demand – possible refrigerant leak,HVAC unable to meet cooling demand – possible refrigerant leak,0.766,HVAC unable to meet cooling demand – possible refrigerant leak
HVAC,,,,0.855,
HVAC,,,,0.823,
HVAC,,,,0.37,
HVAC,,,,0.829,
HVAC,Excess humidity – possible condensate drain blockage,,Excess humidity – possible condensate drain blockage,0.873,Excess humidity – possible condensate drain blockage
HVAC,Excess humidity – possible condensate drain blockage,,Excess humidity – possible condensate drain blockage,0.907,Excess humidity – possible condensate drain blockage
HVAC,,,,0.817,
HVAC,,,,0.792,
HVAC,,,,0.783,
HVAC,,,,0.841,
HVAC,HVAC unable to meet cooling demand – possible refrigerant leak,HVAC unable to meet cooling demand – possible refrigerant leak,HVAC unable to meet cooling demand – possible refrigerant leak,0.922,HVAC unable to meet cooling demand – possible refrigerant leak
HVAC,,HVAC unable to meet cooling demand – possible refrigerant leak,,0.773,HVAC unable to meet cooling demand – possible refrigerant leak
HVAC,,,,0.927,
HVAC,,,,0.289,
HVAC,,,,0.362,
HVAC,,,,0.776,
HVAC,,,,0.654,
HVAC,,,,0.317,
HVAC,,,,0.724,
HVAC,,,,0.886,
HVAC,,Excess humidity – possible condensate drain blockage,,0.685,Excess humidity – possible condensate drain blockage
HVAC,HVAC unable to meet cooling demand – possible refrigerant leak,HVAC unable to meet cooling demand – possible refrigerant leak,Control system instability,0.332,HVAC unable to meet cooling demand – possible refrigerant leak
HVAC,,,,0.938,
HVAC,,,,0.931,
HVAC,Excess humidity – possible condensate drain blockage,Excess humidity – possible condensate drain blockage,Excess humidity – possible condensate drain blockage,0.701,Excess humidity – possible condensate drain blockage
HVAC,,,,0.894,
HVAC,,,,0.758,
HVAC,,,,0.693,
HVAC,,,,0.691,
HVAC,Excess humidity – possible condensate drain blockage,Excess humidity – possible condensate drain blockage,Excess humidity – possible condensate drain blockage,0.938,Excess humidity – possible condensate drain blockage
HVAC,,,,0.655,
HVAC,,,,0.918,
HVAC,,,,0.864,
HVAC,,,General performance degradation,0.354,General performance degradation
HVAC,Excess humidity – possible condensate drain blockage,Excess humidity – possible condensate drain blockage,Excess humidity – possible condensate drain blockage,0.743,Excess humidity – possible condensate drain blockage
HVAC,,,,0.769,
HVAC,,,,0.789,
HVAC,,,,0.795,
HVAC,,,,0.739,
HVAC,,,,0.838,
HVAC,,,,0.63,
HVAC,HVAC unable to meet cooling demand – possible refrigerant leak,HVAC unable to meet cooling demand – possible refrigerant leak,HVAC unable to meet cooling demand – possible refrigerant leak,0.782,HVAC unable to meet cooling demand – possible refrigerant leak
HVAC,,,,0.941,
HVAC,Excess humidity – possible condensate drain blockage,HVAC unable to meet cooling demand – possible refrigerant leak,Excess humidity – possible condensate drain blockage,0.916,HVAC unable to meet cooling demand – possible refrigerant leak
HVAC,,,,0.706,
HVAC,,,,0.915,
HVAC,,,,0.647,
HVAC,,,,0.949,
HVAC,,,,0.71,
HVAC,HVAC unable to meet cooling demand – possible refrigerant leak,,HVAC unable to meet cooling demand – possible refrigerant leak,0.686,HVAC unable to meet cooling demand – possible refrigerant leak
HVAC,Excess humidity – possible condensate drain blockage,Excess humidity – possible condensate drain blockage,Excess humidity – possible condensate drain blockage,0.677,Excess humidity – possible condensate drain blockage
HVAC,,,,0.697,
HVAC,HVAC unable to meet cooling demand – possible refrigerant leak,HVAC unable to meet cooling demand – possible refrigerant leak,HVAC unable to meet cooling demand – possible refrigerant leak,0.735,HVAC unable to meet cooling demand – possible refrigerant leak
HVAC,Excess humidity – possible condensate drain blockage,Excess humidity – possible condensate drain blockage,Excess humidity – possible condensate drain blockage,0.844,Excess humidity – possible condensate drain blockage
HVAC,HVAC unable to meet cooling demand – possible refrigerant leak,HVAC unable to meet cooling demand – possible refrigerant leak,HVAC unable to meet cooling demand – possible refrigerant leak,0.814,HVAC unable to meet cooling demand – possible refrigerant leak
HVAC,Excess humidity – possible condensate drain blockage,,Excess humidity – possible condensate drain blockage,0.759,Excess humidity – possible condensate drain blockage
HVAC,,,,0.857,
HVAC,,,,0.781,
HVAC,Excess humidity – possible condensate drain blockage,Excess humidity – possible condensate drain blockage,,0.262,Excess humidity – possible condensate drain blockage
HVAC,,,,0.877,
HVAC,HVAC unable to meet cooling demand – possible refrigerant leak,HVAC unable to meet cooling demand – possible refrigerant leak,HVAC unable to meet cooling demand – possible refrigerant leak,0.699,HVAC unable to meet cooling demand – possible refrigerant leak
HVAC,,,,0.857,
HVAC,Excess humidity – possible condensate drain blockage,Excess humidity – possible condensate drain blockage,Excess humidity – possible condensate drain blockage,0.631,Excess humidity – possible condensate drain blockage
HVAC,Excess humidity – possible condensate drain blockage,Excess humidity – possible condensate drain blockage,Excess humidity – possible condensate drain blockage,0.908,Excess humidity – possible condensate drain blockage
HVAC,,,,0.839,
HVAC,,,,0.743,
HVAC,,,General performance degradation,0.307,General performance degradation
HVAC,,,,0.773,
HVAC,HVAC unable to meet cooling demand – possible refrigerant leak,HVAC unable to meet cooling demand – possible refrigerant leak,HVAC unable to meet cooling demand – possible refrigerant leak,0.6,HVAC unable to meet cooling demand – possible refrigerant leak
HVAC,HVAC unable to meet cooling demand – possible refrigerant leak,HVAC unable to meet cooling demand – possible refrigerant leak,HVAC unable to meet cooling demand – possible refrigerant leak,0.839,HVAC unable to meet cooling demand – possible refrigerant leak
HVAC,Excess humidity – possible condensate drain blockage,Excess humidity – possible condensate drain blockage,,0.337,Excess humidity – possible condensate drain blockage
HVAC,,,,0.616,
HVAC,,,,0.649,
HVAC,,Excess humidity – possible condensate drain blockage,,0.242,Excess humidity – possible condensate drain blockage
HVAC,HVAC unable to meet cooling demand – possible refrigerant leak,HVAC unable to meet cooling demand – possible refrigerant leak,,0.378,HVAC unable to meet cooling demand – possible refrigerant leak
HVAC,,,,0.804,
HVAC,,,,0.881,
HVAC,,,General performance degradation,0.416,General performance degradation
HVAC,,,,0.941,
HVAC,,,,0.846,
HVAC,,,,0.924,
HVAC,,,,0.791,
HVAC,,,,0.837,
HVAC,,,,0.82,
HVAC,,,,0.245,
HVAC,,,,0.603,
HVAC,,,,0.688,
HVAC,,,,0.768,
HVAC,,,,0.887,
HVAC,,,,0.619,
HVAC,Excess humidity – possible condensate drain blockage,Excess humidity – possible condensate drain blockage,Unexpected power fluctuation,0.328,Excess humidity – possible condensate drain blockage
HVAC,,,,0.629,
HVAC,,,,0.805,
HVAC,Excess humidity – possible condensate drain blockage,Excess humidity – possible condensate drain blockage,Excess humidity – possible condensate drain blockage,0.759,Excess humidity – possible condensate drain blockage
HVAC,HVAC unable to meet cooling demand – possible refrigerant leak,HVAC unable to meet cooling demand – possible refrigerant leak,HVAC unable to meet cooling demand – possible refrigerant leak,0.709,HVAC unable to meet cooling demand – possible refrigerant leak
HVAC,,,,0.695,
HVAC,,,,0.72,
HVAC,,,,0.643,
HVAC,,,,0.283,
HVAC,,,,0.859,
HVAC,,,,0.729,
HVAC,,,,0.761,
HVAC,,,,0.857,
HVAC,Excess humidity – possible condensate drain blockage,Excess humidity – possible condensate drain blockage,Excess humidity – possible condensate drain blockage,0.846,Excess humidity – possible condensate drain blockage
HVAC,Excess humidity – possible condensate drain blockage,Excess humidity – possible condensate drain blockage,Sensor calibration issue,0.387,Excess humidity – possible condensate drain blockage
HVAC,,,,0.795,
HVAC,,,,0.612,
HVAC,,,,0.903,
HVAC,,,,0.673,
HVAC,HVAC unable to meet cooling demand – possible refrigerant leak,HVAC unable to meet cooling demand – possible refrigerant leak,Unexpected power fluctuation,0.331,HVAC unable to meet cooling demand – possible refrigerant leak
HVAC,HVAC unable to meet cooling demand – possible refrigerant leak,HVAC unable to meet cooling demand – possible refrigerant leak,HVAC unable to meet cooling demand – possible refrigerant leak,0.909,HVAC unable to meet cooling demand – possible refrigerant leak
HVAC,,,,0.814,
HVAC,,,,0.856,
HVAC,HVAC unable to meet cooling demand – possible refrigerant leak,HVAC unable to meet cooling demand – possible refrigerant leak,HVAC unable to meet cooling demand – possible refrigerant leak,0.825,HVAC unable to meet cooling demand – possible refrigerant leak
HVAC,Excess humidity – possible condensate drain blockage,Excess humidity – possible condensate drain blockage,Excess humidity – possible condensate drain blockage,0.693,Excess humidity – possible condensate drain blockage
HVAC,,,,0.67,
HVAC,,,,0.79,
HVAC,Excess humidity – possible condensate drain blockage,Excess humidity – possible condensate drain blockage,Excess humidity – possible condensate drain blockage,0.71,Excess humidity – possible condensate drain blockage
HVAC,,,,0.89,
HVAC,,,,0.793,
HVAC,,Excess humidity – possible condensate drain blockage,,0.359,Excess humidity – possible condensate drain blockage
HVAC,Excess humidity – possible condensate drain blockage,Excess humidity – possible condensate drain blockage,Control system instability,0.422,Excess humidity – possible condensate drain blockage
HVAC,,,,0.693,
HVAC,,,,0.658,
HVAC,,,,0.925,
HVAC,,,,0.668,
HVAC,,,,0.891,
HVAC,HVAC unable to meet cooling demand – possible refrigerant leak,HVAC unable to meet cooling demand – possible refrigerant leak,HVAC unable to meet cooling demand – possible refrigerant leak,0.631,HVAC unable to meet cooling demand – possible refrigerant leak
HVAC,,HVAC unable to meet cooling demand – possible refrigerant leak,,0.937,HVAC unable to meet cooling demand – possible refrigerant leak
HVAC,HVAC unable to meet cooling demand – possible refrigerant leak,HVAC unable to meet cooling demand – possible refrigerant leak,HVAC unable to meet cooling demand – possible refrigerant leak,0.746,HVAC unable to meet cooling demand – possible refrigerant leak
HVAC,,,,0.299,
HVAC,Excess humidity – possible condensate drain blockage,Excess humidity – possible condensate drain blockage,Excess humidity – possible condensate drain blockage,0.636,Excess humidity – possible condensate drain blockage
HVAC,,,,0.85,
HVAC,,,,0.242,
HVAC,,,,0.601,
HVAC,,,,0.889,
HVAC,,,,0.857,
HVAC,,,,0.634,
HVAC,,,,0.616,
HVAC,,,,0.657,
HVAC,,HVAC unable to meet cooling demand – possible refrigerant leak,,0.822,HVAC unable to meet cooling demand – possible refrigerant leak
HVAC,Excess humidity – possible condensate drain blockage,Excess humidity – possible condensate drain blockage,Excess humidity – possible condensate drain blockage,0.931,Excess humidity – possible condensate drain blockage
HVAC,,,,0.629,
HVAC,,,,0.779,
HVAC,,,,0.923,
HVAC,,,,0.946,
HVAC,,,,0.647,
HVAC,Excess humidity – possible condensate drain blockage,,Excess humidity – possible condensate drain blockage,0.941,Excess humidity – possible condensate drain blockage
HVAC,,,,0.835,
HVAC,,HVAC unable to meet cooling demand – possible refrigerant leak,,0.838,HVAC unable to meet cooling demand – possible refrigerant leak
HVAC,,,,0.7,
HVAC,,,,0.877,
HVAC,HVAC unable to meet cooling demand – possible refrigerant leak,,HVAC unable to meet cooling demand – possible refrigerant leak,0.861,HVAC unable to meet cooling demand – possible refrigerant leak
HVAC,,,,0.928,
HVAC,HVAC unable to meet cooling demand – possible refrigerant leak,,HVAC unable to meet cooling demand – possible refrigerant leak,0.772,HVAC unable to meet cooling demand – possible refrigerant leak
HVAC,,,,0.754,
HVAC,,,,0.769,
HVAC,,,,0.654,
HVAC,,,,0.619,
HVAC,HVAC unable to meet cooling demand – possible refrigerant leak,HVAC unable to meet cooling demand – possible refrigerant leak,HVAC unable to meet cooling demand – possible refrigerant leak,0.92,HVAC unable to meet cooling demand – possible refrigerant leak
HVAC,,,,0.908,
HVAC,,,,0.792,
HVAC,Excess humidity – possible condensate drain blockage,Excess humidity – possible condensate drain blockage,Excess humidity – possible condensate drain blockage,0.709,Excess humidity – possible condensate drain blockage
HVAC,,,,0.624,
HVAC,HVAC unable to meet cooling demand – possible refrigerant leak,HVAC unable to meet cooling demand – possible refrigerant leak,HVAC unable to meet cooling demand – possible refrigerant leak,0.613,HVAC unable to meet cooling demand – possible refrigerant leak
HVAC,,,,0.278,
HVAC,,,,0.652,
HVAC,,,,0.659,
HVAC,HVAC unable to meet cooling demand – possible refrigerant leak,HVAC unable to meet cooling demand – possible refrigerant leak,HVAC unable to meet cooling demand – possible refrigerant leak,0.884,HVAC unable to meet cooling demand – possible refrigerant leak
HVAC,HVAC unable to meet cooling demand – possible refrigerant leak,HVAC unable to meet cooling demand – possible refrigerant leak,HVAC unable to meet cooling demand – possible refrigerant leak,0.746,HVAC unable to meet cooling demand – possible refrigerant leak
HVAC,HVAC unable to meet cooling demand – possible refrigerant leak,HVAC unable to meet cooling demand – possible refrigerant leak,HVAC unable to meet cooling demand – possible refrigerant leak,0.908,HVAC unable to meet cooling demand – possible refrigerant leak
HVAC,,,,0.721,
HVAC,,,,0.934,
HVAC,,,,0.805,
HVAC,,Excess humidity – possible condensate drain blockage,,0.765,Excess humidity – possible condensate drain blockage
HVAC,,,,0.948,
HVAC,,,,0.905,
HVAC,Excess humidity – possible condensate drain blockage,Excess humidity – possible condensate drain blockage,Excess humidity – possible condensate drain blockage,0.912,Excess humidity – possible condensate drain blockage
HVAC,,,,0.245,
HVAC,,,,0.868,
HVAC,,,,0.721,
HVAC,,,,0.657,
HVAC,,,,0.844,
HVAC,,,,0.752,
HVAC,,,,0.609,
HVAC,,,,0.931,
HVAC,Excess humidity – possible condensate drain blockage,Excess humidity – possible condensate drain blockage,Excess humidity – possible condensate drain blockage,0.624,Excess humidity – possible condensate drain blockage
HVAC,HVAC unable to meet cooling demand – possible refrigerant leak,,HVAC unable to meet cooling demand – possible refrigerant leak,0.843,HVAC unable to meet cooling demand – possible refrigerant leak
HVAC,,Excess humidity – possible condensate drain blockage,,0.944,Excess humidity – possible condensate drain blockage
HVAC,,,,0.703,
HVAC,HVAC unable to meet cooling demand – possible refrigerant leak,HVAC unable to meet cooling demand – possible refrigerant leak,HVAC unable to meet cooling demand – possible refrigerant leak,0.893,HVAC unable to meet cooling demand – possible refrigerant leak
HVAC,,,,0.667,
HVAC,,,,0.849,
HVAC,Excess humidity – possible condensate drain blockage,,Excess humidity – possible condensate drain blockage,0.77,Excess humidity – possible condensate drain blockage
HVAC,,,,0.607,
HVAC,,HVAC unable to meet cooling demand – possible refrigerant leak,,0.736,HVAC unable to meet cooling demand – possible refrigerant leak
HVAC,HVAC unable to meet cooling demand – possible refrigerant leak,HVAC unable to meet cooling demand – possible refrigerant leak,HVAC unable to meet cooling demand – possible refrigerant leak,0.829,HVAC unable to meet cooling demand – possible refrigerant leak
HVAC,,,,0.871,
HVAC,,,General performance degradation,0.386,General performance degradation
HVAC,Excess humidity – possible condensate drain blockage,Excess humidity – possible condensate drain blockage,Excess humidity – possible condensate drain blockage,0.751,Excess humidity – possible condensate drain blockage
HVAC,Excess humidity – possible condensate drain blockage,Excess humidity – possible condensate drain blockage,Excess humidity – possible condensate drain blockage,0.819,Excess humidity – possible condensate drain blockage
HVAC,,,,0.72,
HVAC,,,,0.841,
HVAC,,,,0.721,
HVAC,,,,0.37,
HVAC,,,Unexpected power fluctuation,0.392,Unexpected power fluctuation
HVAC,Excess humidity – possible condensate drain blockage,Excess humidity – possible condensate drain blockage,Excess humidity – possible condensate drain blockage,0.682,Excess humidity – possible condensate drain blockage
HVAC,HVAC unable to meet cooling demand – possible refrigerant leak,HVAC unable to meet cooling demand – possible refrigerant leak,HVAC unable to meet cooling demand – possible refrigerant leak,0.764,HVAC unable to meet cooling demand – possible refrigerant leak
HVAC,,,,0.647,
HVAC,Excess humidity – possible condensate drain blockage,Excess humidity – possible condensate drain blockage,,0.343,Excess humidity – possible condensate drain blockage
HVAC,,,,0.835,
HVAC,,,,0.901,
HVAC,,,,0.699,
HVAC,,,,0.929,
HVAC,HVAC unable to meet cooling demand – possible refrigerant leak,HVAC unable to meet cooling demand – possible refrigerant leak,HVAC unable to meet cooling demand – possible refrigerant leak,0.631,HVAC unable to meet cooling demand – possible refrigerant leak
HVAC,,Excess humidity – possible condensate drain blockage,,0.281,Excess humidity – possible condensate drain blockage
HVAC,,,,0.735,
HVAC,,,,0.644,
HVAC,,,,0.819,
HVAC,,,,0.852,
HVAC,Excess humidity – possible condensate drain blockage,Excess humidity – possible condensate drain blockage,Excess humidity – possible condensate drain blockage,0.684,Excess humidity – possible condensate drain blockage
HVAC,,Excess humidity – possible condensate drain blockage,,0.704,Excess humidity – possible condensate drain blockage
HVAC,,,Unexpected power fluctuation,0.303,Unexpected power fluctuation
HVAC,HVAC unable to meet cooling demand – possible refrigerant leak,,HVAC unable to meet cooling demand – possible refrigerant leak,0.806,HVAC unable to meet cooling demand – possible refrigerant leak
HVAC,Excess humidity – possible condensate drain blockage,Excess humidity – possible condensate drain blockage,,0.367,Excess humidity – possible condensate drain blockage
HVAC,,,,0.753,
HVAC,,,,0.679,
HVAC,HVAC unable to meet cooling demand – possible refrigerant leak,HVAC unable to meet cooling demand – possible refrigerant leak,HVAC unable to meet cooling demand – possible refrigerant leak,0.8,HVAC unable to meet cooling demand – possible refrigerant leak
HVAC,,,,0.823,
HVAC,Excess humidity – possible condensate drain blockage,Excess humidity – possible condensate drain blockage,Excess humidity – possible condensate drain blockage,0.706,Excess humidity – possible condensate drain blockage
HVAC,,,,0.676,
HVAC,Excess humidity – possible condensate drain blockage,,Excess humidity – possible condensate drain blockage,0.869,Excess humidity – possible condensate drain blockage
HVAC,,,,0.714,
HVAC,HVAC unable to meet cooling demand – possible refrigerant leak,HVAC unable to meet cooling demand – possible refrigerant leak,HVAC unable to meet cooling demand – possible refrigerant leak,0.904,HVAC unable to meet cooling demand – possible refrigerant leak
HVAC,,,,0.602,
HVAC,,,,0.685,
HVAC,HVAC unable to meet cooling demand – possible refrigerant leak,HVAC unable to meet cooling demand – possible refrigerant leak,HVAC unable to meet cooling demand – possible refrigerant leak,0.651,HVAC unable to meet cooling demand – possible refrigerant leak
HVAC,,,,0.288,
HVAC,HVAC unable to meet cooling demand – possible refrigerant leak,HVAC unable to meet cooling demand – possible refrigerant leak,HVAC unable to meet cooling demand – possible refrigerant leak,0.93,HVAC unable to meet cooling demand – possible refrigerant leak
HVAC,,,,0.631,
HVAC,,,,0.876,
HVAC,Excess humidity – possible condensate drain blockage,Excess humidity – possible condensate drain blockage,Excess humidity – possible condensate drain blockage,0.745,Excess humidity – possible condensate drain blockage
HVAC,,,,0.716,
HVAC,,,,0.296,
HVAC,,,,0.693,
HVAC,,,,0.778,
HVAC,,,,0.821,
HVAC,HVAC unable to meet cooling demand – possible refrigerant leak,HVAC unable to meet cooling demand – possible refrigerant leak,HVAC unable to meet cooling demand – possible refrigerant leak,0.658,HVAC unable to meet cooling demand – possible refrigerant leak
HVAC,,,General performance degradation,0.325,General performance degradation
HVAC,,,,0.726,
HVAC,,,,0.878,
HVAC,,,Sensor calibration issue,0.437,Sensor calibration issue
HVAC,,,,0.669,
HVAC,,,,0.669,
HVAC,,,,0.7,
HVAC,HVAC unable to meet cooling demand – possible refrigerant leak,HVAC unable to meet cooling demand – possible refrigerant leak,HVAC unable to meet cooling demand – possible refrigerant leak,0.759,HVAC unable to meet cooling demand – possible refrigerant leak
HVAC,,,,0.696,
HVAC,Excess humidity – possible condensate drain blockage,Excess humidity – possible condensate drain blockage,Excess humidity – possible condensate drain blockage,0.906,Excess humidity – possible condensate drain blockage
HVAC,,,,0.352,
HVAC,,,,0.688,
HVAC,,,,0.627,
HVAC,,,,0.61,
HVAC,HVAC unable to meet cooling demand – possible refrigerant leak,HVAC unable to meet cooling demand – possible refrigerant leak,HVAC unable to meet cooling demand – possible refrigerant leak,0.877,HVAC unable to meet cooling demand – possible refrigerant leak
HVAC,Excess humidity – possible condensate drain blockage,Excess humidity – possible condensate drain blockage,,0.283,Excess humidity – possible condensate drain blockage
HVAC,,,Sensor calibration issue,0.372,Sensor calibration issue
HVAC,Excess humidity – possible condensate drain blockage,Excess humidity – possible condensate drain blockage,Excess humidity – possible condensate drain blockage,0.796,Excess humidity – possible condensate drain blockage
HVAC,,,Unexpected power fluctuation,0.319,Unexpected power fluctuation
HVAC,HVAC unable to meet cooling demand – possible refrigerant leak,HVAC unable to meet cooling demand – possible refrigerant leak,,0.335,HVAC unable to meet cooling demand – possible refrigerant leak
HVAC,,,,0.666,
HVAC,,HVAC unable to meet cooling demand – possible refrigerant leak,,0.736,HVAC unable to meet cooling demand – possible refrigerant leak
HVAC,,,,0.687,
HVAC,HVAC unable to meet cooling demand – possible refrigerant leak,HVAC unable to meet cooling demand – possible refrigerant leak,HVAC unable to meet cooling demand – possible refrigerant leak,0.624,HVAC unable to meet cooling demand – possible refrigerant leak
HVAC,,,,0.894,
HVAC,,,,0.808,
HVAC,,,,0.858,
HVAC,,,,0.764,
HVAC,Excess humidity – possible condensate drain blockage,Excess humidity – possible condensate drain blockage,,0.309,Excess humidity – possible condensate drain blockage
HVAC,,,,0.826,
HVAC,,,,0.633,
HVAC,Excess humidity – possible condensate drain blockage,Excess humidity – possible condensate drain blockage,Excess humidity – possible condensate drain blockage,0.704,Excess humidity – possible condensate drain blockage
HVAC,,,,0.309,
HVAC,Excess humidity – possible condensate drain blockage,Excess humidity – possible condensate drain blockage,Excess humidity – possible condensate drain blockage,0.635,Excess humidity – possible condensate drain blockage
HVAC,,,,0.696,
HVAC,,,Unexpected power fluctuation,0.412,Unexpected power fluctuation
HVAC,,,,0.728,
HVAC,,,,0.915,
HVAC,,,,0.838,
HVAC,,,,0.702,
HVAC,,Excess humidity – possible condensate drain blockage,,0.87,Excess humidity – possible condensate drain blockage
HVAC,HVAC unable to meet cooling demand – possible refrigerant leak,HVAC unable to meet cooling demand – possible refrigerant leak,Control system instability,0.379,HVAC unable to meet cooling demand – possible refrigerant leak
HVAC,,,,0.729,
HVAC,Excess humidity – possible condensate drain blockage,,Excess humidity – possible condensate drain blockage,0.888,Excess humidity – possible condensate drain blockage
HVAC,HVAC unable to meet cooling demand – possible refrigerant leak,HVAC unable to meet cooling demand – possible refrigerant leak,HVAC unable to meet cooling demand – possible refrigerant leak,0.603,HVAC unable to meet cooling demand – possible refrigerant leak
HVAC,Excess humidity – possible condensate drain blockage,Excess humidity – possible condensate drain blockage,Excess humidity – possible condensate drain blockage,0.731,Excess humidity – possible condensate drain blockage
HVAC,,HVAC unable to meet cooling demand – possible refrigerant leak,,0.793,HVAC unable to meet cooling demand – possible refrigerant leak
HVAC,,,,0.698,
HVAC,,,,0.63,
HVAC,,,,0.848,
HVAC,HVAC unable to meet cooling demand – possible refrigerant leak,HVAC unable to meet cooling demand – possible refrigerant leak,HVAC unable to meet cooling demand – possible refrigerant leak,0.65,HVAC unable to meet cooling demand – possible refrigerant leak
HVAC,,,,0.673,
HVAC,,,,0.923,
HVAC,,,,0.713,
HVAC,,,,0.613,
HVAC,HVAC unable to meet cooling demand – possible refrigerant leak,HVAC unable to meet cooling demand – possible refrigerant leak,HVAC unable to meet cooling demand – possible refrigerant leak,0.681,HVAC unable to meet cooling demand – possible refrigerant leak
HVAC,,,,0.762,
HVAC,,,,0.916,
HVAC,,,,0.903,
HVAC,,Excess humidity – possible condensate drain blockage,,0.917,Excess humidity – possible condensate drain blockage
HVAC,,,,0.662,
HVAC,,,,0.787,
HVAC,Excess humidity – possible condensate drain blockage,Excess humidity – possible condensate drain blockage,Excess humidity – possible condensate drain blockage,0.636,Excess humidity – possible condensate drain blockage
HVAC,,,,0.902,
HVAC,Excess humidity – possible condensate drain blockage,Excess humidity – possible condensate drain blockage,Excess humidity – possible condensate drain blockage,0.706,Excess humidity – possible condensate drain blockage
HVAC,Excess humidity – possible condensate drain blockage,Excess humidity – possible condensate drain blockage,Excess humidity – possible condensate drain blockage,0.759,Excess humidity – possible condensate drain blockage
HVAC,,,,0.279,
HVAC,,,,0.815,
HVAC,,,,0.664,
HVAC,,,,0.713,
HVAC,,,,0.76,
HVAC,,,,0.906,
HVAC,Excess humidity – possible condensate drain blockage,Excess humidity – possible condensate drain blockage,Excess humidity – possible condensate drain blockage,0.822,Excess humidity – possible condensate drain blockage
HVAC,Excess humidity – possible condensate drain blockage,Excess humidity – possible condensate drain blockage,General performance degradation,0.33,Excess humidity – possible condensate drain blockage
HVAC,,,,0.758,
HVAC,,,,0.256,
HVAC,,,,0.262,
HVAC,,,,0.916,
HVAC,Excess humidity – possible condensate drain blockage,,Excess humidity – possible condensate drain blockage,0.934,Excess humidity – possible condensate drain blockage
HVAC,,,,0.367,
HVAC,,,,0.682,
HVAC,HVAC unable to meet cooling demand – possible refrigerant leak,HVAC unable to meet cooling demand – possible refrigerant leak,HVAC unable to meet cooling demand – possible refrigerant leak,0.806,HVAC unable to meet cooling demand – possible refrigerant leak
HVAC,Excess humidity – possible condensate drain blockage,Excess humidity – possible condensate drain blockage,Excess humidity – possible condensate drain blockage,0.768,Excess humidity – possible condensate drain blockage
HVAC,,,,0.842,
HVAC,,,,0.707,
HVAC,,,,0.641,
HVAC,,,,0.605,
HVAC,,,,0.697,
HVAC,HVAC unable to meet cooling demand – possible refrigerant leak,,HVAC unable to meet cooling demand – possible refrigerant leak,0.861,HVAC unable to meet cooling demand – possible refrigerant leak
HVAC,,,,0.782,
HVAC,,,,0.655,
HVAC,,,,0.726,
HVAC,,,,0.628,
HVAC,HVAC unable to meet cooling demand – possible refrigerant leak,HVAC unable to meet cooling demand – possible refrigerant leak,HVAC unable to meet cooling demand – possible refrigerant leak,0.715,HVAC unable to meet cooling demand – possible refrigerant leak
HVAC,HVAC unable to meet cooling demand – possible refrigerant leak,HVAC unable to meet cooling demand – possible refrigerant leak,HVAC unable to meet cooling demand – possible refrigerant leak,0.801,HVAC unable to meet cooling demand – possible refrigerant leak
HVAC,Excess humidity – possible condensate drain blockage,Excess humidity – possible condensate drain blockage,Excess humidity – possible condensate drain blockage,0.726,Excess humidity – possible condensate drain blockage
HVAC,,,,0.832,
HVAC,,Excess humidity – possible condensate drain blockage,,0.678,Excess humidity – possible condensate drain blockage
HVAC,,,,0.652,
HVAC,Excess humidity – possible condensate drain blockage,Excess humidity – possible condensate drain blockage,,0.332,Excess humidity – possible condensate drain blockage
HVAC,,,,0.834,
HVAC,,,Sensor calibration issue,0.441,Sensor calibration issue
HVAC,,,General performance degradation,0.47,General performance degradation
HVAC,HVAC unable to meet cooling demand – possible refrigerant leak,,,0.265,
HVAC,,,,0.684,
HVAC,,,Unexpected power fluctuation,0.386,Unexpected power fluctuation
HVAC,,,,0.95,
HVAC,HVAC unable to meet cooling demand – possible refrigerant leak,HVAC unable to meet cooling demand – possible refrigerant leak,HVAC unable to meet cooling demand – possible refrigerant leak,0.869,HVAC unable to meet cooling demand – possible refrigerant leak
HVAC,Excess humidity – possible condensate drain blockage,Excess humidity – possible condensate drain blockage,Excess humidity – possible condensate drain blockage,0.696,Excess humidity – possible condensate drain blockage
HVAC,HVAC unable to meet cooling demand – possible refrigerant leak,HVAC unable to meet cooling demand – possible refrigerant leak,HVAC unable to meet cooling demand – possible refrigerant leak,0.856,HVAC unable to meet cooling demand – possible refrigerant leak
HVAC,Excess humidity – possible condensate drain blockage,Excess humidity – possible condensate drain blockage,Sensor calibration issue,0.413,Excess humidity – possible condensate drain blockage
HVAC,,,Sensor calibration issue,0.328,Sensor calibration issue
HVAC,HVAC unable to meet cooling demand – possible refrigerant leak,,HVAC unable to meet cooling demand – possible refrigerant leak,0.688,HVAC unable to meet cooling demand – possible refrigerant leak
HVAC,,,,0.738,
HVAC,,,,0.914,
HVAC,Excess humidity – possible condensate drain blockage,Excess humidity – possible condensate drain blockage,Excess humidity – possible condensate drain blockage,0.741,Excess humidity – possible condensate drain blockage
HVAC,Excess humidity – possible condensate drain blockage,Excess humidity – possible condensate drain blockage,Excess humidity – possible condensate drain blockage,0.647,Excess humidity – possible condensate drain blockage
HVAC,,HVAC unable to meet cooling demand – possible refrigerant leak,Control system instability,0.372,HVAC unable to meet cooling demand – possible refrigerant leak
HVAC,HVAC unable to meet cooling demand – possible refrigerant leak,HVAC unable to meet cooling demand – possible refrigerant leak,HVAC unable to meet cooling demand – possible refrigerant leak,0.873,HVAC unable to meet cooling demand – possible refrigerant leak
HVAC,Excess humidity – possible condensate drain blockage,Excess humidity – possible condensate drain blockage,Excess humidity – possible condensate drain blockage,0.897,Excess humidity – possible condensate drain blockage
HVAC,HVAC unable to meet cooling demand – possible refrigerant leak,HVAC unable to meet cooling demand – possible refrigerant leak,HVAC unable to meet cooling demand – possible refrigerant leak,0.912,HVAC unable to meet cooling demand – possible refrigerant leak
HVAC,Excess humidity – possible condensate drain blockage,Excess humidity – possible condensate drain blockage,Excess humidity – possible condensate drain blockage,0.894,Excess humidity – possible condensate drain blockage
HVAC,,,,0.926,
HVAC,,,,0.802,
HVAC,,,,0.759,
HVAC,Excess humidity – possible condensate drain blockage,,Excess humidity – possible condensate drain blockage,0.779,Excess humidity – possible condensate drain blockage
HVAC,,,,0.723,
HVAC,,,,0.948,
HVAC,,,,0.651,
Air Compressor,,,,0.642,
Air Compressor,,,,0.93,
Air Compressor,Overheating – possible lubrication issue,Overheating – possible lubrication issue,Overheating – possible lubrication issue,0.756,Overheating – possible lubrication issue
Air Compressor,,,,0.75,
Air Compressor,,,,0.245,
Air Compressor,,,,0.759,
Air Compressor,,,,0.948,
Air Compressor,Overheating – possible lubrication issue,Overheating – possible lubrication issue,Overheating – possible lubrication issue,0.785,Overheating – possible lubrication issue
Air Compressor,,,,0.802,
Air Compressor,,,,0.365,
Air Compressor,,,,0.806,
Air Compressor,,,,0.854,
Air Compressor,,,,0.924,
Air Compressor,,,,0.714,
Air Compressor,Overheating – possible lubrication issue,Overheating – possible lubrication issue,Overheating – possible lubrication issue,0.785,Overheating – possible lubrication issue
Air Compressor,,,,0.267,
Air Compressor,,,Unexpected power fluctuation,0.462,Unexpected power fluctuation
Air Compressor,,,,0.714,
Air Compressor,,,,0.85,
Air Compressor,,,,0.652,
Air Compressor,,,,0.638,
Air Compressor,,,,0.762,
Air Compressor,,,,0.785,
Air Compressor,,,,0.89,
Air Compressor,,,,0.914,
Air Compressor,,,,0.314,
Air Compressor,,,,0.684,
Air Compressor,,,,0.283,
Air Compressor,,,,0.88,
Air Compressor,Overheating – possible lubrication issue,Overheating – possible lubrication issue,Overheating – possible lubrication issue,0.711,Overheating – possible lubrication issue
Air Compressor,,,,0.271,
Air Compressor,,,,0.803,
Air Compressor,,,,0.661,
Air Compressor,Overheating – possible lubrication issue,Overheating – possible lubrication issue,Overheating – possible lubrication issue,0.787,Overheating – possible lubrication issue
Air Compressor,,,,0.89,
Air Compressor,,,,0.658,
Air Compressor,,,,0.823,
Air Compressor,,,,0.883,
Air Compressor,,,,0.31,
Air Compressor,,,,0.609,
Air Compressor,,,,0.646,
Air Compressor,,,,0.867,
Air Compressor,,,,0.253,
Air Compressor,,,,0.815,
Air Compressor,,,,0.802,
Air Compressor,,,Unexpected power fluctuation,0.381,Unexpected power fluctuation
Air Compressor,,,,0.929,
Air Compressor,,,,0.268,
Air Compressor,,,,0.865,
Air Compressor,,,,0.915,
Air Compressor,,,,0.7,
Air Compressor,,,,0.609,
Air Compressor,,,,0.788,
Air Compressor,,,,0.644,
Air Compressor,,,,0.887,
Air Compressor,,,,0.808,
Air Compressor,,,,0.279,
Air Compressor,,,,0.784,
Air Compressor,,,,0.67,
Air Compressor,,,,0.609,
Air Compressor,,,,0.622,
Air Compressor,,,,0.643,
Air Compressor,,,,0.315,
Air Compressor,,,,0.775,
Air Compressor,,,,0.752,
Air Compressor,,,,0.808,
Air Compressor,,,,0.829,
Air Compressor,,,,0.797,
Air Compressor,,,,0.939,
Air Compressor,,,,0.753,
Air Compressor,,,,0.873,
Air Compressor,,,,0.62,
Air Compressor,,,,0.697,
Air Compressor,,,,0.706,
Air Compressor,,,,0.685,
Air Compressor,,,,0.934,
Air Compressor,,,,0.747,
Air Compressor,,,,0.842,
Air Compressor,,,,0.724,
Air Compressor,Overheating – possible lubrication issue,Overheating – possible lubrication issue,Overheating – possible lubrication issue,0.676,Overheating – possible lubrication issue
Air Compressor,,,,0.712,
Air Compressor,Overheating – possible lubrication issue,Overheating – possible lubrication issue,,0.36,Overheating – possible lubrication issue
Air Compressor,,,,0.655,
Air Compressor,,,,0.906,
Air Compressor,,,,0.618,
Air Compressor,,,,0.609,
Air Compressor,Overheating – possible lubrication issue,Overheating – possible lubrication issue,Overheating – possible lubrication issue,0.932,Overheating – possible lubrication issue
Air Compressor,,,Sensor calibration issue,0.436,Sensor calibration issue
Air Compressor,,,,0.785,
Air Compressor,Overheating – possible lubrication issue,Overheating – possible lubrication issue,Overheating – possible lubrication issue,0.757,Overheating – possible lubrication issue
Air Compressor,,,,0.821,
Air Compressor,Overheating – possible lubrication issue,Overheating – possible lubrication issue,Overheating – possible lubrication issue,0.626,Overheating – possible lubrication issue
Air Compressor,,,,0.355,
Air Compressor,,,Unexpected power fluctuation,0.416,Unexpected power fluctuation
Air Compressor,,,,0.734,
Air Compressor,Overheating – possible lubrication issue,Overheating – possible lubrication issue,Overheating – possible lubrication issue,0.852,Overheating – possible lubrication issue
Air Compressor,,,,0.815,
Air Compressor,,,,0.828,
Air Compressor,,,,0.657,
Air Compressor,,,,0.705,
Air Compressor,,,,0.751,
Air Compressor,,,,0.936,
Air Compressor,,,,0.774,
Air Compressor,,,,0.367,
Air Compressor,,,,0.798,
Air Compressor,,,,0.631,
Air Compressor,Overheating – possible lubrication issue,Overheating – possible lubrication issue,Overheating – possible lubrication issue,0.608,Overheating – possible lubrication issue
Air Compressor,Overheating – possible lubrication issue,Overheating – possible lubrication issue,Overheating – possible lubrication issue,0.795,Overheating – possible lubrication issue
Air Compressor,,,,0.744,
Air Compressor,,,,0.274,
Air Compressor,Overheating – possible lubrication issue,Overheating – possible lubrication issue,Overheating – possible lubrication issue,0.717,Overheating – possible lubrication issue
Air Compressor,,,,0.818,
Air Compressor,,,,0.665,
Air Compressor,,,Unexpected power fluctuation,0.398,Unexpected power fluctuation
Air Compressor,,,,0.768,
Air Compressor,,,,0.787,
Air Compressor,,,,0.756,
Air Compressor,,,,0.788,
Air Compressor,,,,0.632,
Air Compressor,,,,0.814,
Air Compressor,,,,0.786,
Air Compressor,,,Unexpected power fluctuation,0.314,Unexpected power fluctuation
Air Compressor,,,,0.672,
Air Compressor,,,General performance degradation,0.339,General performance degradation
Air Compressor,,,,0.743,
Air Compressor,,,,0.653,
Air Compressor,Overheating – possible lubrication issue,Overheating – possible lubrication issue,Overheating – possible lubrication issue,0.937,Overheating – possible lubrication issue
Air Compressor,,,,0.604,
Air Compressor,,,,0.608,
Air Compressor,,,Unexpected power fluctuation,0.396,Unexpected power fluctuation
Air Compressor,,,,0.616,
Air Compressor,,,,0.891,
Air Compressor,,,,0.698,
Air Compressor,,,,0.746,
Air Compressor,,,,0.318,
Air Compressor,,,,0.276,
Air Compressor,Overheating – possible lubrication issue,Overheating – possible lubrication issue,Overheating – possible lubrication issue,0.717,Overheating – possible lubrication issue
Air Compressor,Overheating – possible lubrication issue,Overheating – possible lubrication issue,Overheating – possible lubrication issue,0.78,Overheating – possible lubrication issue
Air Compressor,,,,0.777,
Air Compressor,Overheating – possible lubrication issue,Overheating – possible lubrication issue,Overheating – possible lubrication issue,0.773,Overheating – possible lubrication issue
Air Compressor,,,,0.616,
Air Compressor,,,,0.735,
Air Compressor,,,,0.921,
Air Compressor,,,,0.618,
Air Compressor,,,,0.293,
Air Compressor,,,,0.791,
Air Compressor,,,,0.677,
Air Compressor,,,,0.617,
Air Compressor,,,,0.642,
Air Compressor,Overheating – possible lubrication issue,Overheating – possible lubrication issue,Overheating – possible lubrication issue,0.95,Overheating – possible lubrication issue
Air Compressor,,,,0.301,
Air Compressor,,,,0.904,
Air Compressor,,,,0.684,
Air Compressor,,,,0.904,
Air Compressor,,,,0.653,
Air Compressor,,,,0.715,
Air Compressor,,,,0.938,
Air Compressor,,,,0.806,
Air Compressor,Overheating – possible lubrication issue,Overheating – possible lubrication issue,Overheating – possible lubrication issue,0.842,Overheating – possible lubrication issue
Air Compressor,,,,0.617,
Air Compressor,,,,0.686,
Air Compressor,,,,0.821,
Air Compressor,,,,0.728,
Air Compressor,,,,0.623,
Air Compressor,,,,0.915,
Air Compressor,,,,0.347,
Air Compressor,,,,0.816,
Air Compressor,,,,0.305,
Air Compressor,Overheating – possible lubrication issue,Overheating – possible lubrication issue,General performance degradation,0.385,Overheating – possible lubrication issue
Air Compressor,,,,0.826,
Air Compressor,,,,0.295,
Air Compressor,,,,0.287,
Air Compressor,,,,0.347,
Air Compressor,Overheating – possible lubrication issue,Overheating – possible lubrication issue,,0.295,Overheating – possible lubrication issue
Air Compressor,,,,0.691,
Air Compressor,,,,0.849,
Air Compressor,,,,0.91,
Air Compressor,,,,0.853,
Air Compressor,,,,0.684,
Air Compressor,,,,0.335,
Air Compressor,,,,0.705,
Air Compressor,Overheating – possible lubrication issue,Overheating – possible lubrication issue,Overheating – possible lubrication issue,0.616,Overheating – possible lubrication issue
Air Compressor,,,,0.722,
Air Compressor,,,,0.812,
Air Compressor,,,,0.886,
Air Compressor,Overheating – possible lubrication issue,Overheating – possible lubrication issue,Overheating – possible lubrication issue,0.727,Overheating – possible lubrication issue
Air Compressor,,,,0.274,
Air Compressor,,,,0.899,
Air Compressor,,,,0.716,
Air Compressor,,,,0.821,
Air Compressor,,,,0.634,
Air Compressor,,,,0.833,
Air Compressor,,,,0.744,
Air Compressor,,,,0.878,
Air Compressor,,,,0.889,
Air Compressor,,,,0.915,
Air Compressor,,,,0.911,
Air Compressor,,,,0.689,
Air Compressor,Overheating – possible lubrication issue,Overheating – possible lubrication issue,Overheating – possible lubrication issue,0.683,Overheating – possible lubrication issue
Air Compressor,,,,0.842,
Air Compressor,,,,0.601,
Air Compressor,,,,0.812,
Air Compressor,Overheating – possible lubrication issue,Overheating – possible lubrication issue,Overheating – possible lubrication issue,0.858,Overheating – possible lubrication issue
Air Compressor,,,,0.355,
Air Compressor,,,,0.624,
Air Compressor,Overheating – possible lubrication issue,Overheating – possible lubrication issue,Overheating – possible lubrication issue,0.754,Overheating – possible lubrication issue
Air Compressor,,,,0.882,
Air Compressor,Overheating – possible lubrication issue,Overheating – possible lubrication issue,Overheating – possible lubrication issue,0.876,Overheating – possible lubrication issue
Air Compressor,,,,0.291,
Air Compressor,,,,0.894,
Air Compressor,Overheating – possible lubrication issue,Overheating – possible lubrication issue,Overheating – possible lubrication issue,0.788,Overheating – possible lubrication issue
Air Compressor,,,,0.899,
Air Compressor,,,,0.869,
Air Compressor,Overheating – possible lubrication issue,Overheating – possible lubrication issue,Overheating – possible lubrication issue,0.946,Overheating – possible lubrication issue
Air Compressor,,,,0.653,
Air Compressor,Overheating – possible lubrication issue,Overheating – possible lubrication issue,Overheating – possible lubrication issue,0.796,Overheating – possible lubrication issue
Air Compressor,,,,0.612,
Air Compressor,,,,0.793,
Air Compressor,,,,0.815,
Air Compressor,,,,0.808,
Air Compressor,,,,0.762,
Air Compressor,,,,0.915,
Air Compressor,,,,0.723,
Air Compressor,,,,0.304,
Air Compressor,,,,0.831,
Air Compressor,,,,0.729,
Air Compressor,,,,0.751,
Air Compressor,,,,0.925,
Air Compressor,,,,0.66,
Air Compressor,,,,0.649,
Air Compressor,,,,0.927,
Air Compressor,,,,0.72,
Air Compressor,,,,0.666,
Air Compressor,,,,0.695,
Air Compressor,,,,0.643,
Air Compressor,,,,0.672,
Air Compressor,,,,0.604,
Air Compressor,Overheating – possible lubrication issue,Overheating – possible lubrication issue,Overheating – possible lubrication issue,0.91,Overheating – possible lubrication issue
Air Compressor,,,,0.614,
Air Compressor,,,,0.811,
Air Compressor,,,,0.745,
Air Compressor,,,,0.794,
Air Compressor,,,,0.724,
Air Compressor,,,,0.78,
Air Compressor,,,,0.74,
Air Compressor,,,,0.833,
Air Compressor,,,,0.884,
Air Compressor,,,,0.945,
Air Compressor,Overheating – possible lubrication issue,Overheating – possible lubrication issue,Overheating – possible lubrication issue,0.751,Overheating – possible lubrication issue
Air Compressor,,,,0.73,
Air Compressor,,,,0.748,
Air Compressor,,,,0.939,
Air Compressor,,,,0.367,
Air Compressor,,,,0.91,
Air Compressor,,,Unexpected power fluctuation,0.413,Unexpected power fluctuation
Air Compressor,Overheating – possible lubrication issue,Overheating – possible lubrication issue,Overheating – possible lubrication issue,0.709,Overheating – possible lubrication issue
Air Compressor,,,,0.926,
Air Compressor,,,,0.613,
Air Compressor,,,,0.331,
Air Compressor,,,Sensor calibration issue,0.387,Sensor calibration issue
Air Compressor,,,Control system instability,0.361,Control system instability
Air Compressor,,,,0.875,
Air Compressor,,,,0.333,
Air Compressor,,,,0.856,
Air Compressor,,,,0.752,
Air Compressor,,,,0.619,
Air Compressor,,,,0.807,
Air Compressor,Overheating – possible lubrication issue,Overheating – possible lubrication issue,Overheating – possible lubrication issue,0.836,Overheating – possible lubrication issue
Air Compressor,,,,0.868,
Air Compressor,,,,0.832,
Air Compressor,,,,0.655,
Air Compressor,,,,0.602,
Air Compressor,,,,0.772,
Air Compressor,,,,0.868,
Air Compressor,,,,0.251,
Air Compressor,Overheating – possible lubrication issue,Overheating – possible lubrication issue,Overheating – possible lubrication issue,0.612,Overheating – possible lubrication issue
Air Compressor,,,,0.653,
Air Compressor,,,,0.656,
Air Compressor,,,,0.855,
Air Compressor,,,,0.612,
Air Compressor,,,,0.877,
Air Compressor,,,,0.685,
Air Compressor,Overheating – possible lubrication issue,Overheating – possible lubrication issue,Overheating – possible lubrication issue,0.888,Overheating – possible lubrication issue
Air Compressor,Overheating – possible lubrication issue,Overheating – possible lubrication issue,Overheating – possible lubrication issue,0.7,Overheating – possible lubrication issue
Air Compressor,,,,0.799,
Air Compressor,,,,0.629,
Air Compressor,,,,0.888,
Air Compressor,,,,0.325,
Air Compressor,,,,0.602,
Air Compressor,,,,0.802,
Air Compressor,,,,0.809,
Air Compressor,,,,0.651,
Air Compressor,Overheating – possible lubrication issue,Overheating – possible lubrication issue,,0.348,Overheating – possible lubrication issue
Air Compressor,,,,0.657,
Air Compressor,,,,0.906,
Air Compressor,,,,0.947,
Air Compressor,,,,0.947,
Air Compressor,,,,0.748,
Air Compressor,,,,0.944,
Air Compressor,,,,0.778,
Air Compressor,,,,0.901,
Air Compressor,,,,0.913,
Air Compressor,,,,0.682,
Air Compressor,Overheating – possible lubrication issue,Overheating – possible lubrication issue,Overheating – possible lubrication issue,0.687,Overheating – possible lubrication issue
Air Compressor,,,,0.602,
Air Compressor,,,,0.785,
Air Compressor,,,Unexpected power fluctuation,0.368,Unexpected power fluctuation
Air Compressor,,,,0.787,
Air Compressor,Overheating – possible lubrication issue,Overheating – possible lubrication issue,Overheating – possible lubrication issue,0.918,Overheating – possible lubrication issue
Air Compressor,,,,0.76,
Air Compressor,,,,0.844,
Air Compressor,,,,0.701,
Air Compressor,,,,0.899,
Air Compressor,,,Unexpected power fluctuation,0.317,Unexpected power fluctuation
Air Compressor,,,,0.303,
Air Compressor,,,,0.626,
Air Compressor,,,,0.246,
Air Compressor,,,,0.89,
Air Compressor,,,,0.721,
Air Compressor,,,,0.893,
Air Compressor,Overheating – possible lubrication issue,Overheating – possible lubrication issue,Overheating – possible lubrication issue,0.689,Overheating – possible lubrication issue
Air Compressor,,,,0.883,
Air Compressor,,,,0.687,
Air Compressor,,,,0.629,
Air Compressor,,,,0.772,
Air Compressor,,,,0.828,
Air Compressor,,,,0.781,
Air Compressor,Overheating – possible lubrication issue,Overheating – possible lubrication issue,Overheating – possible lubrication issue,0.654,Overheating – possible lubrication issue
Air Compressor,,,,0.88,
Air Compressor,,,,0.719,
Air Compressor,,,,0.9,
Air Compressor,,,,0.773,
Air Compressor,,,,0.8,
Air Compressor,,,,0.828,
Air Compressor,,,,0.278,
Air Compressor,,,,0.846,
Air Compressor,,,,0.892,
Air Compressor,,,,0.61,
Air Compressor,,,,0.685,
Air Compressor,,,,0.615,
Air Compressor,Overheating – possible lubrication issue,Overheating – possible lubrication issue,Overheating – possible lubrication issue,0.679,Overheating – possible lubrication issue
Air Compressor,,,Unexpected power fluctuation,0.434,Unexpected power fluctuation
Air Compressor,Overheating – possible lubrication issue,Overheating – possible lubrication issue,Overheating – possible lubrication issue,0.915,Overheating – possible lubrication issue
Air Compressor,,,,0.756,
Air Compressor,,,,0.26,
Air Compressor,,,,0.774,
Air Compressor,,,,0.302,
Air Compressor,,,,0.765,
Air Compressor,,,,0.875,
Air Compressor,,,,0.788,
Air Compressor,,,,0.804,
Air Compressor,,,,0.734,
Air Compressor,,,,0.935,
Air Compressor,Overheating – possible lubrication issue,Overheating – possible lubrication issue,,0.315,Overheating – possible lubrication issue
Air Compressor,,,,0.649,
Air Compressor,Overheating – possible lubrication issue,Overheating – possible lubrication issue,Overheating – possible lubrication issue,0.904,Overheating – possible lubrication issue
Air Compressor,,,,0.634,
Air Compressor,,,,0.366,
Air Compressor,,,,0.607,
Air Compressor,,,,0.696,
Air Compressor,Overheating – possible lubrication issue,Overheating – possible lubrication issue,,0.259,Overheating – possible lubrication issue
Air Compressor,,,,0.838,
Air Compressor,Overheating – possible lubrication issue,Overheating – possible lubrication issue,Overheating – possible lubrication issue,0.901,Overheating – possible lubrication issue
Air Compressor,,,,0.814,
Air Compressor,,,,0.685,
Air Compressor,Overheating – possible lubrication issue,Overheating – possible lubrication issue,Overheating – possible lubrication issue,0.714,Overheating – possible lubrication issue
Air Compressor,,,,0.663,
Air Compressor,,,,0.702,
Air Compressor,,,,0.837,
Air Compressor,,,,0.665,
Air Compressor,,,,0.685,
Air Compressor,,,,0.936,
Air Compressor,,,,0.269,
Air Compressor,,,,0.254,
Air Compressor,,,,0.379,
Air Compressor,,,,0.28,
Air Compressor,,,,0.676,
Air Compressor,,,,0.66,
Air Compressor,,,,0.682,
Air Compressor,,,,0.673,
Air Compressor,,,,0.892,
Air Compressor,,,,0.624,
Air Compressor,,,,0.79,
Air Compressor,,,,0.811,
Air Compressor,,,,0.825,
Air Compressor,,,,0.794,
Air Compressor,,,,0.913,
Air Compressor,Overheating – possible lubrication issue,Overheating – possible lubrication issue,Overheating – possible lubrication issue,0.654,Overheating – possible lubrication issue
Air Compressor,,,,0.333,
Air Compressor,,,,0.618,
Air Compressor,,,,0.703,
Air Compressor,,,,0.91,
Air Compressor,,,,0.671,
Air Compressor,,,,0.846,
Air Compressor,,,,0.852,
Air Compressor,,,,0.808,
Air Compressor,,,,0.791,
Air Compressor,,,,0.766,
Air Compressor,,,,0.6,
Air Compressor,Overheating – possible lubrication issue,Overheating – possible lubrication issue,Overheating – possible lubrication issue,0.714,Overheating – possible lubrication issue
Air Compressor,,,,0.255,
Air Compressor,Overheating – possible lubrication issue,Overheating – possible lubrication issue,Overheating – possible lubrication issue,0.608,Overheating – possible lubrication issue
Air Compressor,Overheating – possible lubrication issue,Overheating – possible lubrication issue,Overheating – possible lubrication issue,0.617,Overheating – possible lubrication issue
Air Compressor,Overheating – possible lubrication issue,Overheating – possible lubrication issue,Overheating – possible lubrication issue,0.922,Overheating – possible lubrication issue
Air Compressor,Overheating – possible lubrication issue,Overheating – possible lubrication issue,Overheating – possible lubrication issue,0.879,Overheating – possible lubrication issue
Air Compressor,,,,0.674,
Air Compressor,,,,0.798,
Air Compressor,,,,0.704,
Air Compressor,,,,0.878,
Air Compressor,,,,0.642,
Air Compressor,,,,0.651,
Air Compressor,,,,0.296,
Air Compressor,,,,0.745,
Air Compressor,,,,0.883,
Air Compressor,,,,0.603,
Air Compressor,,,,0.731,
Air Compressor,Overheating – possible lubrication issue,Overheating – possible lubrication issue,Overheating – possible lubrication issue,0.734,Overheating – possible lubrication issue
Air Compressor,,,,0.926,
Air Compressor,,,,0.272,
Air Compressor,,,,0.711,
Air Compressor,,,,0.659,
Air Compressor,,,General performance degradation,0.337,General performance degradation
Air Compressor,Overheating – possible lubrication issue,Overheating – possible lubrication issue,,0.364,Overheating – possible lubrication issue
Air Compressor,Overheating – possible lubrication issue,Overheating – possible lubrication issue,Overheating – possible lubrication issue,0.775,Overheating – possible lubrication issue
Air Compressor,Overheating – possible lubrication issue,Overheating – possible lubrication issue,Overheating – possible lubrication issue,0.836,Overheating – possible lubrication issue
Air Compressor,,,,0.752,
Air Compressor,,,,0.93,
Air Compressor,,,,0.931,
Air Compressor,,,,0.304,
Air Compressor,,,,0.781,
Air Compressor,,,,0.606,
Air Compressor,,,,0.817,
Air Compressor,,,,0.622,
Air Compressor,,,,0.74,
Air Compressor,,,,0.622,
Air Compressor,,,,0.342,
Air Compressor,,,,0.783,
Air Compressor,,,,0.849,
Air Compressor,,,,0.695,
Air Compressor,,,,0.888,
Air Compressor,,,,0.908,
Air Compressor,,,,0.872,
Air Compressor,,,,0.794,
Air Compressor,,,,0.937,
Air Compressor,,,,0.689,
Air Compressor,Overheating – possible lubrication issue,Overheating – possible lubrication issue,Overheating – possible lubrication issue,0.609,Overheating – possible lubrication issue
Air Compressor,,,,0.791,
Air Compressor,,,Sensor calibration issue,0.446,Sensor calibration issue
Air Compressor,,,,0.29,
Air Compressor,,,,0.758,
Air Compressor,,,,0.913,
Air Compressor,,,,0.292,
Air Compressor,,,,0.368,
Air Compressor,,,,0.891,
Air Compressor,,,,0.834,
Air Compressor,,,,0.789,
Air Compressor,,,,0.811,
Air Compressor,,,,0.753,
Air Compressor,,,,0.643,
Air Compressor,,,,0.936,
Air Compressor,,,,0.919,
Air Compressor,,,,0.623,
Air Compressor,,,,0.815,
Air Compressor,,,,0.767,
Air Compressor,,,,0.839,
Air Compressor,,,,0.88,
Air Compressor,Overheating – possible lubrication issue,Overheating – possible lubrication issue,Overheating – possible lubrication issue,0.732,Overheating – possible lubrication issue
Air Compressor,,,,0.806,
Air Compressor,Overheating – possible lubrication issue,Overheating – possible lubrication issue,Overheating – possible lubrication issue,0.881,Overheating – possible lubrication issue
Air Compressor,,,,0.313,
Air Compressor,,,,0.829,
Air Compressor,,,,0.605,
Air Compressor,,,,0.243,
Air Compressor,,,,0.78,
Air Compressor,,,,0.722,
Air Compressor,,,,0.328,
Air Compressor,,,General performance degradation,0.418,General performance degradation
Air Compressor,,,,0.715,
Air Compressor,Overheating – possible lubrication issue,Overheating – possible lubrication issue,Overheating – possible lubrication issue,0.839,Overheating – possible lubrication issue
Air Compressor,,,,0.307,
Air Compressor,,,,0.781,
Air Compressor,,,,0.331,
Air Compressor,,,,0.613,
Air Compressor,,,,0.898,
Air Compressor,,,,0.713,
Air Compressor,,,,0.935,
Air Compressor,,,,0.305,
Air Compressor,,,,0.908,
Air Compressor,,,,0.659,
Air Compressor,,,,0.739,
Air Compressor,,,,0.882,
Air Compressor,Overheating – possible lubrication issue,Overheating – possible lubrication issue,,0.349,Overheating – possible lubrication issue
Air Compressor,,,,0.676,
Air Compressor,,,,0.661,
Air Compressor,,,,0.339,
Air Compressor,,,,0.621,
Air Compressor,,,,0.836,
Air Compressor,Overheating – possible lubrication issue,Overheating – possible lubrication issue,,0.293,Overheating – possible lubrication issue
Air Compressor,Overheating – possible lubrication issue,Overheating – possible lubrication issue,Overheating – possible lubrication issue,0.728,Overheating – possible lubrication issue
Air Compressor,,,,0.673,
Air Compressor,,,,0.686,
Air Compressor,,,,0.819,
Air Compressor,,,,0.721,
Air Compressor,,,,0.741,
Air Compressor,,,,0.784,
Air Compressor,,,,0.916,
Air Compressor,,,,0.711,
Air Compressor,,,,0.627,
Air Compressor,,,,0.887,
Air Compressor,,,,0.87,
Air Compressor,,,,0.729,
Air Compressor,,,,0.722,
Air Compressor,,,,0.806,
Air Compressor,,,,0.309,
Air Compressor,,,,0.662,
Air Compressor,,,,0.947,
Air Compressor,,,,0.736,
Air Compressor,,,,0.947,
Air Compressor,,,,0.797,
Air Compressor,,,,0.831,
Air Compressor,,,,0.826,
Air Compressor,,,,0.66,
Air Compressor,,,,0.785,
Air Compressor,Overheating – possible lubrication issue,Overheating – possible lubrication issue,Overheating – possible lubrication issue,0.649,Overheating – possible lubrication issue
Air Compressor,Overheating – possible lubrication issue,Overheating – possible lubrication issue,Overheating – possible lubrication issue,0.775,Overheating – possible lubrication issue
Air Compressor,,,,0.61,
Air Compressor,,,,0.671,
Air Compressor,,,Sensor calibration issue,0.395,Sensor calibration issue
Air Compressor,,,,0.837,
Air Compressor,,,,0.703,
Air Compressor,,,,0.694,
Air Compressor,Overheating – possible lubrication issue,Overheating – possible lubrication issue,Overheating – possible lubrication issue,0.665,Overheating – possible lubrication issue
Air Compressor,Overheating – possible lubrication issue,,Overheating – possible lubrication issue,0.844,Overheating – possible lubrication issue
Air Compressor,,,,0.32,
Air Compressor,,,,0.726,
Air Compressor,,,,0.893,
Air Compressor,Overheating – possible lubrication issue,Overheating – possible lubrication issue,,0.247,Overheating – possible lubrication issue
Air Compressor,,,,0.663,
Air Compressor,,,,0.737,
Air Compressor,,,,0.913,
Air Compressor,Overheating – possible lubrication issue,Overheating – possible lubrication issue,Overheating – possible lubrication issue,0.853,Overheating – possible lubrication issue
Air Compressor,Overheating – possible lubrication issue,Overheating – possible lubrication issue,Overheating – possible lubrication issue,0.623,Overheating – possible lubrication issue
Air Compressor,Overheating – possible lubrication issue,,Overheating – possible lubrication issue,0.921,Overheating – possible lubrication issue
Air Compressor,,,,0.809,
Air Compressor,,,,0.797,
Air Compressor,Overheating – possible lubrication issue,Overheating – possible lubrication issue,Overheating – possible lubrication issue,0.729,Overheating – possible lubrication issue
Air Compressor,,,Control system instability,0.446,Control system instability
Air Compressor,Overheating – possible lubrication issue,Overheating – possible lubrication issue,Overheating – possible lubrication issue,0.773,Overheating – possible lubrication issue
Air Compressor,,,,0.275,
Air Compressor,,,,0.713,
Air Compressor,,,,0.897,
Air Compressor,,,,0.66,
Air Compressor,,,,0.79,
Air Compressor,,,,0.86,
Air Compressor,,,,0.759,
Air Compressor,,,,0.889,
Air Compressor,Overheating – possible lubrication issue,Overheating – possible lubrication issue,Overheating – possible lubrication issue,0.741,Overheating – possible lubrication issue
Air Compressor,,,,0.708,
Air Compressor,,,,0.296,
Air Compressor,,,,0.948,
Air Compressor,,,,0.915,
Air Compressor,,,,0.69,
Air Compressor,,,,0.934,
Air Compressor,,,,0.759,
Air Compressor,,,,0.612,
Air Compressor,Overheating – possible lubrication issue,,Overheating – possible lubrication issue,0.724,Overheating – possible lubrication issue
Air Compressor,,,,0.272,
Air Compressor,Overheating – possible lubrication issue,Overheating – possible lubrication issue,Overheating – possible lubrication issue,0.879,Overheating – possible lubrication issue
Air Compressor,,,,0.614,
Air Compressor,,,,0.663,
Air Compressor,,,,0.945,
Air Compressor,,,,0.685,
Air Compressor,,,,0.937,
Air Compressor,,,,0.289,
Air Compressor,,,,0.752,
Air Compressor,,,,0.855,
Air Compressor,,,,0.916,
Air Compressor,Overheating – possible lubrication issue,Overheating – possible lubrication issue,Overheating – possible lubrication issue,0.745,Overheating – possible lubrication issue
Air Compressor,,,,0.948,
Air Compressor,,,,0.808,
Air Compressor,,,,0.755,
Air Compressor,,,,0.894,
Air Compressor,,,,0.803,
Air Compressor,Overheating – possible lubrication issue,Overheating – possible lubrication issue,Overheating – possible lubrication issue,0.86,Overheating – possible lubrication issue
Air Compressor,,Overheating – possible lubrication issue,,0.634,Overheating – possible lubrication issue
Air Compressor,,,,0.683,
Air Compressor,Overheating – possible lubrication issue,Overheating – possible lubrication issue,Overheating – possible lubrication issue,0.814,Overheating – possible lubrication issue
Air Compressor,Overheating – possible lubrication issue,Overheating – possible lubrication issue,Overheating – possible lubrication issue,0.657,Overheating – possible lubrication issue
Air Compressor,,,,0.85,
Air Compressor,,,,0.938,
Air Compressor,,,,0.648,
Air Compressor,,,,0.704,
Air Compressor,,,,0.624,
Air Compressor,,,,0.933,
Air Compressor,,,,0.892,
Air Compressor,,,,0.608,
Air Compressor,,,,0.753,
Air Compressor,,,,0.75,
Air Compressor,,,,0.718,
Air Compressor,,,,0.89,
Air Compressor,,Overheating – possible lubrication issue,,0.672,Overheating – possible lubrication issue
Air Compressor,,,,0.648,
Air Compressor,,,,0.853,
Air Compressor,,,,0.886,
Air Compressor,,,,0.807,
Air Compressor,,,,0.855,
Air Compressor,,,,0.796,
Air Compressor,Overheating – possible lubrication issue,Overheating – possible lubrication issue,Overheating – possible lubrication issue,0.78,Overheating – possible lubrication issue
Air Compressor,,,,0.874,
Air Compressor,,,,0.709,
Air Compressor,,,,0.779,
Air Compressor,,,,0.324,
Air Compressor,,,,0.656,
Air Compressor,Overheating – possible lubrication issue,,Overheating – possible lubrication issue,0.835,Overheating – possible lubrication issue
Air Compressor,Overheating – possible lubrication issue,,Overheating – possible lubrication issue,0.937,Overheating – possible lubrication issue
Air Compressor,,,,0.856,
Air Compressor,Overheating – possible lubrication issue,,,0.274,
Air Compressor,,,,0.647,
Air Compressor,,,,0.808,
Air Compressor,Overheating – possible lubrication issue,Overheating – possible lubrication issue,Overheating – possible lubrication issue,0.762,Overheating – possible lubrication issue
Air Compressor,,,,0.697,
Air Compressor,,,,0.897,
Air Compressor,Overheating – possible lubrication issue,Overheating – possible lubrication issue,Overheating – possible lubrication issue,0.653,Overheating – possible lubrication issue
Air Compressor,,,,0.878,
Air Compressor,Overheating – possible lubrication issue,Overheating – possible lubrication issue,Overheating – possible lubrication issue,0.681,Overheating – possible lubrication issue
Air Compressor,,,,0.841,
Air Compressor,,,Control system instability,0.318,Control system instability
Air Compressor,,,,0.749,
Air Compressor,Overheating – possible lubrication issue,Overheating – possible lubrication issue,Overheating – possible lubrication issue,0.629,Overheating – possible lubrication issue
Air Compressor,,,,0.301,
Air Compressor,,,,0.853,
Air Compressor,Overheating – possible lubrication issue,Overheating – possible lubrication issue,Overheating – possible lubrication issue,0.826,Overheating – possible lubrication issue
Air Compressor,,,,0.797,
Air Compressor,,,,0.81,
Air Compressor,Overheating – possible lubrication issue,Overheating – possible lubrication issue,Overheating – possible lubrication issue,0.759,Overheating – possible lubrication issue
Air Compressor,,,,0.245,
Air Compressor,,,,0.874,
Air Compressor,,,,0.38,
Air Compressor,,,,0.283,
Air Compressor,,,,0.712,
Air Compressor,,,,0.62,
Air Compressor,,,,0.777,
Air Compressor,,,,0.631,
Air Compressor,,,,0.609,
Air Compressor,,,,0.887,
Air Compressor,,,,0.25,
Air Compressor,,,,0.676,
Air Compressor,,,,0.774,
Air Compressor,,,Unexpected power fluctuation,0.47,Unexpected power fluctuation
Air Compressor,,,,0.604,
Air Compressor,,,,0.835,
Air Compressor,,,,0.939,
Air Compressor,,,,0.615,
Air Compressor,,,,0.843,
Air Compressor,,,,0.687,
Air Compressor,,,,0.703,
Air Compressor,,,,0.881,
Air Compressor,,,,0.802,
Air Compressor,,,,0.67,
Air Compressor,,,,0.618,
Air Compressor,,Overheating – possible lubrication issue,,0.743,Overheating – possible lubrication issue
Air Compressor,,,,0.302,
Air Compressor,Overheating – possible lubrication issue,Overheating – possible lubrication issue,Overheating – possible lubrication issue,0.647,Overheating – possible lubrication issue
Air Compressor,,,,0.763,
Air Compressor,,,,0.336,
Air Compressor,,,,0.725,
Air Compressor,,,,0.865,
Air Compressor,,,,0.622,
Air Compressor,,,,0.693,
Air Compressor,,,,0.834,
Air Compressor,,,,0.872,
Air Compressor,,,,0.86,
Air Compressor,,,Unexpected power fluctuation,0.38,Unexpected power fluctuation
Air Compressor,,,,0.847,
Air Compressor,,,,0.768,
Air Compressor,,,,0.761,
Air Compressor,,Overheating – possible lubrication issue,,0.725,Overheating – possible lubrication issue
Air Compressor,,,,0.847,
Air Compressor,,,,0.622,
Air Compressor,,,Control system instability,0.318,Control system instability
Air Compressor,,,,0.805,
Air Compressor,,Overheating – possible lubrication issue,,0.311,Overheating – possible lubrication issue
Air Compressor,,Overheating – possible lubrication issue,,0.266,Overheating – possible lubrication issue
Air Compressor,,,,0.822,
Air Compressor,Overheating – possible lubrication issue,Overheating – possible lubrication issue,Overheating – possible lubrication issue,0.817,Overheating – possible lubrication issue
Air Compressor,,,,0.679,
Air Compressor,Overheating – possible lubrication issue,Overheating – possible lubrication issue,Overheating – possible lubrication issue,0.631,Overheating – possible lubrication issue
Air Compressor,,,,0.884,
Air Compressor,,,,0.707,
Air Compressor,,,,0.923,
Air Compressor,,,,0.648,
Air Compressor,,,,0.806,
Air Compressor,,,,0.603,
Air Compressor,,,Sensor calibration issue,0.337,Sensor calibration issue
Air Compressor,Overheating – possible lubrication issue,Overheating – possible lubrication issue,,0.351,Overheating – possible lubrication issue
Air Compressor,,,,0.647,
Air Compressor,,,,0.604,
Air Compressor,,Overheating – possible lubrication issue,,0.271,Overheating – possible lubrication issue
Air Compressor,,,,0.726,
Air Compressor,,,,0.851,
Air Compressor,,,,0.786,
Air Compressor,,,,0.617,
Air Compressor,,,,0.793,
Air Compressor,,,,0.793,
Air Compressor,,,,0.682,
Air Compressor,,,,0.681,
Air Compressor,,,,0.926,
Air Compressor,Overheating – possible lubrication issue,Overheating – possible lubrication issue,Overheating – possible lubrication issue,0.643,Overheating – possible lubrication issue
Air Compressor,,,,0.812,
Air Compressor,,,,0.874,
Air Compressor,Overheating – possible lubrication issue,,Overheating – possible lubrication issue,0.928,Overheating – possible lubrication issue
Air Compressor,,,,0.632,
Air Compressor,,,,0.689,
Air Compressor,,,,0.635,
Air Compressor,,,,0.909,
Air Compressor,,,,0.856,
Air Compressor,,,,0.619,
Air Compressor,,,,0.793,
Air Compressor,Overheating – possible lubrication issue,Overheating – possible lubrication issue,Overheating – possible lubrication issue,0.918,Overheating – possible lubrication issue
Air Compressor,,,,0.876,
Air Compressor,,,,0.378,
Air Compressor,,,,0.864,
Air Compressor,,,,0.295,
Air Compressor,,,,0.306,
Air Compressor,,,,0.285,
Air Compressor,,,,0.658,
Air Compressor,,,,0.804,
Air Compressor,,,,0.901,
Air Compressor,,,,0.85,
Air Compressor,,,,0.871,
Air Compressor,,,,0.69,
Air Compressor,Overheating – possible lubrication issue,,Overheating – possible lubrication issue,0.848,Overheating – possible lubrication issue
Air Compressor,Overheating – possible lubrication issue,Overheating – possible lubrication issue,,0.375,Overheating – possible lubrication issue
Air Compressor,,,,0.933,
Air Compressor,,,,0.786,
Air Compressor,,,,0.818,
Air Compressor,Overheating – possible lubrication issue,Overheating – possible lubrication issue,Overheating – possible lubrication issue,0.895,Overheating – possible lubrication issue
Air Compressor,,,,0.358,
Air Compressor,,,,0.281,
Air Compressor,,,,0.946,
Air Compressor,Overheating – possible lubrication issue,,Overheating – possible lubrication issue,0.903,Overheating – possible lubrication issue
Air Compressor,,,,0.938,
Air Compressor,,,,0.644,
Air Compressor,Overheating – possible lubrication issue,,Overheating – possible lubrication issue,0.919,Overheating – possible lubrication issue
Air Compressor,,,,0.748,
Air Compressor,,,Control system instability,0.305,Control system instability
Air Compressor,,,,0.827,
Air Compressor,,,,0.352,
Air Compressor,,Overheating – possible lubrication issue,,0.657,Overheating – possible lubrication issue
Air Compressor,,,,0.922,
Air Compressor,,,,0.736,
Air Compressor,,,,0.868,
Air Compressor,,,,0.646,
Air Compressor,,,,0.605,
Air Compressor,,,,0.326,
Air Compressor,Overheating – possible lubrication issue,Overheating – possible lubrication issue,Overheating – possible lubrication issue,0.746,Overheating – possible lubrication issue
Air Compressor,,,Sensor calibration issue,0.416,Sensor calibration issue
Air Compressor,,,,0.766,
Air Compressor,,,,0.811,
Air Compressor,,,,0.67,
Air Compressor,,,,0.784,
Air Compressor,,,,0.745,
Air Compressor,,,,0.665,
Air Compressor,,,,0.668,
Air Compressor,,,,0.619,
Air Compressor,,,,0.637,
Air Compressor,,,,0.792,
Air Compressor,,,,0.707,
Air Compressor,,,Sensor calibration issue,0.431,Sensor calibration issue
Air Compressor,,,,0.67,
Air Compressor,,,,0.747,
Air Compressor,,,,0.909,
Air Compressor,,,,0.778,
Air Compressor,,,,0.673,
Air Compressor,,,,0.649,
Air Compressor,,,,0.333,
Air Compressor,Overheating – possible lubrication issue,Overheating – possible lubrication issue,Overheating – possible lubrication issue,0.631,Overheating – possible lubrication issue
Air Compressor,,,,0.917,
Air Compressor,,,,0.319,
Air Compressor,,,,0.615,
Air Compressor,,Overheating – possible lubrication issue,,0.933,Overheating – possible lubrication issue
Air Compressor,,,,0.633,
Air Compressor,,,,0.924,
Air Compressor,,,General performance degradation,0.433,General performance degradation
Air Compressor,,,,0.739,
Air Compressor,,,,0.656,
Air Compressor,,,,0.721,
Air Compressor,,,,0.761,
Air Compressor,,,,0.697,
Air Compressor,,,,0.666,
Air Compressor,,,Sensor calibration issue,0.388,Sensor calibration issue
Air Compressor,,,,0.694,
Air Compressor,,,,0.9,
Air Compressor,Overheating – possible lubrication issue,Overheating – possible lubrication issue,Overheating – possible lubrication issue,0.705,Overheating – possible lubrication issue
Air Compressor,Overheating – possible lubrication issue,Overheating – possible lubrication issue,Overheating – possible lubrication issue,0.886,Overheating – possible lubrication issue
Air Compressor,Overheating – possible lubrication issue,Overheating – possible lubrication issue,Overheating – possible lubrication issue,0.688,Overheating – possible lubrication issue
Air Compressor,,,,0.643,
Air Compressor,,,,0.681,
Air Compressor,,,,0.923,
Air Compressor,,,Sensor calibration issue,0.392,Sensor calibration issue
Air Compressor,,,,0.741,
Air Compressor,,,,0.663,
Air Compressor,,,,0.95,
Air Compressor,Overheating – possible lubrication issue,Overheating – possible lubrication issue,Overheating – possible lubrication issue,0.713,Overheating – possible lubrication issue
Air Compressor,,,,0.69,
Air Compressor,,,,0.773,
Air Compressor,,,,0.665,
Air Compressor,Overheating – possible lubrication issue,,Overheating – possible lubrication issue,0.831,Overheating – possible lubrication issue
Air Compressor,,,,0.822,
Air Compressor,Overheating – possible lubrication issue,Overheating – possible lubrication issue,Overheating – possible lubrication issue,0.765,Overheating – possible lubrication issue
Air Compressor,,,,0.643,
Air Compressor,,,,0.868,
Air Compressor,,,,0.922,
Air Compressor,,,,0.617,
Air Compressor,,,,0.603,
Air Compressor,,Overheating – possible lubrication issue,Control system instability,0.37,Overheating – possible lubrication issue
Air Compressor,,,,0.926,
Air Compressor,,,,0.659,
Air Compressor,,,,0.293,
Air Compressor,,Overheating – possible lubrication issue,,0.286,Overheating – possible lubrication issue
Air Compressor,,,,0.26,
Air Compressor,Overheating – possible lubrication issue,,Overheating – possible lubrication issue,0.771,Overheating – possible lubrication issue
Air Compressor,Overheating – possible lubrication issue,Overheating – possible lubrication issue,Overheating – possible lubrication issue,0.944,Overheating – possible lubrication issue
Air Compressor,,,,0.765,
Air Compressor,Overheating – possible lubrication issue,Overheating – possible lubrication issue,Overheating – possible lubrication issue,0.948,Overheating – possible lubrication issue
Air Compressor,,,,0.849,
Air Compressor,,,,0.665,
Air Compressor,,,,0.273,
Air Compressor,,,,0.36,
Air Compressor,,,,0.696,
Air Compressor,,,,0.831,
Air Compressor,,,,0.358,
Air Compressor,,,,0.92,
Air Compressor,,Overheating – possible lubrication issue,,0.618,Overheating – possible lubrication issue
Air Compressor,,,,0.327,
Air Compressor,,,,0.806,
Air Compressor,,,,0.748,
Air Compressor,,,,0.904,
Air Compressor,Overheating – possible lubrication issue,Overheating – possible lubrication issue,,0.374,Overheating – possible lubrication issue
Air Compressor,,,,0.278,
Air Compressor,,,,0.695,
Air Compressor,,,,0.691,
Air Compressor,Overheating – possible lubrication issue,Overheating – possible lubrication issue,Overheating – possible lubrication issue,0.644,Overheating – possible lubrication issue
Air Compressor,,,,0.62,
Air Compressor,,,,0.837,
Air Compressor,,,,0.799,
Air Compressor,,,,0.736,
Air Compressor,,,,0.732,
Air Compressor,,,,0.74,
Air Compressor,Overheating – possible lubrication issue,Overheating – possible lubrication issue,Unexpected power fluctuation,0.384,Overheating – possible lubrication issue
Air Compressor,,,,0.723,
Air Compressor,,,,0.278,
Air Compressor,,,,0.292,
Air Compressor,,,,0.325,
Air Compressor,,,,0.8,
Air Compressor,,,,0.833,
Air Compressor,,,,0.922,
Air Compressor,,,,0.303,
Air Compressor,,,,0.25,
Air Compressor,,,,0.915,
Air Compressor,,,,0.726,
Air Compressor,,,,0.343,
Air Compressor,,,,0.949,
Air Compressor,,,,0.901,
Air Compressor,,Overheating – possible lubrication issue,,0.85,Overheating – possible lubrication issue
Air Compressor,,,,0.791,
Air Compressor,,,,0.77,
Air Compressor,,,,0.701,
Air Compressor,,,,0.883,
Air Compressor,Overheating – possible lubrication issue,Overheating – possible lubrication issue,Overheating – possible lubrication issue,0.63,Overheating – possible lubrication issue
Air Compressor,Overheating – possible lubrication issue,Overheating – possible lubrication issue,Overheating – possible lubrication issue,0.947,Overheating – possible lubrication issue
Air Compressor,,,,0.803,
Air Compressor,,,Sensor calibration issue,0.323,Sensor calibration issue
Air Compressor,,,,0.95,
Air Compressor,,,,0.634,
Air Compressor,Overheating – possible lubrication issue,Overheating – possible lubrication issue,Overheating – possible lubrication issue,0.656,Overheating – possible lubrication issue
Air Compressor,,,,0.91,
Air Compressor,,,,0.89,
Air Compressor,,,,0.845,
Air Compressor,Overheating – possible lubrication issue,Overheating – possible lubrication issue,Overheating – possible lubrication issue,0.915,Overheating – possible lubrication issue
Air Compressor,,,,0.688,
Air Compressor,,,,0.698,
Air Compressor,,,,0.879,
Air Compressor,,,,0.675,
Air Compressor,Overheating – possible lubrication issue,Overheating – possible lubrication issue,Overheating – possible lubrication issue,0.656,Overheating – possible lubrication issue
Air Compressor,Overheating – possible lubrication issue,Overheating – possible lubrication issue,Overheating – possible lubrication issue,0.931,Overheating – possible lubrication issue
Air Compressor,,,,0.814,
Air Compressor,Overheating – possible lubrication issue,Overheating – possible lubrication issue,Overheating – possible lubrication issue,0.768,Overheating – possible lubrication issue
Air Compressor,,,,0.943,
Air Compressor,,,,0.644,
Air Compressor,,,,0.93,
Air Compressor,Overheating – possible lubrication issue,Overheating – possible lubrication issue,Overheating – possible lubrication issue,0.941,Overheating – possible lubrication issue
Air Compressor,,,,0.822,
Air Compressor,,,Control system instability,0.439,Control system instability
Air Compressor,,,,0.87,
Air Compressor,,,,0.947,
Air Compressor,,,,0.662,
Air Compressor,,,,0.679,
Air Compressor,Overheating – possible lubrication issue,Overheating – possible lubrication issue,Overheating – possible lubrication issue,0.835,Overheating – possible lubrication issue
Air Compressor,,,,0.642,
Air Compressor,Overheating – possible lubrication issue,Overheating – possible lubrication issue,Overheating – possible lubrication issue,0.764,Overheating – possible lubrication issue
Air Compressor,,,,0.949,
Air Compressor,,,,0.672,
Air Compressor,,,,0.859,
Air Compressor,Overheating – possible lubrication issue,Overheating – possible lubrication issue,Overheating – possible lubrication issue,0.945,Overheating – possible lubrication issue
Air Compressor,,,,0.919,
Air Compressor,,,,0.902,
Air Compressor,,,,0.808,
Air Compressor,,,,0.848,
Air Compressor,,,,0.644,
Air Compressor,,,,0.718,
Air Compressor,,,,0.84,
Air Compressor,,,,0.61,
Air Compressor,,,,0.795,
Air Compressor,Overheating – possible lubrication issue,Overheating – possible lubrication issue,Overheating – possible lubrication issue,0.902,Overheating – possible lubrication issue
Air Compressor,,,,0.941,
Air Compressor,,,,0.615,
Air Compressor,Overheating – possible lubrication issue,Overheating – possible lubrication issue,Overheating – possible lubrication issue,0.753,Overheating – possible lubrication issue
Air Compressor,,,,0.751,
Air Compressor,,,,0.379,
Air Compressor,,,,0.94,
Air Compressor,,,,0.833,
Air Compressor,,,,0.769,
Air Compressor,,,,0.368,
Air Compressor,,,,0.607,
Air Compressor,,Overheating – possible lubrication issue,,0.899,Overheating – possible lubrication issue
Air Compressor,,,,0.629,
Air Compressor,,,,0.84,
Air Compressor,Overheating – possible lubrication issue,Overheating – possible lubrication issue,,0.27,Overheating – possible lubrication issue
Air Compressor,Overheating – possible lubrication issue,Overheating – possible lubrication issue,Overheating – possible lubrication issue,0.799,Overheating – possible lubrication issue
Air Compressor,,,,0.852,
Air Compressor,,,,0.938,
Air Compressor,,,,0.676,
Air Compressor,,,,0.671,
Air Compressor,,,,0.892,
Air Compressor,,,,0.749,
Air Compressor,,,,0.887,
Air Compressor,Overheating – possible lubrication issue,Overheating – possible lubrication issue,Overheating – possible lubrication issue,0.693,Overheating – possible lubrication issue
Air Compressor,,,,0.689,
Air Compressor,,,,0.685,
Air Compressor,,,,0.797,
Air Compressor,,,,0.602,
Air Compressor,,,,0.883,
Air Compressor,,,,0.948,
Air Compressor,Overheating – possible lubrication issue,Overheating – possible lubrication issue,Overheating – possible lubrication issue,0.619,Overheating – possible lubrication issue
Air Compressor,,,Control system instability,0.304,Control system instability
Air Compressor,,,,0.915,
Air Compressor,Overheating – possible lubrication issue,Overheating – possible lubrication issue,Overheating – possible lubrication issue,0.799,Overheating – possible lubrication issue
Air Compressor,,,,0.823,
Air Compressor,,,,0.95,
Air Compressor,,,,0.779,
Air Compressor,,,,0.839,
Air Compressor,,,,0.663,
Air Compressor,,,,0.634,
Air Compressor,,,,0.659,
Air Compressor,,,,0.262,
Air Compressor,,,,0.89,
Air Compressor,,,,0.604,
Air Compressor,,,,0.678,
Air Compressor,,,,0.657,
Air Compressor,,,,0.92,
Air Compressor,Overheating – possible lubrication issue,Overheating – possible lubrication issue,,0.371,Overheating – possible lubrication issue
Air Compressor,,,,0.744,
Air Compressor,Overheating – possible lubrication issue,,Overheating – possible lubrication issue,0.645,Overheating – possible lubrication issue
Air Compressor,,,,0.942,
Air Compressor,,,,0.918,
Air Compressor,,,General performance degradation,0.443,General performance degradation
Air Compressor,,,,0.739,
Air Compressor,,,,0.766,
Air Compressor,,,,0.852,
Air Compressor,Overheating – possible lubrication issue,Overheating – possible lubrication issue,Overheating – possible lubrication issue,0.778,Overheating – possible lubrication issue
Air Compressor,,,,0.898,
Air Compressor,Overheating – possible lubrication issue,Overheating – possible lubrication issue,Overheating – possible lubrication issue,0.723,Overheating – possible lubrication issue
Air Compressor,,,,0.78,
Air Compressor,,,,0.246,
Air Compressor,,,,0.316,
Air Compressor,,,,0.904,
Air Compressor,,,General performance degradation,0.378,General performance degradation
Air Compressor,,,,0.678,
Air Compressor,,,Unexpected power fluctuation,0.473,Unexpected power fluctuation
Air Compressor,,,,0.692,
Air Compressor,,,,0.828,
Air Compressor,,,,0.769,
Air Compressor,,,,0.791,
Air Compressor,,,,0.884,
Air Compressor,,,,0.694,
Air Compressor,,,,0.874,
Air Compressor,,,,0.648,
Air Compressor,Overheating – possible lubrication issue,Overheating – possible lubrication issue,Overheating – possible lubrication issue,0.788,Overheating – possible lubrication issue
Air Compressor,,,,0.929,
Air Compressor,,,,0.729,
Air Compressor,Overheating – possible lubrication issue,,General performance degradation,0.396,General performance degradation
Air Compressor,,,,0.905,
Air Compressor,,,,0.373,
Air Compressor,,,,0.713,
Air Compressor,,,,0.259,
Air Compressor,,,,0.927,
Air Compressor,,,,0.844,
Air Compressor,,,,0.822,
Air Compressor,,,,0.872,
Air Compressor,,,General performance degradation,0.471,General performance degradation
Air Compressor,,,,0.683,
Air Compressor,,,,0.642,
Air Compressor,,,,0.661,
Air Compressor,,,,0.903,
Air Compressor,,,,0.889,
Air Compressor,,,,0.703,
Air Compressor,,,,0.635,
Air Compressor,Overheating – possible lubrication issue,Overheating – possible lubrication issue,Overheating – possible lubrication issue,0.621,Overheating – possible lubrication issue
Air Compressor,,,,0.761,
Air Compressor,,,,0.603,
Air Compressor,,,,0.628,
Air Compressor,,,,0.754,
Air Compressor,,,,0.929,
Air Compressor,,,,0.629,
Air Compressor,Overheating – possible lubrication issue,Overheating – possible lubrication issue,Overheating – possible lubrication issue,0.693,Overheating – possible lubrication issue
Air Compressor,,,,0.852,
Air Compressor,,,,0.853,
Air Compressor,,,,0.852,
Air Compressor,,,,0.92,
Air Compressor,,,,0.664,
Air Compressor,,,,0.718,
Air Compressor,,,Unexpected power fluctuation,0.464,Unexpected power fluctuation
Air Compressor,,,,0.8,
Air Compressor,Overheating – possible lubrication issue,Overheating – possible lubrication issue,Overheating – possible lubrication issue,0.76,Overheating – possible lubrication issue
Air Compressor,,,,0.773,
Air Compressor,,Overheating – possible lubrication issue,,0.617,Overheating – possible lubrication issue
Air Compressor,,,,0.826,
Air Compressor,,,,0.825,
Air Compressor,,,,0.647,
Air Compressor,Overheating – possible lubrication issue,Overheating – possible lubrication issue,Overheating – possible lubrication issue,0.615,Overheating – possible lubrication issue
Air Compressor,,,,0.368,
Air Compressor,,,,0.903,
Air Compressor,,,,0.81,
Air Compressor,,,,0.646,
Air Compressor,,,,0.807,
Air Compressor,,,,0.753,
Air Compressor,,,,0.752,
Air Compressor,,,,0.793,
Air Compressor,,,,0.859,
Air Compressor,,,,0.323,
Air Compressor,,,,0.941,
Air Compressor,,,Control system instability,0.461,Control system instability
Air Compressor,,,,0.791,
Air Compressor,,,,0.855,
Air Compressor,,,,0.938,
Air Compressor,Overheating – possible lubrication issue,,Overheating – possible lubrication issue,0.806,Overheating – possible lubrication issue
Air Compressor,,,,0.813,
Air Compressor,,,,0.669,
Air Compressor,,,,0.945,
Air Compressor,,,,0.604,
Air Compressor,Overheating – possible lubrication issue,Overheating – possible lubrication issue,Overheating – possible lubrication issue,0.923,Overheating – possible lubrication issue
Air Compressor,,,,0.72,
Air Compressor,,,,0.313,
Air Compressor,,,,0.839,
Air Compressor,,,,0.356,
Air Compressor,Overheating – possible lubrication issue,Overheating – possible lubrication issue,Overheating – possible lubrication issue,0.648,Overheating – possible lubrication issue
Air Compressor,,,,0.297,
Air Compressor,Overheating – possible lubrication issue,,Overheating – possible lubrication issue,0.935,Overheating – possible lubrication issue
Air Compressor,,,,0.735,
Air Compressor,Overheating – possible lubrication issue,Overheating – possible lubrication issue,Overheating – possible lubrication issue,0.6,Overheating – possible lubrication issue
Air Compressor,Overheating – possible lubrication issue,Overheating – possible lubrication issue,Overheating – possible lubrication issue,0.675,Overheating – possible lubrication issue
Air Compressor,,,,0.787,
Air Compressor,,,,0.712,
Air Compressor,,,,0.333,
Air Compressor,,,Control system instability,0.401,Control system instability
Air Compressor,Overheating – possible lubrication issue,Overheating – possible lubrication issue,Overheating – possible lubrication issue,0.847,Overheating – possible lubrication issue
Air Compressor,,,,0.789,
Air Compressor,,,,0.789,
Air Compressor,,,,0.655,
Air Compressor,,,,0.346,
Air Compressor,,,,0.332,
Air Compressor,,,,0.337,
Air Compressor,,,,0.706,
Air Compressor,,,,0.778,
Air Compressor,,Overheating – possible lubrication issue,,0.731,Overheating – possible lubrication issue
Air Compressor,,,,0.601,
Air Compressor,,,,0.777,
Air Compressor,,,,0.804,
Air Compressor,Overheating – possible lubrication issue,Overheating – possible lubrication issue,Overheating – possible lubrication issue,0.649,Overheating – possible lubrication issue
Air Compressor,,,,0.784,
Air Compressor,,,Control system instability,0.447,Control system instability
Air Compressor,,,,0.822,
Air Compressor,,,,0.623,
Air Compressor,,,,0.366,
Air Compressor,,,,0.852,
Air Compressor,,,,0.821,
Air Compressor,,,,0.637,
Air Compressor,,,,0.626,
Air Compressor,,,,0.825,
Air Compressor,Overheating – possible lubrication issue,Overheating – possible lubrication issue,Overheating – possible lubrication issue,0.938,Overheating – possible lubrication issue
Air Compressor,,,,0.726,
Air Compressor,,,,0.738,
Air Compressor,,,,0.903,
Air Compressor,,,,0.918,
Air Compressor,Overheating – possible lubrication issue,Overheating – possible lubrication issue,Overheating – possible lubrication issue,0.614,Overheating – possible lubrication issue
Air Compressor,,,,0.81,
Air Compressor,,,,0.758,
Air Compressor,,,,0.252,
Air Compressor,,,Control system instability,0.314,Control system instability
Air Compressor,,,,0.89,
Air Compressor,,,General performance degradation,0.406,General performance degradation
Air Compressor,,,,0.904,
Air Compressor,,,,0.321,
Air Compressor,,,,0.636,
Air Compressor,,,,0.691,
Air Compressor,,,,0.889,
Air Compressor,Overheating – possible lubrication issue,Overheating – possible lubrication issue,Overheating – possible lubrication issue,0.612,Overheating – possible lubrication issue
Air Compressor,Overheating – possible lubrication issue,Overheating – possible lubrication issue,,0.36,Overheating – possible lubrication issue
Air Compressor,,,Sensor calibration issue,0.457,Sensor calibration issue
Air Compressor,,,,0.684,
Air Compressor,,,,0.787,
Air Compressor,,,,0.762,
Air Compressor,,,,0.618,
Air Compressor,,Overheating – possible lubrication issue,,0.777,Overheating – possible lubrication issue
Air Compressor,,,,0.728,
Air Compressor,Overheating – possible lubrication issue,Overheating – possible lubrication issue,Overheating – possible lubrication issue,0.86,Overheating – possible lubrication issue
Air Compressor,,,,0.263,
Air Compressor,,,,0.721,
Air Compressor,,,,0.668,
Air Compressor,,,,0.862,
Air Compressor,,,,0.347,
Air Compressor,,,,0.872,
Air Compressor,,,,0.667,
Air Compressor,,,,0.877,
Air Compressor,,,,0.258,
Air Compressor,,,,0.637,
Air Compressor,,,,0.811,
Air Compressor,,,,0.354,
Air Compressor,,,,0.38,
Air Compressor,Overheating – possible lubrication issue,Overheating – possible lubrication issue,Overheating – possible lubrication issue,0.795,Overheating – possible lubrication issue
Air Compressor,,,,0.825,
Air Compressor,,,,0.815,
Air Compressor,,,Unexpected power fluctuation,0.302,Unexpected power fluctuation
Air Compressor,,,,0.729,
Air Compressor,,,,0.287,
Air Compressor,Overheating – possible lubrication issue,Overheating – possible lubrication issue,Overheating – possible lubrication issue,0.912,Overheating – possible lubrication issue
Air Compressor,,,,0.672,
Air Compressor,,,,0.656,
Air Compressor,,,,0.704,
Air Compressor,,,,0.687,
Air Compressor,,,,0.923,
Air Compressor,,,,0.794,
Air Compressor,,,Control system instability,0.307,Control system instability
Air Compressor,,,,0.66,
Air Compressor,,,,0.777,
Air Compressor,,,,0.79,
Air Compressor,,,,0.874,
Air Compressor,,,,0.911,
Air Compressor,Overheating – possible lubrication issue,,Unexpected power fluctuation,0.464,Unexpected power fluctuation
Air Compressor,,,,0.637,
Air Compressor,,,,0.684,
Air Compressor,,,,0.691,
Air Compressor,,,,0.626,
Air Compressor,,,,0.929,
Air Compressor,,,Sensor calibration issue,0.352,Sensor calibration issue
Air Compressor,,,,0.776,
Air Compressor,,,,0.258,
Air Compressor,,,,0.827,
Air Compressor,,,,0.781,
Air Compressor,,,,0.752,
Air Compressor,Overheating – possible lubrication issue,Overheating – possible lubrication issue,Control system instability,0.337,Overheating – possible lubrication issue
Air Compressor,,,,0.812,
Air Compressor,,,,0.738,
Air Compressor,,,,0.767,
Air Compressor,,,,0.867,
Air Compressor,,,,0.871,
Air Compressor,,,,0.757,
Air Compressor,,,,0.725,
Air Compressor,,,,0.665,
Air Compressor,,,,0.677,
Air Compressor,,,,0.749,
Air Compressor,Overheating – possible lubrication issue,Overheating – possible lubrication issue,Overheating – possible lubrication issue,0.677,Overheating – possible lubrication issue
Air Compressor,,,,0.689,
Air Compressor,,,,0.613,
Air Compressor,Overheating – possible lubrication issue,Overheating – possible lubrication issue,Overheating – possible lubrication issue,0.638,Overheating – possible lubrication issue
Air Compressor,,,Control system instability,0.343,Control system instability
Air Compressor,Overheating – possible lubrication issue,,Overheating – possible lubrication issue,0.738,Overheating – possible lubrication issue
Air Compressor,,,,0.929,
Air Compressor,,Overheating – possible lubrication issue,,0.783,Overheating – possible lubrication issue
Air Compressor,,,,0.755,
Air Compressor,,,,0.835,
Air Compressor,,,,0.894,
Air Compressor,,,,0.774,
Air Compressor,,,,0.27,
Air Compressor,,,,0.728,
Air Compressor,,,,0.682,
Air Compressor,,,,0.707,
Air Compressor,,,,0.814,
Air Compressor,,,,0.639,
Air Compressor,,,Unexpected power fluctuation,0.36,Unexpected power fluctuation
Air Compressor,,,,0.622,
Air Compressor,,,,0.776,
Air Compressor,,,,0.809,
Air Compressor,,Overheating – possible lubrication issue,,0.841,Overheating – possible lubrication issue
Air Compressor,,Overheating – possible lubrication issue,,0.694,Overheating – possible lubrication issue
Air Compressor,,,,0.695,
Air Compressor,,,,0.877,
Air Compressor,,,,0.834,
Air Compressor,,,,0.844,
Air Compressor,,,,0.257,
Air Compressor,,,,0.661,
Air Compressor,Overheating – possible lubrication issue,Overheating – possible lubrication issue,Overheating – possible lubrication issue,0.765,Overheating – possible lubrication issue
Air Compressor,,,,0.633,
Air Compressor,,,,0.263,
Air Compressor,,,,0.698,
Air Compressor,,Overheating – possible lubrication issue,,0.766,Overheating – possible lubrication issue
Air Compressor,,,,0.267,
Air Compressor,,,,0.734,
Air Compressor,,,,0.822,
Air Compressor,Overheating – possible lubrication issue,Overheating – possible lubrication issue,Overheating – possible lubrication issue,0.749,Overheating – possible lubrication issue
Air Compressor,,Overheating – possible lubrication issue,,0.799,Overheating – possible lubrication issue
Air Compressor,,,,0.816,
Air Compressor,,,,0.753,
Air Compressor,Overheating – possible lubrication issue,Overheating – possible lubrication issue,,0.329,Overheating – possible lubrication issue
Air Compressor,,,,0.908,
Air Compressor,,,,0.365,
Air Compressor,,,,0.315,
Air Compressor,,,,0.938,
Air Compressor,,,,0.329,
Air Compressor,,,,0.835,
Air Compressor,Overheating – possible lubrication issue,,Overheating – possible lubrication issue,0.711,Overheating – possible lubrication issue
Air Compressor,,,,0.864,
Air Compressor,,,,0.789,
Air Compressor,,,,0.86,
Air Compressor,Overheating – possible lubrication issue,Overheating – possible lubrication issue,Overheating – possible lubrication issue,0.943,Overheating – possible lubrication issue
Air Compressor,,,,0.632,
Air Compressor,,,,0.702,
Air Compressor,,,,0.746,
Air Compressor,,,,0.786,
Air Compressor,,,,0.618,
Air Compressor,,,,0.81,
Air Compressor,,,,0.739,
Air Compressor,,,,0.326,
Air Compressor,,,Unexpected power fluctuation,0.411,Unexpected power fluctuation
Air Compressor,,,,0.742,
Air Compressor,,,,0.611,
Air Compressor,,,,0.823,
Air Compressor,,,,0.946,
Air Compressor,,,,0.739,
Air Compressor,,,,0.74,
Air Compressor,,,,0.617,
Air Compressor,Overheating – possible lubrication issue,Overheating – possible lubrication issue,Overheating – possible lubrication issue,0.662,Overheating – possible lubrication issue
Air Compressor,,,General performance degradation,0.453,General performance degradation
Air Compressor,,Overheating – possible lubrication issue,,0.276,Overheating – possible lubrication issue
Air Compressor,,,,0.717,
Air Compressor,,,,0.695,
Air Compressor,,,,0.628,
Air Compressor,,,,0.831,
Air Compressor,,,,0.765,
Air Compressor,,,,0.767,
Air Compressor,,,,0.324,
Air Compressor,,,,0.909,
Air Compressor,,,Unexpected power fluctuation,0.371,Unexpected power fluctuation
Air Compressor,,,,0.697,
Air Compressor,,,,0.353,
Air Compressor,,,,0.726,
Air Compressor,,,,0.859,
Air Compressor,,,,0.69,
Air Compressor,Overheating – possible lubrication issue,,Overheating – possible lubrication issue,0.869,Overheating – possible lubrication issue
Air Compressor,Overheating – possible lubrication issue,Overheating – possible lubrication issue,Overheating – possible lubrication issue,0.701,Overheating – possible lubrication issue
Air Compressor,Overheating – possible lubrication issue,Overheating – possible lubrication issue,Overheating – possible lubrication issue,0.755,Overheating – possible lubrication issue
Air Compressor,,,,0.798,
Air Compressor,Overheating – possible lubrication issue,Overheating – possible lubrication issue,Overheating – possible lubrication issue,0.883,Overheating – possible lubrication issue
Air Compressor,,,,0.907,
Air Compressor,,,,0.715,
Air Compressor,,,,0.754,
Air Compressor,,,,0.911,
Air Compressor,,,,0.773,
Air Compressor,,Overheating – possible lubrication issue,,0.285,Overheating – possible lubrication issue
Air Compressor,,,,0.806,
Air Compressor,,,,0.687,
Air Compressor,,,,0.823,
Air Compressor,,,,0.778,
Air Compressor,,,,0.622,
Air Compressor,,,,0.618,
Air Compressor,,,,0.741,
Air Compressor,,,,0.753,
Air Compressor,,,,0.787,
Air Compressor,,Overheating – possible lubrication issue,,0.948,Overheating – possible lubrication issue
Air Compressor,,,,0.341,
Air Compressor,,,,0.373,
Air Compressor,,,,0.826,
Air Compressor,,,,0.621,
Air Compressor,,,,0.703,
Air Compressor,,,,0.813,
Air Compressor,,,,0.708,
Air Compressor,Overheating – possible lubrication issue,,Overheating – possible lubrication issue,0.931,Overheating – possible lubrication issue
Air Compressor,,,,0.744,
Air Compressor,,Overheating – possible lubrication issue,,0.847,Overheating – possible lubrication issue
Air Compressor,,,,0.842,
Air Compressor,,,,0.898,
Air Compressor,,,,0.651,
Air Compressor,,,General performance degradation,0.409,General performance degradation
Air Compressor,,,,0.316,
Air Compressor,,,,0.893,
Air Compressor,,,,0.718,
Air Compressor,,,,0.938,
Air Compressor,Overheating – possible lubrication issue,Overheating – possible lubrication issue,Control system instability,0.375,Overheating – possible lubrication issue
Air Compressor,Overheating – possible lubrication issue,Overheating – possible lubrication issue,,0.266,Overheating – possible lubrication issue
Air Compressor,,,,0.683,
Air Compressor,,,,0.696,
Air Compressor,,,,0.726,
Air Compressor,,,,0.747,
Air Compressor,,,,0.871,
Air Compressor,Overheating – possible lubrication issue,Overheating – possible lubrication issue,Overheating – possible lubrication issue,0.837,Overheating – possible lubrication issue
Air Compressor,,,,0.615,
Air Compressor,,,,0.689,
Air Compressor,,,Sensor calibration issue,0.341,Sensor calibration issue
Air Compressor,Overheating – possible lubrication issue,Overheating – possible lubrication issue,Overheating – possible lubrication issue,0.683,Overheating – possible lubrication issue
Air Compressor,,,,0.674,
Air Compressor,,,,0.676,
Air Compressor,,Overheating – possible lubrication issue,General performance degradation,0.467,Overheating – possible lubrication issue
Air Compressor,,,,0.849,
Air Compressor,,,General performance degradation,0.451,General performance degradation
Air Compressor,Overheating – possible lubrication issue,Overheating – possible lubrication issue,Overheating – possible lubrication issue,0.679,Overheating – possible lubrication issue
Air Compressor,,,,0.934,
Air Compressor,,,,0.837,
Air Compressor,,,,0.728,
Air Compressor,,,,0.921,
Air Compressor,Overheating – possible lubrication issue,Overheating – possible lubrication issue,Overheating – possible lubrication issue,0.698,Overheating – possible lubrication issue
Air Compressor,,,,0.907,
Air Compressor,,,,0.758,
Air Compressor,,,,0.344,
Air Compressor,,,,0.92,
Air Compressor,,,,0.377,
Air Compressor,,,,0.799,
Air Compressor,,,,0.302,
Air Compressor,,,,0.778,
Air Compressor,,,,0.704,
Air Compressor,,,,0.776,
Air Compressor,,,,0.786,
Air Compressor,,,,0.756,
Air Compressor,,,,0.671,
Air Compressor,,,,0.31,
Air Compressor,,,,0.84,
Air Compressor,,,,0.67,
Air Compressor,,,,0.247,
Air Compressor,,,,0.63,
Air Compressor,,,,0.65,
Air Compressor,,,,0.351,
Air Compressor,,,,0.883,
Air Compressor,,,,0.781,
Air Compressor,,,,0.847,
Air Compressor,,,,0.603,
Air Compressor,,,,0.682,
Air Compressor,Overheating – possible lubrication issue,Overheating – possible lubrication issue,Overheating – possible lubrication issue,0.685,Overheating – possible lubrication issue
Air Compressor,Overheating – possible lubrication issue,,Overheating – possible lubrication issue,0.829,Overheating – possible lubrication issue
Air Compressor,,,,0.859,
Air Compressor,,,,0.647,
Air Compressor,Overheating – possible lubrication issue,,Overheating – possible lubrication issue,0.649,Overheating – possible lubrication issue
Air Compressor,,,,0.745,
Air Compressor,,,,0.855,
Air Compressor,Overheating – possible lubrication issue,Overheating – possible lubrication issue,Unexpected power fluctuation,0.331,Overheating – possible lubrication issue
Air Compressor,,,,0.893,
Air Compressor,,,,0.701,
Air Compressor,,,,0.783,
Air Compressor,,,,0.789,
Air Compressor,,,,0.631,
Air Compressor,,,,0.763,
Air Compressor,,,,0.892,
Air Compressor,,,,0.376,
Air Compressor,,,,0.84,
Air Compressor,,,,0.874,
Air Compressor,,,,0.854,
Air Compressor,,,,0.941,
Air Compressor,,,,0.679,
Air Compressor,,,,0.74,
Air Compressor,,,,0.664,
Air Compressor,,,,0.893,
Air Compressor,,,,0.622,
Air Compressor,Overheating – possible lubrication issue,Overheating – possible lubrication issue,Overheating – possible lubrication issue,0.821,Overheating – possible lubrication issue
Air Compressor,,,,0.705,
Air Compressor,,,,0.823,
Air Compressor,,,,0.733,
Air Compressor,,,,0.609,
Air Compressor,,,,0.32,
Air Compressor,,,,0.705,
Air Compressor,,,,0.807,
Air Compressor,Overheating – possible lubrication issue,,,0.371,
Air Compressor,,,,0.286,
Air Compressor,,,,0.819,
Air Compressor,Overheating – possible lubrication issue,Overheating – possible lubrication issue,Overheating – possible lubrication issue,0.916,Overheating – possible lubrication issue
Air Compressor,,,,0.624,
Air Compressor,,,,0.934,
Air Compressor,,,,0.628,
Air Compressor,,,,0.766,
Air Compressor,,,,0.913,
Air Compressor,,,,0.904,
Air Compressor,,,,0.866,
Air Compressor,,,Sensor calibration issue,0.436,Sensor calibration issue
Air Compressor,,,,0.689,
Air Compressor,,,,0.731,
Air Compressor,,,,0.897,
Air Compressor,,,,0.738,
Air Compressor,,,,0.603,
Air Compressor,,,,0.932,
Air Compressor,,,,0.83,
Air Compressor,,,,0.7,
Air Compressor,,,,0.725,
Air Compressor,,,,0.832,
Air Compressor,,,,0.675,
Air Compressor,,,,0.9,
Air Compressor,,,,0.681,
Air Compressor,,,Unexpected power fluctuation,0.369,Unexpected power fluctuation
Air Compressor,,,,0.635,
Air Compressor,,,,0.763,
Air Compressor,Overheating – possible lubrication issue,Overheating – possible lubrication issue,Overheating – possible lubrication issue,0.652,Overheating – possible lubrication issue
Air Compressor,Overheating – possible lubrication issue,Overheating – possible lubrication issue,Overheating – possible lubrication issue,0.916,Overheating – possible lubrication issue
Air Compressor,Overheating – possible lubrication issue,Overheating – possible lubrication issue,Overheating – possible lubrication issue,0.947,Overheating – possible lubrication issue
Air Compressor,,,Unexpected power fluctuation,0.346,Unexpected power fluctuation
Air Compressor,,,,0.365,
Air Compressor,,,,0.258,
Air Compressor,Overheating – possible lubrication issue,Overheating – possible lubrication issue,Overheating – possible lubrication issue,0.805,Overheating – possible lubrication issue
Air Compressor,,,,0.25,
Air Compressor,,,,0.785,
Air Compressor,,,,0.666,
Air Compressor,,,,0.814,
Air Compressor,,,,0.671,
Air Compressor,,,,0.673,
Air Compressor,Overheating – possible lubrication issue,Overheating – possible lubrication issue,Overheating – possible lubrication issue,0.698,Overheating – possible lubrication issue
Air Compressor,,,,0.904,
Air Compressor,,,,0.613,
Air Compressor,,,,0.919,
Air Compressor,,,,0.937,
Air Compressor,,Overheating – possible lubrication issue,,0.698,Overheating – possible lubrication issue
Air Compressor,,,,0.322,
Air Compressor,,,,0.349,
Air Compressor,,,,0.345,
Air Compressor,,,,0.63,
Air Compressor,Overheating – possible lubrication issue,,Overheating – possible lubrication issue,0.843,Overheating – possible lubrication issue
Air Compressor,,,,0.704,
Air Compressor,,,,0.77,
Air Compressor,,,,0.845,
Air Compressor,,,,0.905,
Air Compressor,,,,0.701,
Air Compressor,,,,0.854,
Air Compressor,,,,0.742,
Air Compressor,,,,0.667,
Air Compressor,,,,0.788,
Air Compressor,,,,0.903,
Air Compressor,,,,0.916,
Air Compressor,,,,0.824,
Air Compressor,,,,0.698,
Air Compressor,,,,0.277,
Air Compressor,,,,0.683,
Air Compressor,,,,0.681,
Air Compressor,,,,0.266,
Air Compressor,Overheating – possible lubrication issue,Overheating – possible lubrication issue,Overheating – possible lubrication issue,0.832,Overheating – possible lubrication issue
Air Compressor,,,,0.824,
Air Compressor,,,,0.734,
Air Compressor,,,,0.728,
Air Compressor,,,,0.603,
Air Compressor,,,,0.823,
Air Compressor,,,,0.937,
Air Compressor,,,,0.688,
Air Compressor,Overheating – possible lubrication issue,Overheating – possible lubrication issue,Overheating – possible lubrication issue,0.883,Overheating – possible lubrication issue
Air Compressor,Overheating – possible lubrication issue,Overheating – possible lubrication issue,Overheating – possible lubrication issue,0.796,Overheating – possible lubrication issue
Air Compressor,Overheating – possible lubrication issue,Overheating – possible lubrication issue,Overheating – possible lubrication issue,0.853,Overheating – possible lubrication issue
Air Compressor,,,,0.772,
Air Compressor,,,,0.838,
Air Compressor,,,,0.846,
Air Compressor,,,,0.918,
Air Compressor,,,Control system instability,0.307,Control system instability
Air Compressor,Overheating – possible lubrication issue,,Overheating – possible lubrication issue,0.631,Overheating – possible lubrication issue
Air Compressor,,,,0.857,
Air Compressor,,,,0.901,
Air Compressor,,Overheating – possible lubrication issue,,0.831,Overheating – possible lubrication issue
Air Compressor,Overheating – possible lubrication issue,Overheating – possible lubrication issue,Overheating – possible lubrication issue,0.929,Overheating – possible lubrication issue
Air Compressor,,,,0.811,
Air Compressor,,,,0.812,
Air Compressor,,,,0.885,
Air Compressor,,,,0.761,
Air Compressor,,,,0.9,
Air Compressor,Overheating – possible lubrication issue,Overheating – possible lubrication issue,Overheating – possible lubrication issue,0.894,Overheating – possible lubrication issue
Air Compressor,,,,0.708,
Air Compressor,,,,0.74,
Air Compressor,,,,0.66,
Air Compressor,,Overheating – possible lubrication issue,,0.675,Overheating – possible lubrication issue
Air Compressor,,,,0.812,
Air Compressor,,,,0.851,
Air Compressor,,,,0.666,
Air Compressor,,,,0.241,
Air Compressor,,,,0.661,
Air Compressor,,,,0.77,
Air Compressor,,,,0.79,
Air Compressor,,,,0.645,
Air Compressor,,,,0.709,
Air Compressor,,,,0.839,
Air Compressor,,,,0.663,
Air Compressor,,,,0.626,
Air Compressor,,,,0.851,
Air Compressor,,,,0.83,
Air Compressor,,,,0.899,
Air Compressor,,,,0.708,
Air Compressor,,,,0.925,
Air Compressor,,,Sensor calibration issue,0.386,Sensor calibration issue
Air Compressor,,,,0.703,
Air Compressor,,Overheating – possible lubrication issue,,0.904,Overheating – possible lubrication issue
Air Compressor,,,,0.612,
Vacuum Machine,,,,0.343,
Vacuum Machine,Motor overload – possible bearing wear,Motor overload – possible bearing wear,Motor overload – possible bearing wear,0.624,Motor overload – possible bearing wear
Vacuum Machine,,,,0.689,
Vacuum Machine,Insufficient vacuum – possible leak,Insufficient vacuum – possible leak,,0.261,Insufficient vacuum – possible leak
Vacuum Machine,,,,0.925,
Vacuum Machine,,,,0.853,
Vacuum Machine,,,,0.373,
Vacuum Machine,,,Control system instability,0.437,Control system instability
Vacuum Machine,,,,0.64,
Vacuum Machine,,,,0.874,
Vacuum Machine,,,,0.777,
Vacuum Machine,,,,0.64,
Vacuum Machine,,,,0.277,
Vacuum Machine,,,,0.687,
Vacuum Machine,,,,0.911,
Vacuum Machine,,,,0.71,
Vacuum Machine,Motor overload – possible bearing wear,Motor overload – possible bearing wear,Motor overload – possible bearing wear,0.77,Motor overload – possible bearing wear
Vacuum Machine,,,,0.255,
Vacuum Machine,,,,0.661,
Vacuum Machine,,,,0.765,
Vacuum Machine,,,,0.797,
Vacuum Machine,,,,0.782,
Vacuum Machine,,,,0.867,
Vacuum Machine,Motor overload – possible bearing wear,Motor overload – possible bearing wear,Motor overload – possible bearing wear,0.892,Motor overload – possible bearing wear
Vacuum Machine,,,,0.621,
Vacuum Machine,,,,0.913,
Vacuum Machine,Insufficient vacuum – possible leak,Insufficient vacuum – possible leak,Insufficient vacuum – possible leak,0.905,Insufficient vacuum – possible leak
Vacuum Machine,,,,0.696,
Vacuum Machine,,,,0.834,
Vacuum Machine,,,,0.28,
Vacuum Machine,,,,0.833,
Vacuum Machine,Motor overload – possible bearing wear,Motor overload – possible bearing wear,Motor overload – possible bearing wear,0.633,Motor overload – possible bearing wear
Vacuum Machine,,,,0.765,
Vacuum Machine,,,,0.83,
Vacuum Machine,,,,0.683,
Vacuum Machine,Insufficient vacuum – possible leak,Insufficient vacuum – possible leak,Insufficient vacuum – possible leak,0.819,Insufficient vacuum – possible leak
Vacuum Machine,,,,0.629,
Vacuum Machine,,,,0.703,
Vacuum Machine,,,,0.313,
Vacuum Machine,,,,0.7,
Vacuum Machine,Insufficient vacuum – possible leak,Insufficient vacuum – possible leak,,0.271,Insufficient vacuum – possible leak
Vacuum Machine,Motor overload – possible bearing wear,Motor overload – possible bearing wear,Motor overload – possible bearing wear,0.886,Motor overload – possible bearing wear
Vacuum Machine,Motor overload – possible bearing wear,Motor overload – possible bearing wear,,0.25,Motor overload – possible bearing wear
Vacuum Machine,,,,0.79,
Vacuum Machine,,,,0.911,
Vacuum Machine,,,,0.858,
Vacuum Machine,,,,0.852,
Vacuum Machine,Motor overload – possible bearing wear,Motor overload – possible bearing wear,Motor overload – possible bearing wear,0.886,Motor overload – possible bearing wear
Vacuum Machine,,,,0.698,
Vacuum Machine,,,,0.84,
Vacuum Machine,,,,0.732,
Vacuum Machine,,,,0.818,
Vacuum Machine,,,,0.679,
Vacuum Machine,,,,0.787,
Vacuum Machine,Insufficient vacuum – possible leak,Insufficient vacuum – possible leak,Insufficient vacuum – possible leak,0.626,Insufficient vacuum – possible leak
Vacuum Machine,Insufficient vacuum – possible leak,Insufficient vacuum – possible leak,Insufficient vacuum – possible leak,0.865,Insufficient vacuum – possible leak
Vacuum Machine,,,,0.913,
Vacuum Machine,,,,0.935,
Vacuum Machine,,,,0.628,
Vacuum Machine,,,,0.645,
Vacuum Machine,,,,0.37,
Vacuum Machine,,,,0.859,
Vacuum Machine,Motor overload – possible bearing wear,Motor overload – possible bearing wear,Motor overload – possible bearing wear,0.736,Motor overload – possible bearing wear
Vacuum Machine,,,,0.754,
Vacuum Machine,,,,0.269,
Vacuum Machine,Motor overload – possible bearing wear,Motor overload – possible bearing wear,Motor overload – possible bearing wear,0.804,Motor overload – possible bearing wear
Vacuum Machine,,,,0.636,
Vacuum Machine,,,,0.684,
Vacuum Machine,Motor overload – possible bearing wear,Motor overload – possible bearing wear,Motor overload – possible bearing wear,0.636,Motor overload – possible bearing wear
Vacuum Machine,Motor overload – possible bearing wear,Motor overload – possible bearing wear,,0.314,Motor overload – possible bearing wear
Vacuum Machine,,,,0.713,
Vacuum Machine,,,,0.708,
Vacuum Machine,Motor overload – possible bearing wear,Motor overload – possible bearing wear,Motor overload – possible bearing wear,0.669,Motor overload – possible bearing wear
Vacuum Machine,,,,0.289,
Vacuum Machine,,,,0.743,
Vacuum Machine,,,,0.643,
Vacuum Machine,,,,0.93,
Vacuum Machine,Insufficient vacuum – possible leak,Insufficient vacuum – possible leak,,0.378,Insufficient vacuum – possible leak
Vacuum Machine,Motor overload – possible bearing wear,Motor overload – possible bearing wear,Motor overload – possible bearing wear,0.613,Motor overload – possible bearing wear
Vacuum Machine,Insufficient vacuum – possible leak,Insufficient vacuum – possible leak,Insufficient vacuum – possible leak,0.781,Insufficient vacuum – possible leak
Vacuum Machine,,,,0.764,
Vacuum Machine,,,,0.721,
Vacuum Machine,,,,0.726,
Vacuum Machine,,,,0.743,
Vacuum Machine,,,,0.365,
Vacuum Machine,,,Sensor calibration issue,0.412,Sensor calibration issue
Vacuum Machine,Insufficient vacuum – possible leak,Insufficient vacuum – possible leak,Insufficient vacuum – possible leak,0.916,Insufficient vacuum – possible leak
Vacuum Machine,,,,0.73,
Vacuum Machine,Motor overload – possible bearing wear,Motor overload – possible bearing wear,Motor overload – possible bearing wear,0.66,Motor overload – possible bearing wear
Vacuum Machine,,,,0.941,
Vacuum Machine,Motor overload – possible bearing wear,Motor overload – possible bearing wear,General performance degradation,0.358,Motor overload – possible bearing wear
Vacuum Machine,Motor overload – possible bearing wear,Motor overload – possible bearing wear,Motor overload – possible bearing wear,0.809,Motor overload – possible bearing wear
Vacuum Machine,,,,0.777,
Vacuum Machine,Motor overload – possible bearing wear,Motor overload – possible bearing wear,Motor overload – possible bearing wear,0.714,Motor overload – possible bearing wear
Vacuum Machine,,,,0.74,
Vacuum Machine,,,,0.862,
Vacuum Machine,Motor overload – possible bearing wear,Motor overload – possible bearing wear,Motor overload – possible bearing wear,0.912,Motor overload – possible bearing wear
Vacuum Machine,Insufficient vacuum – possible leak,Insufficient vacuum – possible leak,Insufficient vacuum – possible leak,0.894,Insufficient vacuum – possible leak
Vacuum Machine,,,,0.775,
Vacuum Machine,,,,0.871,
Vacuum Machine,,,,0.946,
Vacuum Machine,,,,0.614,
Vacuum Machine,Motor overload – possible bearing wear,Motor overload – possible bearing wear,Motor overload – possible bearing wear,0.762,Motor overload – possible bearing wear
Vacuum Machine,,,,0.625,
Vacuum Machine,,,,0.704,
Vacuum Machine,,,,0.879,
Vacuum Machine,,,,0.87,
Vacuum Machine,Motor overload – possible bearing wear,Motor overload – possible bearing wear,Motor overload – possible bearing wear,0.851,Motor overload – possible bearing wear
Vacuum Machine,,,,0.61,
Vacuum Machine,Insufficient vacuum – possible leak,Insufficient vacuum – possible leak,Insufficient vacuum – possible leak,0.91,Insufficient vacuum – possible leak
Vacuum Machine,,,,0.785,
Vacuum Machine,,,,0.865,
Vacuum Machine,,,,0.776,
Vacuum Machine,,,,0.665,
Vacuum Machine,,,,0.854,
Vacuum Machine,Insufficient vacuum – possible leak,Insufficient vacuum – possible leak,Insufficient vacuum – possible leak,0.671,Insufficient vacuum – possible leak
Vacuum Machine,Motor overload – possible bearing wear,Motor overload – possible bearing wear,Motor overload – possible bearing wear,0.822,Motor overload – possible bearing wear
Vacuum Machine,Insufficient vacuum – possible leak,Insufficient vacuum – possible leak,Insufficient vacuum – possible leak,0.893,Insufficient vacuum – possible leak
Vacuum Machine,,,,0.912,
Vacuum Machine,,,,0.931,
Vacuum Machine,,,,0.921,
Vacuum Machine,,,,0.75,
Vacuum Machine,,,,0.858,
Vacuum Machine,,,,0.628,
Vacuum Machine,Motor overload – possible bearing wear,Motor overload – possible bearing wear,Motor overload – possible bearing wear,0.849,Motor overload – possible bearing wear
Vacuum Machine,,,,0.744,
Vacuum Machine,,,,0.898,
Vacuum Machine,,,,0.612,
Vacuum Machine,Insufficient vacuum – possible leak,Insufficient vacuum – possible leak,Insufficient vacuum – possible leak,0.698,Insufficient vacuum – possible leak
Vacuum Machine,,,,0.243,
Vacuum Machine,Insufficient vacuum – possible leak,Insufficient vacuum – possible leak,Insufficient vacuum – possible leak,0.613,Insufficient vacuum – possible leak
Vacuum Machine,,,,0.889,
Vacuum Machine,,,,0.623,
Vacuum Machine,Insufficient vacuum – possible leak,Insufficient vacuum – possible leak,Insufficient vacuum – possible leak,0.61,Insufficient vacuum – possible leak
Vacuum Machine,,,,0.667,
Vacuum Machine,,,,0.765,
Vacuum Machine,Insufficient vacuum – possible leak,Insufficient vacuum – possible leak,Insufficient vacuum – possible leak,0.623,Insufficient vacuum – possible leak
Vacuum Machine,,,,0.813,
Vacuum Machine,,,,0.327,
Vacuum Machine,,,,0.732,
Vacuum Machine,Motor overload – possible bearing wear,Motor overload – possible bearing wear,Motor overload – possible bearing wear,0.656,Motor overload – possible bearing wear
Vacuum Machine,Motor overload – possible bearing wear,Motor overload – possible bearing wear,,0.296,Motor overload – possible bearing wear
Vacuum Machine,Motor overload – possible bearing wear,Motor overload – possible bearing wear,Motor overload – possible bearing wear,0.851,Motor overload – possible bearing wear
Vacuum Machine,Motor overload – possible bearing wear,Motor overload – possible bearing wear,Motor overload – possible bearing wear,0.802,Motor overload – possible bearing wear
Vacuum Machine,,,,0.915,
Vacuum Machine,,,,0.949,
Vacuum Machine,,,,0.748,
Vacuum Machine,Insufficient vacuum – possible leak,Insufficient vacuum – possible leak,,0.376,Insufficient vacuum – possible leak
Vacuum Machine,,,,0.699,
Vacuum Machine,,,Control system instability,0.445,Control system instability
Vacuum Machine,,,Unexpected power fluctuation,0.425,Unexpected power fluctuation
Vacuum Machine,,,,0.712,
Vacuum Machine,,,,0.668,
Vacuum Machine,,,,0.842,
Vacuum Machine,Motor overload – possible bearing wear,Motor overload – possible bearing wear,Motor overload – possible bearing wear,0.612,Motor overload – possible bearing wear
Vacuum Machine,,,,0.727,
Vacuum Machine,,,,0.803,
Vacuum Machine,Insufficient vacuum – possible leak,Insufficient vacuum – possible leak,,0.359,Insufficient vacuum – possible leak
Vacuum Machine,,,,0.6,
Vacuum Machine,,,Sensor calibration issue,0.354,Sensor calibration issue
Vacuum Machine,Motor overload – possible bearing wear,Motor overload – possible bearing wear,Motor overload – possible bearing wear,0.759,Motor overload – possible bearing wear
Vacuum Machine,,,,0.765,
Vacuum Machine,,,,0.612,
Vacuum Machine,,,,0.657,
Vacuum Machine,Motor overload – possible bearing wear,Motor overload – possible bearing wear,Motor overload – possible bearing wear,0.67,Motor overload – possible bearing wear
Vacuum Machine,Insufficient vacuum – possible leak,Insufficient vacuum – possible leak,Insufficient vacuum – possible leak,0.616,Insufficient vacuum – possible leak
Vacuum Machine,,,,0.932,
Vacuum Machine,Motor overload – possible bearing wear,Motor overload – possible bearing wear,Motor overload – possible bearing wear,0.889,Motor overload – possible bearing wear
Vacuum Machine,Insufficient vacuum – possible leak,Insufficient vacuum – possible leak,Insufficient vacuum – possible leak,0.862,Insufficient vacuum – possible leak
Vacuum Machine,,,,0.918,
Vacuum Machine,Insufficient vacuum – possible leak,Insufficient vacuum – possible leak,Insufficient vacuum – possible leak,0.645,Insufficient vacuum – possible leak
Vacuum Machine,Motor overload – possible bearing wear,Motor overload – possible bearing wear,Motor overload – possible bearing wear,0.848,Motor overload – possible bearing wear
Vacuum Machine,,,,0.718,
Vacuum Machine,,,,0.946,
Vacuum Machine,,,,0.646,
Vacuum Machine,,,,0.922,
Vacuum Machine,,,,0.674,
Vacuum Machine,,,,0.345,
Vacuum Machine,,,,0.718,
Vacuum Machine,,,,0.739,
Vacuum Machine,Motor overload – possible bearing wear,Motor overload – possible bearing wear,Motor overload – possible bearing wear,0.917,Motor overload – possible bearing wear
Vacuum Machine,,,,0.692,
Vacuum Machine,,,Unexpected power fluctuation,0.312,Unexpected power fluctuation
Vacuum Machine,,,,0.614,
Vacuum Machine,,,,0.85,
Vacuum Machine,,,,0.672,
Vacuum Machine,Insufficient vacuum – possible leak,Insufficient vacuum – possible leak,Insufficient vacuum – possible leak,0.837,Insufficient vacuum – possible leak
Vacuum Machine,Motor overload – possible bearing wear,Motor overload – possible bearing wear,Motor overload – possible bearing wear,0.732,Motor overload – possible bearing wear
Vacuum Machine,,,,0.87,
Vacuum Machine,,,,0.737,
Vacuum Machine,Motor overload – possible bearing wear,Motor overload – possible bearing wear,Motor overload – possible bearing wear,0.657,Motor overload – possible bearing wear
Vacuum Machine,,,,0.736,
Vacuum Machine,,,,0.843,
Vacuum Machine,,,,0.914,
Vacuum Machine,,,,0.875,
Vacuum Machine,,,,0.682,
Vacuum Machine,,,,0.771,
Vacuum Machine,Insufficient vacuum – possible leak,Insufficient vacuum – possible leak,,0.28,Insufficient vacuum – possible leak
Vacuum Machine,,,,0.924,
Vacuum Machine,,,General performance degradation,0.359,General performance degradation
Vacuum Machine,,,,0.896,
Vacuum Machine,Motor overload – possible bearing wear,Motor overload – possible bearing wear,Sensor calibration issue,0.301,Motor overload – possible bearing wear
Vacuum Machine,,,,0.361,
Vacuum Machine,Motor overload – possible bearing wear,Motor overload – possible bearing wear,,0.271,Motor overload – possible bearing wear
Vacuum Machine,Insufficient vacuum – possible leak,Insufficient vacuum – possible leak,Insufficient vacuum – possible leak,0.755,Insufficient vacuum – possible leak
Vacuum Machine,,,,0.827,
Vacuum Machine,,,,0.915,
Vacuum Machine,Motor overload – possible bearing wear,Motor overload – possible bearing wear,Motor overload – possible bearing wear,0.734,Motor overload – possible bearing wear
Vacuum Machine,Motor overload – possible bearing wear,Motor overload – possible bearing wear,Motor overload – possible bearing wear,0.652,Motor overload – possible bearing wear
Vacuum Machine,,,,0.831,
Vacuum Machine,,,,0.607,
Vacuum Machine,Insufficient vacuum – possible leak,Insufficient vacuum – possible leak,Insufficient vacuum – possible leak,0.777,Insufficient vacuum – possible leak
Vacuum Machine,,,,0.863,
Vacuum Machine,Motor overload – possible bearing wear,Motor overload – possible bearing wear,Motor overload – possible bearing wear,0.661,Motor overload – possible bearing wear
Vacuum Machine,Insufficient vacuum – possible leak,Insufficient vacuum – possible leak,Control system instability,0.439,Insufficient vacuum – possible leak
Vacuum Machine,Motor overload – possible bearing wear,Motor overload – possible bearing wear,Motor overload – possible bearing wear,0.907,Motor overload – possible bearing wear
Vacuum Machine,,,,0.91,
Vacuum Machine,,,,0.69,
Vacuum Machine,,,Control system instability,0.443,Control system instability
Vacuum Machine,,,,0.264,
Vacuum Machine,,,,0.921,
Vacuum Machine,,,,0.606,
Vacuum Machine,,,,0.276,
Vacuum Machine,,,,0.847,
Vacuum Machine,Motor overload – possible bearing wear,Motor overload – possible bearing wear,Motor overload – possible bearing wear,0.891,Motor overload – possible bearing wear
Vacuum Machine,,,,0.847,
Vacuum Machine,Motor overload – possible bearing wear,Motor overload – possible bearing wear,Motor overload – possible bearing wear,0.856,Motor overload – possible bearing wear
Vacuum Machine,Insufficient vacuum – possible leak,Insufficient vacuum – possible leak,Insufficient vacuum – possible leak,0.764,Insufficient vacuum – possible leak
Vacuum Machine,,,,0.917,
Vacuum Machine,,,,0.773,
Vacuum Machine,,,,0.604,
Vacuum Machine,,,,0.738,
Vacuum Machine,,,,0.86,
Vacuum Machine,,,,0.749,
Vacuum Machine,,,,0.858,
Vacuum Machine,Motor overload – possible bearing wear,Motor overload – possible bearing wear,Motor overload – possible bearing wear,0.632,Motor overload – possible bearing wear
Vacuum Machine,Insufficient vacuum – possible leak,Insufficient vacuum – possible leak,Insufficient vacuum – possible leak,0.736,Insufficient vacuum – possible leak
Vacuum Machine,,,,0.836,
Vacuum Machine,Motor overload – possible bearing wear,Motor overload – possible bearing wear,Motor overload – possible bearing wear,0.699,Motor overload – possible bearing wear
Vacuum Machine,Motor overload – possible bearing wear,Motor overload – possible bearing wear,Motor overload – possible bearing wear,0.622,Motor overload – possible bearing wear
Vacuum Machine,Insufficient vacuum – possible leak,Insufficient vacuum – possible leak,,0.35,Insufficient vacuum – possible leak
Vacuum Machine,,,,0.738,
Vacuum Machine,,,,0.744,
Vacuum Machine,,,,0.808,
Vacuum Machine,,,,0.941,
Vacuum Machine,,,,0.863,
Vacuum Machine,Motor overload – possible bearing wear,Motor overload – possible bearing wear,Motor overload – possible bearing wear,0.62,Motor overload – possible bearing wear
Vacuum Machine,,,,0.778,
Vacuum Machine,,,,0.629,
Vacuum Machine,,,,0.765,
Vacuum Machine,,,,0.608,
Vacuum Machine,,,,0.886,
Vacuum Machine,Insufficient vacuum – possible leak,Insufficient vacuum – possible leak,Insufficient vacuum – possible leak,0.74,Insufficient vacuum – possible leak
Vacuum Machine,,,,0.348,
Vacuum Machine,,,,0.736,
Vacuum Machine,,,,0.819,
Vacuum Machine,Motor overload – possible bearing wear,Motor overload – possible bearing wear,Motor overload – possible bearing wear,0.836,Motor overload – possible bearing wear
Vacuum Machine,,,,0.835,
Vacuum Machine,,,,0.898,
Vacuum Machine,,,,0.823,
Vacuum Machine,Insufficient vacuum – possible leak,Insufficient vacuum – possible leak,Insufficient vacuum – possible leak,0.692,Insufficient vacuum – possible leak
Vacuum Machine,Motor overload – possible bearing wear,Motor overload – possible bearing wear,Motor overload – possible bearing wear,0.924,Motor overload – possible bearing wear
Vacuum Machine,,,,0.79,
Vacuum Machine,,,,0.67,
Vacuum Machine,,,,0.747,
Vacuum Machine,,,,0.8,
Vacuum Machine,Insufficient vacuum – possible leak,Insufficient vacuum – possible leak,Insufficient vacuum – possible leak,0.645,Insufficient vacuum – possible leak
Vacuum Machine,,,,0.91,
Vacuum Machine,Insufficient vacuum – possible leak,Insufficient vacuum – possible leak,,0.355,Insufficient vacuum – possible leak
Vacuum Machine,,,,0.724,
Vacuum Machine,,,,0.877,
Vacuum Machine,Insufficient vacuum – possible leak,Insufficient vacuum – possible leak,Insufficient vacuum – possible leak,0.825,Insufficient vacuum – possible leak
Vacuum Machine,,,,0.676,
Vacuum Machine,,,,0.749,
Vacuum Machine,,,,0.64,
Vacuum Machine,Motor overload – possible bearing wear,Motor overload – possible bearing wear,Motor overload – possible bearing wear,0.825,Motor overload – possible bearing wear
Vacuum Machine,Motor overload – possible bearing wear,Motor overload – possible bearing wear,Motor overload – possible bearing wear,0.916,Motor overload – possible bearing wear
Vacuum Machine,,,,0.758,
Vacuum Machine,Motor overload – possible bearing wear,Motor overload – possible bearing wear,Motor overload – possible bearing wear,0.885,Motor overload – possible bearing wear
Vacuum Machine,,,,0.626,
Vacuum Machine,,,,0.257,
Vacuum Machine,Insufficient vacuum – possible leak,Insufficient vacuum – possible leak,Insufficient vacuum – possible leak,0.726,Insufficient vacuum – possible leak
Vacuum Machine,,,,0.792,
Vacuum Machine,,,,0.911,
Vacuum Machine,,,,0.745,
Vacuum Machine,Insufficient vacuum – possible leak,Insufficient vacuum – possible leak,Insufficient vacuum – possible leak,0.773,Insufficient vacuum – possible leak
Vacuum Machine,,,,0.721,
Vacuum Machine,Insufficient vacuum – possible leak,Insufficient vacuum – possible leak,Insufficient vacuum – possible leak,0.658,Insufficient vacuum – possible leak
Vacuum Machine,Insufficient vacuum – possible leak,Insufficient vacuum – possible leak,Insufficient vacuum – possible leak,0.648,Insufficient vacuum – possible leak
Vacuum Machine,Motor overload – possible bearing wear,Motor overload – possible bearing wear,Motor overload – possible bearing wear,0.656,Motor overload – possible bearing wear
Vacuum Machine,,,,0.785,
Vacuum Machine,,,,0.701,
Vacuum Machine,,,,0.863,
Vacuum Machine,Motor overload – possible bearing wear,Motor overload – possible bearing wear,Motor overload – possible bearing wear,0.659,Motor overload – possible bearing wear
Vacuum Machine,,,,0.885,
Vacuum Machine,,,,0.246,
Vacuum Machine,Insufficient vacuum – possible leak,Insufficient vacuum – possible leak,Insufficient vacuum – possible leak,0.77,Insufficient vacuum – possible leak
Vacuum Machine,,,,0.815,
Vacuum Machine,Motor overload – possible bearing wear,Motor overload – possible bearing wear,Motor overload – possible bearing wear,0.817,Motor overload – possible bearing wear
Vacuum Machine,Insufficient vacuum – possible leak,Insufficient vacuum – possible leak,Insufficient vacuum – possible leak,0.872,Insufficient vacuum – possible leak
Vacuum Machine,Motor overload – possible bearing wear,Motor overload – possible bearing wear,Motor overload – possible bearing wear,0.817,Motor overload – possible bearing wear
Vacuum Machine,,,,0.674,
Vacuum Machine,Motor overload – possible bearing wear,Motor overload – possible bearing wear,Control system instability,0.434,Motor overload – possible bearing wear
Vacuum Machine,,,,0.618,
Vacuum Machine,Motor overload – possible bearing wear,Motor overload – possible bearing wear,Motor overload – possible bearing wear,0.86,Motor overload – possible bearing wear
Vacuum Machine,Motor overload – possible bearing wear,Motor overload – possible bearing wear,Motor overload – possible bearing wear,0.805,Motor overload – possible bearing wear
Vacuum Machine,Insufficient vacuum – possible leak,Insufficient vacuum – possible leak,Insufficient vacuum – possible leak,0.657,Insufficient vacuum – possible leak
Vacuum Machine,Insufficient vacuum – possible leak,Insufficient vacuum – possible leak,Unexpected power fluctuation,0.355,Insufficient vacuum – possible leak
Vacuum Machine,,,,0.844,
Vacuum Machine,,,,0.8,
Vacuum Machine,,,Unexpected power fluctuation,0.464,Unexpected power fluctuation
Vacuum Machine,,,,0.345,
Vacuum Machine,Motor overload – possible bearing wear,Motor overload – possible bearing wear,Unexpected power fluctuation,0.344,Motor overload – possible bearing wear
Vacuum Machine,,,,0.357,
Vacuum Machine,Motor overload – possible bearing wear,Motor overload – possible bearing wear,Motor overload – possible bearing wear,0.853,Motor overload – possible bearing wear
Vacuum Machine,,,,0.627,
Vacuum Machine,,,,0.708,
Vacuum Machine,Motor overload – possible bearing wear,Motor overload – possible bearing wear,Motor overload – possible bearing wear,0.671,Motor overload – possible bearing wear
Vacuum Machine,Insufficient vacuum – possible leak,Insufficient vacuum – possible leak,Insufficient vacuum – possible leak,0.673,Insufficient vacuum – possible leak
Vacuum Machine,Motor overload – possible bearing wear,Motor overload – possible bearing wear,Motor overload – possible bearing wear,0.6,Motor overload – possible bearing wear
Vacuum Machine,,,,0.604,
Vacuum Machine,,,,0.856,
Vacuum Machine,Insufficient vacuum – possible leak,Insufficient vacuum – possible leak,Insufficient vacuum – possible leak,0.946,Insufficient vacuum – possible leak
Vacuum Machine,,,,0.722,
Vacuum Machine,,,,0.696,
Vacuum Machine,,,,0.867,
Vacuum Machine,,,,0.785,
Vacuum Machine,,,,0.907,
Vacuum Machine,,,,0.94,
Vacuum Machine,,,,0.73,
Vacuum Machine,,,,0.775,
Vacuum Machine,,,,0.824,
Vacuum Machine,Insufficient vacuum – possible leak,Insufficient vacuum – possible leak,Insufficient vacuum – possible leak,0.904,Insufficient vacuum – possible leak
Vacuum Machine,,,,0.801,
Vacuum Machine,,,,0.281,
Vacuum Machine,,,,0.729,
Vacuum Machine,,,,0.633,
Vacuum Machine,,,,0.689,
Vacuum Machine,,,,0.905,
Vacuum Machine,,,,0.85,
Vacuum Machine,Motor overload – possible bearing wear,Motor overload – possible bearing wear,Motor overload – possible bearing wear,0.724,Motor overload – possible bearing wear
Vacuum Machine,,,,0.629,
Vacuum Machine,,,,0.728,
Vacuum Machine,,,,0.853,
Vacuum Machine,Insufficient vacuum – possible leak,Insufficient vacuum – possible leak,Insufficient vacuum – possible leak,0.924,Insufficient vacuum – possible leak
Vacuum Machine,,,Sensor calibration issue,0.369,Sensor calibration issue
Vacuum Machine,Motor overload – possible bearing wear,Motor overload – possible bearing wear,Motor overload – possible bearing wear,0.885,Motor overload – possible bearing wear
Vacuum Machine,,,,0.816,
Vacuum Machine,,,,0.919,
Vacuum Machine,,,,0.748,
Vacuum Machine,,,,0.9,
Vacuum Machine,,,,0.82,
Vacuum Machine,Insufficient vacuum – possible leak,Insufficient vacuum – possible leak,Insufficient vacuum – possible leak,0.855,Insufficient vacuum – possible leak
Vacuum Machine,,,,0.771,
Vacuum Machine,Motor overload – possible bearing wear,Motor overload – possible bearing wear,Motor overload – possible bearing wear,0.661,Motor overload – possible bearing wear
Vacuum Machine,,,,0.946,
Vacuum Machine,Motor overload – possible bearing wear,Motor overload – possible bearing wear,Motor overload – possible bearing wear,0.931,Motor overload – possible bearing wear
Vacuum Machine,,,,0.78,
Vacuum Machine,Motor overload – possible bearing wear,Motor overload – possible bearing wear,Motor overload – possible bearing wear,0.713,Motor overload – possible bearing wear
Vacuum Machine,,,,0.802,
Vacuum Machine,Motor overload – possible bearing wear,Motor overload – possible bearing wear,Control system instability,0.434,Motor overload – possible bearing wear
Vacuum Machine,,,,0.344,
Vacuum Machine,,,,0.705,
Vacuum Machine,,,,0.75,
Vacuum Machine,Insufficient vacuum – possible leak,Insufficient vacuum – possible leak,Insufficient vacuum – possible leak,0.722,Insufficient vacuum – possible leak
Vacuum Machine,,,,0.828,
Vacuum Machine,,,,0.622,
Vacuum Machine,Motor overload – possible bearing wear,Motor overload – possible bearing wear,Motor overload – possible bearing wear,0.854,Motor overload – possible bearing wear
Vacuum Machine,Motor overload – possible bearing wear,Motor overload – possible bearing wear,Motor overload – possible bearing wear,0.673,Motor overload – possible bearing wear
Vacuum Machine,Insufficient vacuum – possible leak,Insufficient vacuum – possible leak,Insufficient vacuum – possible leak,0.942,Insufficient vacuum – possible leak
Vacuum Machine,,,,0.669,
Vacuum Machine,,,,0.727,
Vacuum Machine,Motor overload – possible bearing wear,Motor overload – possible bearing wear,,0.249,Motor overload – possible bearing wear
Vacuum Machine,,,,0.331,
Vacuum Machine,Motor overload – possible bearing wear,Motor overload – possible bearing wear,Motor overload – possible bearing wear,0.624,Motor overload – possible bearing wear
Vacuum Machine,,,,0.822,
Vacuum Machine,,,,0.674,
Vacuum Machine,,,,0.686,
Vacuum Machine,Motor overload – possible bearing wear,Motor overload – possible bearing wear,Motor overload – possible bearing wear,0.628,Motor overload – possible bearing wear
Vacuum Machine,,,,0.732,
Vacuum Machine,,,,0.749,
Vacuum Machine,Motor overload – possible bearing wear,Motor overload – possible bearing wear,Motor overload – possible bearing wear,0.765,Motor overload – possible bearing wear
Vacuum Machine,,,,0.715,
Vacuum Machine,,,,0.892,
Vacuum Machine,Motor overload – possible bearing wear,Motor overload – possible bearing wear,Motor overload – possible bearing wear,0.631,Motor overload – possible bearing wear
Vacuum Machine,,,,0.284,
Vacuum Machine,,,,0.728,
Vacuum Machine,,,,0.787,
Vacuum Machine,,,,0.813,
Vacuum Machine,,,,0.377,
Vacuum Machine,,,,0.674,
Vacuum Machine,,,,0.706,
Vacuum Machine,Insufficient vacuum – possible leak,Insufficient vacuum – possible leak,Insufficient vacuum – possible leak,0.613,Insufficient vacuum – possible leak
Vacuum Machine,,,,0.944,
Vacuum Machine,Motor overload – possible bearing wear,Motor overload – possible bearing wear,Motor overload – possible bearing wear,0.728,Motor overload – possible bearing wear
Vacuum Machine,,,,0.651,
Vacuum Machine,,,,0.639,
Vacuum Machine,Insufficient vacuum – possible leak,Insufficient vacuum – possible leak,Insufficient vacuum – possible leak,0.76,Insufficient vacuum – possible leak
Vacuum Machine,,,Control system instability,0.334,Control system instability
Vacuum Machine,Motor overload – possible bearing wear,Motor overload – possible bearing wear,Motor overload – possible bearing wear,0.682,Motor overload – possible bearing wear
Vacuum Machine,,,,0.603,
Vacuum Machine,,,,0.864,
Vacuum Machine,,,,0.776,
Vacuum Machine,,,,0.733,
Vacuum Machine,Motor overload – possible bearing wear,Motor overload – possible bearing wear,Motor overload – possible bearing wear,0.823,Motor overload – possible bearing wear
Vacuum Machine,,,,0.744,
Vacuum Machine,,,,0.846,
Vacuum Machine,,,,0.919,
Vacuum Machine,,,,0.758,
Vacuum Machine,,,,0.869,
Vacuum Machine,,,,0.908,
Vacuum Machine,Insufficient vacuum – possible leak,Insufficient vacuum – possible leak,Insufficient vacuum – possible leak,0.641,Insufficient vacuum – possible leak
Vacuum Machine,,,,0.79,
Vacuum Machine,Insufficient vacuum – possible leak,Insufficient vacuum – possible leak,Insufficient vacuum – possible leak,0.725,Insufficient vacuum – possible leak
Vacuum Machine,Insufficient vacuum – possible leak,Insufficient vacuum – possible leak,Insufficient vacuum – possible leak,0.626,Insufficient vacuum – possible leak
Vacuum Machine,,,,0.713,
Vacuum Machine,,,Sensor calibration issue,0.32,Sensor calibration issue
Vacuum Machine,,,,0.807,
Vacuum Machine,Motor overload – possible bearing wear,Motor overload – possible bearing wear,,0.262,Motor overload – possible bearing wear
Vacuum Machine,,,,0.844,
Vacuum Machine,,,,0.857,
Vacuum Machine,,,,0.244,
Vacuum Machine,Motor overload – possible bearing wear,Motor overload – possible bearing wear,Unexpected power fluctuation,0.471,Motor overload – possible bearing wear
Vacuum Machine,,,,0.602,
Vacuum Machine,Insufficient vacuum – possible leak,Insufficient vacuum – possible leak,Insufficient vacuum – possible leak,0.918,Insufficient vacuum – possible leak
Vacuum Machine,,,,0.927,
Vacuum Machine,,,,0.762,
Vacuum Machine,,,,0.894,
Vacuum Machine,,,,0.753,
Vacuum Machine,,,,0.655,
Vacuum Machine,Insufficient vacuum – possible leak,Insufficient vacuum – possible leak,Insufficient vacuum – possible leak,0.839,Insufficient vacuum – possible leak
Vacuum Machine,Insufficient vacuum – possible leak,Insufficient vacuum – possible leak,Insufficient vacuum – possible leak,0.783,Insufficient vacuum – possible leak
Vacuum Machine,,,,0.338,
Vacuum Machine,Motor overload – possible bearing wear,Motor overload – possible bearing wear,Motor overload – possible bearing wear,0.926,Motor overload – possible bearing wear
Vacuum Machine,Motor overload – possible bearing wear,Motor overload – possible bearing wear,Motor overload – possible bearing wear,0.744,Motor overload – possible bearing wear
Vacuum Machine,,,,0.654,
Vacuum Machine,Motor overload – possible bearing wear,Motor overload – possible bearing wear,Motor overload – possible bearing wear,0.629,Motor overload – possible bearing wear
Vacuum Machine,,,,0.797,
Vacuum Machine,,,,0.741,
Vacuum Machine,,,,0.939,
Vacuum Machine,,,,0.857,
Vacuum Machine,,,,0.345,
Vacuum Machine,Motor overload – possible bearing wear,Motor overload – possible bearing wear,Motor overload – possible bearing wear,0.802,Motor overload – possible bearing wear
Vacuum Machine,,,Unexpected power fluctuation,0.381,Unexpected power fluctuation
Vacuum Machine,Motor overload – possible bearing wear,Motor overload – possible bearing wear,Motor overload – possible bearing wear,0.641,Motor overload – possible bearing wear
Vacuum Machine,,,,0.69,
Vacuum Machine,,,,0.844,
Vacuum Machine,,,,0.852,
Vacuum Machine,,,,0.677,
Vacuum Machine,,,,0.633,
Vacuum Machine,,,,0.853,
Vacuum Machine,,,,0.782,
Vacuum Machine,,,,0.943,
Vacuum Machine,,,,0.742,
Vacuum Machine,,,,0.815,
Vacuum Machine,Insufficient vacuum – possible leak,Insufficient vacuum – possible leak,Insufficient vacuum – possible leak,0.75,Insufficient vacuum – possible leak
Vacuum Machine,Insufficient vacuum – possible leak,Insufficient vacuum – possible leak,Insufficient vacuum – possible leak,0.819,Insufficient vacuum – possible leak
Vacuum Machine,,,,0.648,
Vacuum Machine,,,,0.793,
Vacuum Machine,Motor overload – possible bearing wear,Motor overload – possible bearing wear,Motor overload – possible bearing wear,0.718,Motor overload – possible bearing wear
Vacuum Machine,,,,0.794,
Vacuum Machine,Insufficient vacuum – possible leak,Insufficient vacuum – possible leak,Insufficient vacuum – possible leak,0.717,Insufficient vacuum – possible leak
Vacuum Machine,,,,0.7,
Vacuum Machine,,,,0.663,
Vacuum Machine,,,,0.351,
Vacuum Machine,Motor overload – possible bearing wear,Motor overload – possible bearing wear,Motor overload – possible bearing wear,0.858,Motor overload – possible bearing wear
Vacuum Machine,Motor overload – possible bearing wear,Motor overload – possible bearing wear,Motor overload – possible bearing wear,0.779,Motor overload – possible bearing wear
Vacuum Machine,Motor overload – possible bearing wear,Motor overload – possible bearing wear,Motor overload – possible bearing wear,0.685,Motor overload – possible bearing wear
Vacuum Machine,,,,0.246,
Vacuum Machine,,,Control system instability,0.465,Control system instability
Vacuum Machine,,,,0.616,
Vacuum Machine,,,,0.627,
Vacuum Machine,,,,0.828,
Vacuum Machine,,,,0.372,
Vacuum Machine,Motor overload – possible bearing wear,Motor overload – possible bearing wear,,0.358,Motor overload – possible bearing wear
Vacuum Machine,,,,0.895,
Vacuum Machine,Motor overload – possible bearing wear,Motor overload – possible bearing wear,Motor overload – possible bearing wear,0.799,Motor overload – possible bearing wear
Vacuum Machine,,,,0.853,
Vacuum Machine,,,,0.649,
Vacuum Machine,,,,0.909,
Vacuum Machine,Insufficient vacuum – possible leak,Insufficient vacuum – possible leak,Insufficient vacuum – possible leak,0.625,Insufficient vacuum – possible leak
Vacuum Machine,Motor overload – possible bearing wear,Motor overload – possible bearing wear,Motor overload – possible bearing wear,0.65,Motor overload – possible bearing wear
Vacuum Machine,,,,0.636,
Vacuum Machine,Motor overload – possible bearing wear,Motor overload – possible bearing wear,Motor overload – possible bearing wear,0.893,Motor overload – possible bearing wear
Vacuum Machine,Motor overload – possible bearing wear,Motor overload – possible bearing wear,Motor overload – possible bearing wear,0.656,Motor overload – possible bearing wear
Vacuum Machine,,,,0.94,
Vacuum Machine,,,,0.624,
Vacuum Machine,,,,0.794,
Vacuum Machine,Insufficient vacuum – possible leak,Insufficient vacuum – possible leak,Insufficient vacuum – possible leak,0.841,Insufficient vacuum – possible leak
Vacuum Machine,,,,0.644,
Vacuum Machine,,,,0.891,
Vacuum Machine,,,,0.941,
Vacuum Machine,,,,0.847,
Vacuum Machine,,,,0.641,
Vacuum Machine,Motor overload – possible bearing wear,Motor overload – possible bearing wear,,0.323,Motor overload – possible bearing wear
Vacuum Machine,Insufficient vacuum – possible leak,Insufficient vacuum – possible leak,Insufficient vacuum – possible leak,0.915,Insufficient vacuum – possible leak
Vacuum Machine,,,,0.612,
Vacuum Machine,,,,0.706,
Vacuum Machine,Insufficient vacuum – possible leak,Insufficient vacuum – possible leak,Insufficient vacuum – possible leak,0.717,Insufficient vacuum – possible leak
Vacuum Machine,,,,0.376,
Vacuum Machine,,,,0.925,
Vacuum Machine,,,,0.306,
Vacuum Machine,,,,0.632,
Vacuum Machine,,,,0.76,
Vacuum Machine,Motor overload – possible bearing wear,Motor overload – possible bearing wear,Motor overload – possible bearing wear,0.76,Motor overload – possible bearing wear
Vacuum Machine,Insufficient vacuum – possible leak,,Insufficient vacuum – possible leak,0.705,Insufficient vacuum – possible leak
Vacuum Machine,Motor overload – possible bearing wear,,Motor overload – possible bearing wear,0.75,Motor overload – possible bearing wear
Vacuum Machine,Motor overload – possible bearing wear,Insufficient vacuum – possible leak,Motor overload – possible bearing wear,0.913,Insufficient vacuum – possible leak
Vacuum Machine,,,,0.851,
Vacuum Machine,Motor overload – possible bearing wear,Motor overload – possible bearing wear,Motor overload – possible bearing wear,0.866,Motor overload – possible bearing wear
Vacuum Machine,Motor overload – possible bearing wear,Motor overload – possible bearing wear,Motor overload – possible bearing wear,0.796,Motor overload – possible bearing wear
Vacuum Machine,,,,0.367,
Vacuum Machine,Motor overload – possible bearing wear,Motor overload – possible bearing wear,Motor overload – possible bearing wear,0.921,Motor overload – possible bearing wear
Vacuum Machine,Motor overload – possible bearing wear,Motor overload – possible bearing wear,Motor overload – possible bearing wear,0.609,Motor overload – possible bearing wear
Vacuum Machine,Insufficient vacuum – possible leak,Insufficient vacuum – possible leak,Insufficient vacuum – possible leak,0.642,Insufficient vacuum – possible leak
Vacuum Machine,,,,0.872,
Vacuum Machine,Motor overload – possible bearing wear,Motor overload – possible bearing wear,Motor overload – possible bearing wear,0.635,Motor overload – possible bearing wear
Vacuum Machine,Motor overload – possible bearing wear,Motor overload – possible bearing wear,Motor overload – possible bearing wear,0.742,Motor overload – possible bearing wear
Vacuum Machine,Insufficient vacuum – possible leak,Insufficient vacuum – possible leak,Insufficient vacuum – possible leak,0.845,Insufficient vacuum – possible leak
Vacuum Machine,,,,0.762,
Vacuum Machine,Insufficient vacuum – possible leak,Insufficient vacuum – possible leak,Insufficient vacuum – possible leak,0.935,Insufficient vacuum – possible leak
Vacuum Machine,,,,0.872,
Vacuum Machine,,,,0.899,
Vacuum Machine,Motor overload – possible bearing wear,,Motor overload – possible bearing wear,0.689,Motor overload – possible bearing wear
Vacuum Machine,,,,0.763,
Vacuum Machine,,,,0.651,
Vacuum Machine,,,,0.641,
Vacuum Machine,,,,0.687,
Vacuum Machine,,,,0.668,
Vacuum Machine,,,,0.754,
Vacuum Machine,,,,0.671,
Vacuum Machine,Insufficient vacuum – possible leak,Insufficient vacuum – possible leak,Insufficient vacuum – possible leak,0.67,Insufficient vacuum – possible leak
Vacuum Machine,Motor overload – possible bearing wear,Motor overload – possible bearing wear,Motor overload – possible bearing wear,0.691,Motor overload – possible bearing wear
Vacuum Machine,Insufficient vacuum – possible leak,Insufficient vacuum – possible leak,Insufficient vacuum – possible leak,0.793,Insufficient vacuum – possible leak
Vacuum Machine,,,,0.947,
Vacuum Machine,Motor overload – possible bearing wear,Motor overload – possible bearing wear,Motor overload – possible bearing wear,0.663,Motor overload – possible bearing wear
Vacuum Machine,Insufficient vacuum – possible leak,Insufficient vacuum – possible leak,Insufficient vacuum – possible leak,0.748,Insufficient vacuum – possible leak
Vacuum Machine,Motor overload – possible bearing wear,Motor overload – possible bearing wear,Motor overload – possible bearing wear,0.895,Motor overload – possible bearing wear
Vacuum Machine,,,,0.254,
Vacuum Machine,,,,0.775,
Vacuum Machine,Motor overload – possible bearing wear,Motor overload – possible bearing wear,Motor overload – possible bearing wear,0.652,Motor overload – possible bearing wear
Vacuum Machine,,,,0.784,
Vacuum Machine,,,,0.745,
Vacuum Machine,,,,0.899,
Vacuum Machine,,,,0.866,
Vacuum Machine,Insufficient vacuum – possible leak,Insufficient vacuum – possible leak,Insufficient vacuum – possible leak,0.768,Insufficient vacuum – possible leak
Vacuum Machine,,,,0.629,
Vacuum Machine,Insufficient vacuum – possible leak,Insufficient vacuum – possible leak,Insufficient vacuum – possible leak,0.846,Insufficient vacuum – possible leak
Vacuum Machine,,,,0.766,
Vacuum Machine,,,,0.703,
Vacuum Machine,Motor overload – possible bearing wear,Motor overload – possible bearing wear,Motor overload – possible bearing wear,0.885,Motor overload – possible bearing wear
Vacuum Machine,Motor overload – possible bearing wear,Motor overload – possible bearing wear,Motor overload – possible bearing wear,0.614,Motor overload – possible bearing wear
Vacuum Machine,Motor overload – possible bearing wear,Motor overload – possible bearing wear,Motor overload – possible bearing wear,0.781,Motor overload – possible bearing wear
Vacuum Machine,Insufficient vacuum – possible leak,Insufficient vacuum – possible leak,Insufficient vacuum – possible leak,0.791,Insufficient vacuum – possible leak
Vacuum Machine,,,,0.742,
Vacuum Machine,Motor overload – possible bearing wear,Motor overload – possible bearing wear,Motor overload – possible bearing wear,0.76,Motor overload – possible bearing wear
Vacuum Machine,,,,0.642,
Vacuum Machine,,,,0.901,
Vacuum Machine,,,,0.831,
Vacuum Machine,Insufficient vacuum – possible leak,Insufficient vacuum – possible leak,Insufficient vacuum – possible leak,0.661,Insufficient vacuum – possible leak
Vacuum Machine,,,,0.807,
Vacuum Machine,Insufficient vacuum – possible leak,,Insufficient vacuum – possible leak,0.701,Insufficient vacuum – possible leak
Vacuum Machine,,,,0.875,
Vacuum Machine,,,,0.92,
Vacuum Machine,Motor overload – possible bearing wear,Motor overload – possible bearing wear,Motor overload – possible bearing wear,0.79,Motor overload – possible bearing wear
Vacuum Machine,,,,0.819,
Vacuum Machine,,,,0.709,
Vacuum Machine,,,,0.807,
Vacuum Machine,,,,0.806,
Vacuum Machine,Insufficient vacuum – possible leak,Insufficient vacuum – possible leak,Insufficient vacuum – possible leak,0.629,Insufficient vacuum – possible leak
Vacuum Machine,,Motor overload – possible bearing wear,,0.921,Motor overload – possible bearing wear
Vacuum Machine,Insufficient vacuum – possible leak,Insufficient vacuum – possible leak,Insufficient vacuum – possible leak,0.642,Insufficient vacuum – possible leak
Vacuum Machine,Motor overload – possible bearing wear,Motor overload – possible bearing wear,,0.339,Motor overload – possible bearing wear
Vacuum Machine,,,,0.842,
Vacuum Machine,,,,0.648,
Vacuum Machine,Motor overload – possible bearing wear,Motor overload – possible bearing wear,Motor overload – possible bearing wear,0.91,Motor overload – possible bearing wear
Vacuum Machine,,Motor overload – possible bearing wear,,0.673,Motor overload – possible bearing wear
Vacuum Machine,,,,0.906,
Vacuum Machine,,,,0.752,
Vacuum Machine,,,,0.679,
Vacuum Machine,Motor overload – possible bearing wear,Motor overload – possible bearing wear,Motor overload – possible bearing wear,0.877,Motor overload – possible bearing wear
Vacuum Machine,Motor overload – possible bearing wear,,Motor overload – possible bearing wear,0.925,Motor overload – possible bearing wear
Vacuum Machine,,,,0.327,
Vacuum Machine,,,,0.678,
Vacuum Machine,Motor overload – possible bearing wear,,Motor overload – possible bearing wear,0.662,Motor overload – possible bearing wear
Vacuum Machine,Insufficient vacuum – possible leak,Insufficient vacuum – possible leak,,0.3,Insufficient vacuum – possible leak
Vacuum Machine,,,,0.747,
Vacuum Machine,Insufficient vacuum – possible leak,Insufficient vacuum – possible leak,Control system instability,0.301,Insufficient vacuum – possible leak
Vacuum Machine,Insufficient vacuum – possible leak,Insufficient vacuum – possible leak,,0.267,Insufficient vacuum – possible leak
Vacuum Machine,Motor overload – possible bearing wear,Motor overload – possible bearing wear,Motor overload – possible bearing wear,0.725,Motor overload – possible bearing wear
Vacuum Machine,,,,0.655,
Vacuum Machine,,,,0.906,
Vacuum Machine,,,,0.259,
Vacuum Machine,Motor overload – possible bearing wear,Motor overload – possible bearing wear,Motor overload – possible bearing wear,0.946,Motor overload – possible bearing wear
Vacuum Machine,,,,0.68,
Vacuum Machine,,,,0.772,
Vacuum Machine,,,,0.941,
Vacuum Machine,,,,0.946,
Vacuum Machine,,,,0.623,
Vacuum Machine,Motor overload – possible bearing wear,Motor overload – possible bearing wear,Motor overload – possible bearing wear,0.812,Motor overload – possible bearing wear
Vacuum Machine,Insufficient vacuum – possible leak,,Insufficient vacuum – possible leak,0.885,Insufficient vacuum – possible leak
Vacuum Machine,,,,0.735,
Vacuum Machine,,,,0.844,
Vacuum Machine,,,,0.659,
Vacuum Machine,Insufficient vacuum – possible leak,Insufficient vacuum – possible leak,Insufficient vacuum – possible leak,0.66,Insufficient vacuum – possible leak
Vacuum Machine,,,,0.838,
Vacuum Machine,Motor overload – possible bearing wear,Motor overload – possible bearing wear,Motor overload – possible bearing wear,0.879,Motor overload – possible bearing wear
Vacuum Machine,,,,0.698,
Vacuum Machine,,,,0.807,
Vacuum Machine,Motor overload – possible bearing wear,Motor overload – possible bearing wear,Motor overload – possible bearing wear,0.849,Motor overload – possible bearing wear
Vacuum Machine,Motor overload – possible bearing wear,Motor overload – possible bearing wear,,0.377,Motor overload – possible bearing wear
Vacuum Machine,,,,0.735,
Vacuum Machine,,,,0.777,
Vacuum Machine,,,,0.888,
Vacuum Machine,,,,0.61,
Vacuum Machine,Insufficient vacuum – possible leak,Insufficient vacuum – possible leak,Insufficient vacuum – possible leak,0.869,Insufficient vacuum – possible leak
Vacuum Machine,,,,0.887,
Vacuum Machine,Insufficient vacuum – possible leak,Insufficient vacuum – possible leak,Insufficient vacuum – possible leak,0.921,Insufficient vacuum – possible leak
Vacuum Machine,,,,0.341,
Vacuum Machine,Insufficient vacuum – possible leak,Insufficient vacuum – possible leak,Insufficient vacuum – possible leak,0.863,Insufficient vacuum – possible leak
Vacuum Machine,Insufficient vacuum – possible leak,Insufficient vacuum – possible leak,Insufficient vacuum – possible leak,0.81,Insufficient vacuum – possible leak
Vacuum Machine,,,,0.757,
Vacuum Machine,,,,0.7,
Vacuum Machine,,,,0.74,
Vacuum Machine,,,,0.671,
Vacuum Machine,Motor overload – possible bearing wear,Motor overload – possible bearing wear,Motor overload – possible bearing wear,0.681,Motor overload – possible bearing wear
Vacuum Machine,,,,0.675,
Vacuum Machine,,,,0.737,
Vacuum Machine,Insufficient vacuum – possible leak,Insufficient vacuum – possible leak,Insufficient vacuum – possible leak,0.95,Insufficient vacuum – possible leak
Vacuum Machine,,,,0.803,
Vacuum Machine,,,,0.662,
Vacuum Machine,Insufficient vacuum – possible leak,Insufficient vacuum – possible leak,Insufficient vacuum – possible leak,0.605,Insufficient vacuum – possible leak
Vacuum Machine,Insufficient vacuum – possible leak,Insufficient vacuum – possible leak,,0.37,Insufficient vacuum – possible leak
Vacuum Machine,Insufficient vacuum – possible leak,Insufficient vacuum – possible leak,Unexpected power fluctuation,0.381,Insufficient vacuum – possible leak
Vacuum Machine,,,,0.905,
Vacuum Machine,,,,0.285,
Vacuum Machine,,,,0.85,
Vacuum Machine,Motor overload – possible bearing wear,Motor overload – possible bearing wear,,0.363,Motor overload – possible bearing wear
Vacuum Machine,Insufficient vacuum – possible leak,Insufficient vacuum – possible leak,Insufficient vacuum – possible leak,0.814,Insufficient vacuum – possible leak
Vacuum Machine,,,,0.883,
Vacuum Machine,,,Control system instability,0.401,Control system instability
Vacuum Machine,,,,0.801,
Vacuum Machine,,,,0.709,
Vacuum Machine,Motor overload – possible bearing wear,Motor overload – possible bearing wear,,0.335,Motor overload – possible bearing wear
Vacuum Machine,,,,0.72,
Vacuum Machine,,,,0.678,
Vacuum Machine,Insufficient vacuum – possible leak,Insufficient vacuum – possible leak,Insufficient vacuum – possible leak,0.876,Insufficient vacuum – possible leak
Vacuum Machine,,,,0.787,
Vacuum Machine,Motor overload – possible bearing wear,Motor overload – possible bearing wear,Motor overload – possible bearing wear,0.708,Motor overload – possible bearing wear
Vacuum Machine,Insufficient vacuum – possible leak,Insufficient vacuum – possible leak,Insufficient vacuum – possible leak,0.816,Insufficient vacuum – possible leak
Vacuum Machine,,,,0.659,
Vacuum Machine,,,,0.914,
Vacuum Machine,,,,0.905,
Vacuum Machine,,,,0.905,
Vacuum Machine,,,,0.928,
Vacuum Machine,,Motor overload – possible bearing wear,,0.834,Motor overload – possible bearing wear
Vacuum Machine,,,,0.872,
Vacuum Machine,,,,0.76,
Vacuum Machine,,,,0.895,
Vacuum Machine,,,,0.927,
Vacuum Machine,,,,0.912,
Vacuum Machine,,,,0.685,
Vacuum Machine,,,,0.912,
Vacuum Machine,,,,0.763,
Vacuum Machine,,,,0.723,
Vacuum Machine,Motor overload – possible bearing wear,Motor overload – possible bearing wear,Motor overload – possible bearing wear,0.822,Motor overload – possible bearing wear
Vacuum Machine,Insufficient vacuum – possible leak,Insufficient vacuum – possible leak,Insufficient vacuum – possible leak,0.905,Insufficient vacuum – possible leak
Vacuum Machine,,,,0.827,
Vacuum Machine,,,,0.253,
Vacuum Machine,,,Sensor calibration issue,0.336,Sensor calibration issue
Vacuum Machine,,,,0.623,
Vacuum Machine,Insufficient vacuum – possible leak,Insufficient vacuum – possible leak,General performance degradation,0.355,Insufficient vacuum – possible leak
Vacuum Machine,Insufficient vacuum – possible leak,Insufficient vacuum – possible leak,Insufficient vacuum – possible leak,0.948,Insufficient vacuum – possible leak
Vacuum Machine,,,,0.37,
Vacuum Machine,Motor overload – possible bearing wear,Motor overload – possible bearing wear,Motor overload – possible bearing wear,0.661,Motor overload – possible bearing wear
Vacuum Machine,,,,0.84,
Vacuum Machine,Insufficient vacuum – possible leak,Insufficient vacuum – possible leak,Insufficient vacuum – possible leak,0.606,Insufficient vacuum – possible leak
Vacuum Machine,Insufficient vacuum – possible leak,Insufficient vacuum – possible leak,General performance degradation,0.456,Insufficient vacuum – possible leak
Vacuum Machine,Insufficient vacuum – possible leak,Insufficient vacuum – possible leak,Insufficient vacuum – possible leak,0.811,Insufficient vacuum – possible leak
Vacuum Machine,,,,0.8,
Vacuum Machine,,,,0.78,
Vacuum Machine,,,,0.749,
Vacuum Machine,Motor overload – possible bearing wear,Motor overload – possible bearing wear,,0.374,Motor overload – possible bearing wear
Vacuum Machine,Insufficient vacuum – possible leak,Insufficient vacuum – possible leak,Insufficient vacuum – possible leak,0.779,Insufficient vacuum – possible leak
Vacuum Machine,Motor overload – possible bearing wear,Motor overload – possible bearing wear,Motor overload – possible bearing wear,0.669,Motor overload – possible bearing wear
Vacuum Machine,,,,0.705,
Vacuum Machine,,,,0.356,
Vacuum Machine,Insufficient vacuum – possible leak,Insufficient vacuum – possible leak,Insufficient vacuum – possible leak,0.754,Insufficient vacuum – possible leak
Vacuum Machine,,,,0.824,
Vacuum Machine,,,,0.932,
Vacuum Machine,,,,0.81,
Vacuum Machine,Motor overload – possible bearing wear,Motor overload – possible bearing wear,Motor overload – possible bearing wear,0.652,Motor overload – possible bearing wear
Vacuum Machine,,,,0.632,
Vacuum Machine,,,,0.916,
Vacuum Machine,,,,0.678,
Vacuum Machine,,,,0.64,
Vacuum Machine,,,,0.763,
Vacuum Machine,,,,0.922,
Vacuum Machine,Motor overload – possible bearing wear,Motor overload – possible bearing wear,,0.321,Motor overload – possible bearing wear
Vacuum Machine,,,,0.327,
Vacuum Machine,Motor overload – possible bearing wear,Motor overload – possible bearing wear,Motor overload – possible bearing wear,0.795,Motor overload – possible bearing wear
Vacuum Machine,,,,0.781,
Vacuum Machine,,,Unexpected power fluctuation,0.306,Unexpected power fluctuation
Vacuum Machine,,,,0.889,
Vacuum Machine,,,,0.907,
Vacuum Machine,,,,0.831,
Vacuum Machine,,,,0.765,
Vacuum Machine,,,,0.867,
Vacuum Machine,,,,0.862,
Vacuum Machine,,,,0.279,
Vacuum Machine,Insufficient vacuum – possible leak,Insufficient vacuum – possible leak,Insufficient vacuum – possible leak,0.724,Insufficient vacuum – possible leak
Vacuum Machine,Motor overload – possible bearing wear,,Motor overload – possible bearing wear,0.92,Motor overload – possible bearing wear
Vacuum Machine,Motor overload – possible bearing wear,Motor overload – possible bearing wear,Motor overload – possible bearing wear,0.855,Motor overload – possible bearing wear
Vacuum Machine,,,,0.846,
Vacuum Machine,,,,0.905,
Vacuum Machine,Motor overload – possible bearing wear,Motor overload – possible bearing wear,,0.347,Motor overload – possible bearing wear
Vacuum Machine,,,,0.847,
Vacuum Machine,Insufficient vacuum – possible leak,Insufficient vacuum – possible leak,Insufficient vacuum – possible leak,0.897,Insufficient vacuum – possible leak
Vacuum Machine,,,,0.67,
Vacuum Machine,,,,0.834,
Vacuum Machine,,,,0.835,
Vacuum Machine,Motor overload – possible bearing wear,Motor overload – possible bearing wear,Motor overload – possible bearing wear,0.633,Motor overload – possible bearing wear
Vacuum Machine,,,,0.747,
Vacuum Machine,Motor overload – possible bearing wear,Motor overload – possible bearing wear,Motor overload – possible bearing wear,0.626,Motor overload – possible bearing wear
Vacuum Machine,Motor overload – possible bearing wear,Motor overload – possible bearing wear,,0.273,Motor overload – possible bearing wear
Vacuum Machine,Insufficient vacuum – possible leak,Insufficient vacuum – possible leak,Insufficient vacuum – possible leak,0.864,Insufficient vacuum – possible leak
Vacuum Machine,,,,0.801,
Vacuum Machine,,,,0.653,
Vacuum Machine,,,,0.702,
Vacuum Machine,Motor overload – possible bearing wear,Motor overload – possible bearing wear,Motor overload – possible bearing wear,0.93,Motor overload – possible bearing wear
Vacuum Machine,Motor overload – possible bearing wear,Motor overload – possible bearing wear,Motor overload – possible bearing wear,0.612,Motor overload – possible bearing wear
Vacuum Machine,Insufficient vacuum – possible leak,Insufficient vacuum – possible leak,Sensor calibration issue,0.437,Insufficient vacuum – possible leak
Vacuum Machine,,,,0.847,
Vacuum Machine,,,,0.879,
Vacuum Machine,,,,0.702,
Vacuum Machine,,,,0.325,
Vacuum Machine,Motor overload – possible bearing wear,Motor overload – possible bearing wear,Motor overload – possible bearing wear,0.708,Motor overload – possible bearing wear
Vacuum Machine,,,,0.95,
Vacuum Machine,,,,0.807,
Vacuum Machine,Motor overload – possible bearing wear,Motor overload – possible bearing wear,Motor overload – possible bearing wear,0.833,Motor overload – possible bearing wear
Vacuum Machine,,,,0.624,
Vacuum Machine,,,,0.697,
Vacuum Machine,Motor overload – possible bearing wear,Motor overload – possible bearing wear,Control system instability,0.368,Motor overload – possible bearing wear
Vacuum Machine,,,,0.936,
Vacuum Machine,Motor overload – possible bearing wear,Motor overload – possible bearing wear,Motor overload – possible bearing wear,0.82,Motor overload – possible bearing wear
Vacuum Machine,,,,0.879,
Vacuum Machine,Insufficient vacuum – possible leak,Insufficient vacuum – possible leak,General performance degradation,0.304,Insufficient vacuum – possible leak
Vacuum Machine,,,,0.664,
Vacuum Machine,,,,0.855,
Vacuum Machine,,,,0.827,
Vacuum Machine,Motor overload – possible bearing wear,Motor overload – possible bearing wear,Motor overload – possible bearing wear,0.829,Motor overload – possible bearing wear
Vacuum Machine,,,,0.756,
Vacuum Machine,,,,0.717,
Vacuum Machine,,,Control system instability,0.318,Control system instability
Vacuum Machine,Motor overload – possible bearing wear,Motor overload – possible bearing wear,Motor overload – possible bearing wear,0.858,Motor overload – possible bearing wear
Vacuum Machine,Motor overload – possible bearing wear,Motor overload – possible bearing wear,Motor overload – possible bearing wear,0.665,Motor overload – possible bearing wear
Vacuum Machine,,,,0.657,
Vacuum Machine,,,,0.845,
Vacuum Machine,,,,0.791,
Vacuum Machine,Motor overload – possible bearing wear,Motor overload – possible bearing wear,Motor overload – possible bearing wear,0.819,Motor overload – possible bearing wear
Vacuum Machine,,,,0.682,
Vacuum Machine,Motor overload – possible bearing wear,Motor overload – possible bearing wear,Motor overload – possible bearing wear,0.894,Motor overload – possible bearing wear
Vacuum Machine,Insufficient vacuum – possible leak,Insufficient vacuum – possible leak,Insufficient vacuum – possible leak,0.861,Insufficient vacuum – possible leak
Vacuum Machine,,,,0.24,
Vacuum Machine,,,,0.93,
Vacuum Machine,Motor overload – possible bearing wear,Motor overload – possible bearing wear,Motor overload – possible bearing wear,0.738,Motor overload – possible bearing wear
Vacuum Machine,,,,0.63,
Vacuum Machine,,,,0.909,
Vacuum Machine,Insufficient vacuum – possible leak,Insufficient vacuum – possible leak,Insufficient vacuum – possible leak,0.732,Insufficient vacuum – possible leak
Vacuum Machine,,,,0.946,
Vacuum Machine,,,,0.811,
Vacuum Machine,Motor overload – possible bearing wear,Motor overload – possible bearing wear,Motor overload – possible bearing wear,0.705,Motor overload – possible bearing wear
Vacuum Machine,,,,0.752,
Vacuum Machine,,,,0.863,
Vacuum Machine,Insufficient vacuum – possible leak,Insufficient vacuum – possible leak,Insufficient vacuum – possible leak,0.646,Insufficient vacuum – possible leak
Vacuum Machine,Insufficient vacuum – possible leak,Insufficient vacuum – possible leak,Insufficient vacuum – possible leak,0.694,Insufficient vacuum – possible leak
Vacuum Machine,,,,0.829,
Vacuum Machine,Insufficient vacuum – possible leak,Insufficient vacuum – possible leak,,0.265,Insufficient vacuum – possible leak
Vacuum Machine,Motor overload – possible bearing wear,Motor overload – possible bearing wear,Motor overload – possible bearing wear,0.932,Motor overload – possible bearing wear
Vacuum Machine,,,,0.608,
Vacuum Machine,Motor overload – possible bearing wear,,,0.254,
Vacuum Machine,Insufficient vacuum – possible leak,Insufficient vacuum – possible leak,Insufficient vacuum – possible leak,0.667,Insufficient vacuum – possible leak
Vacuum Machine,,,,0.866,
Vacuum Machine,,,General performance degradation,0.402,General performance degradation
Vacuum Machine,,,,0.823,
Vacuum Machine,Insufficient vacuum – possible leak,Insufficient vacuum – possible leak,,0.362,Insufficient vacuum – possible leak
Vacuum Machine,,,,0.773,
Vacuum Machine,Insufficient vacuum – possible leak,Insufficient vacuum – possible leak,Insufficient vacuum – possible leak,0.79,Insufficient vacuum – possible leak
Vacuum Machine,,,,0.733,
Vacuum Machine,,,,0.605,
Vacuum Machine,Motor overload – possible bearing wear,Motor overload – possible bearing wear,Motor overload – possible bearing wear,0.855,Motor overload – possible bearing wear
Vacuum Machine,Motor overload – possible bearing wear,Motor overload – possible bearing wear,General performance degradation,0.475,Motor overload – possible bearing wear
Vacuum Machine,,,,0.83,
Vacuum Machine,,,,0.254,
Vacuum Machine,,,Unexpected power fluctuation,0.346,Unexpected power fluctuation
Vacuum Machine,,,,0.797,
Vacuum Machine,,,,0.833,
Vacuum Machine,Motor overload – possible bearing wear,,Motor overload – possible bearing wear,0.657,Motor overload – possible bearing wear
Vacuum Machine,Motor overload – possible bearing wear,Motor overload – possible bearing wear,Motor overload – possible bearing wear,0.686,Motor overload – possible bearing wear
Vacuum Machine,Motor overload – possible bearing wear,Motor overload – possible bearing wear,Motor overload – possible bearing wear,0.699,Motor overload – possible bearing wear
Vacuum Machine,,,,0.705,
Vacuum Machine,,,,0.674,
Vacuum Machine,,,,0.927,
Vacuum Machine,Motor overload – possible bearing wear,Motor overload – possible bearing wear,,0.346,Motor overload – possible bearing wear
Vacuum Machine,,,,0.885,
Vacuum Machine,,,,0.881,
Vacuum Machine,Motor overload – possible bearing wear,Motor overload – possible bearing wear,,0.243,Motor overload – possible bearing wear
Vacuum Machine,,,,0.614,
Vacuum Machine,,,,0.673,
Vacuum Machine,,,,0.61,
Vacuum Machine,,,,0.719,
Vacuum Machine,,,,0.692,
Vacuum Machine,,,,0.818,
Vacuum Machine,,,,0.75,
Vacuum Machine,Insufficient vacuum – possible leak,Insufficient vacuum – possible leak,Insufficient vacuum – possible leak,0.662,Insufficient vacuum – possible leak
Vacuum Machine,Motor overload – possible bearing wear,Motor overload – possible bearing wear,Motor overload – possible bearing wear,0.764,Motor overload – possible bearing wear
Vacuum Machine,Motor overload – possible bearing wear,Motor overload – possible bearing wear,Motor overload – possible bearing wear,0.667,Motor overload – possible bearing wear
Vacuum Machine,,,,0.867,
Vacuum Machine,,,,0.945,
Vacuum Machine,,,,0.321,
Vacuum Machine,Insufficient vacuum – possible leak,Insufficient vacuum – possible leak,Insufficient vacuum – possible leak,0.791,Insufficient vacuum – possible leak
Vacuum Machine,,,,0.633,
Vacuum Machine,,,,0.907,
Vacuum Machine,,,,0.711,
Vacuum Machine,,,,0.826,
Vacuum Machine,,,,0.658,
Vacuum Machine,Motor overload – possible bearing wear,Motor overload – possible bearing wear,Motor overload – possible bearing wear,0.684,Motor overload – possible bearing wear
Vacuum Machine,Motor overload – possible bearing wear,Motor overload – possible bearing wear,Motor overload – possible bearing wear,0.913,Motor overload – possible bearing wear
Vacuum Machine,Insufficient vacuum – possible leak,Insufficient vacuum – possible leak,Insufficient vacuum – possible leak,0.893,Insufficient vacuum – possible leak
Vacuum Machine,,,,0.681,
Vacuum Machine,Motor overload – possible bearing wear,Motor overload – possible bearing wear,Motor overload – possible bearing wear,0.646,Motor overload – possible bearing wear
Vacuum Machine,Motor overload – possible bearing wear,Motor overload – possible bearing wear,Motor overload – possible bearing wear,0.767,Motor overload – possible bearing wear
Vacuum Machine,Insufficient vacuum – possible leak,Insufficient vacuum – possible leak,Insufficient vacuum – possible leak,0.737,Insufficient vacuum – possible leak
Vacuum Machine,,,,0.332,
Vacuum Machine,Motor overload – possible bearing wear,Motor overload – possible bearing wear,Motor overload – possible bearing wear,0.838,Motor overload – possible bearing wear
Vacuum Machine,Insufficient vacuum – possible leak,Insufficient vacuum – possible leak,Insufficient vacuum – possible leak,0.917,Insufficient vacuum – possible leak
Vacuum Machine,Motor overload – possible bearing wear,Motor overload – possible bearing wear,Motor overload – possible bearing wear,0.669,Motor overload – possible bearing wear
Vacuum Machine,Insufficient vacuum – possible leak,Insufficient vacuum – possible leak,Insufficient vacuum – possible leak,0.921,Insufficient vacuum – possible leak
Vacuum Machine,,,,0.279,
Vacuum Machine,,,,0.799,
Vacuum Machine,Motor overload – possible bearing wear,Motor overload – possible bearing wear,Motor overload – possible bearing wear,0.843,Motor overload – possible bearing wear
Vacuum Machine,,,,0.641,
Vacuum Machine,,,,0.73,
Vacuum Machine,,,,0.821,
Vacuum Machine,Motor overload – possible bearing wear,Motor overload – possible bearing wear,Motor overload – possible bearing wear,0.754,Motor overload – possible bearing wear
Vacuum Machine,Insufficient vacuum – possible leak,Insufficient vacuum – possible leak,Insufficient vacuum – possible leak,0.674,Insufficient vacuum – possible leak
Vacuum Machine,,,,0.938,
Vacuum Machine,Motor overload – possible bearing wear,Motor overload – possible bearing wear,Motor overload – possible bearing wear,0.666,Motor overload – possible bearing wear
Vacuum Machine,Motor overload – possible bearing wear,Motor overload – possible bearing wear,Motor overload – possible bearing wear,0.61,Motor overload – possible bearing wear
Vacuum Machine,Insufficient vacuum – possible leak,Insufficient vacuum – possible leak,Insufficient vacuum – possible leak,0.661,Insufficient vacuum – possible leak
Vacuum Machine,,,,0.875,
Vacuum Machine,,,,0.889,
Vacuum Machine,Motor overload – possible bearing wear,Motor overload – possible bearing wear,,0.286,Motor overload – possible bearing wear
Vacuum Machine,,,Unexpected power fluctuation,0.381,Unexpected power fluctuation
Vacuum Machine,Motor overload – possible bearing wear,Motor overload – possible bearing wear,Motor overload – possible bearing wear,0.712,Motor overload – possible bearing wear
Vacuum Machine,,,,0.683,
Vacuum Machine,,,,0.262,
Vacuum Machine,,,,0.691,
Vacuum Machine,Motor overload – possible bearing wear,Motor overload – possible bearing wear,,0.372,Motor overload – possible bearing wear
Vacuum Machine,,,,0.934,
Vacuum Machine,,,,0.322,
Vacuum Machine,,,,0.787,
Vacuum Machine,,,,0.743,
Vacuum Machine,Motor overload – possible bearing wear,Motor overload – possible bearing wear,Motor overload – possible bearing wear,0.945,Motor overload – possible bearing wear
Vacuum Machine,Motor overload – possible bearing wear,Motor overload – possible bearing wear,Motor overload – possible bearing wear,0.757,Motor overload – possible bearing wear
Vacuum Machine,,,,0.619,
Vacuum Machine,,Motor overload – possible bearing wear,General performance degradation,0.345,Motor overload – possible bearing wear
Vacuum Machine,,,,0.346,
Vacuum Machine,,,,0.779,
Vacuum Machine,Motor overload – possible bearing wear,Motor overload – possible bearing wear,Motor overload – possible bearing wear,0.826,Motor overload – possible bearing wear
Vacuum Machine,Insufficient vacuum – possible leak,Insufficient vacuum – possible leak,Insufficient vacuum – possible leak,0.793,Insufficient vacuum – possible leak
Vacuum Machine,Motor overload – possible bearing wear,Motor overload – possible bearing wear,,0.289,Motor overload – possible bearing wear
Vacuum Machine,Motor overload – possible bearing wear,Motor overload – possible bearing wear,Motor overload – possible bearing wear,0.811,Motor overload – possible bearing wear
Vacuum Machine,,,,0.868,
Vacuum Machine,Motor overload – possible bearing wear,Motor overload – possible bearing wear,Motor overload – possible bearing wear,0.751,Motor overload – possible bearing wear
Vacuum Machine,,,,0.828,
Vacuum Machine,,,,0.748,
Vacuum Machine,,,,0.69,
Vacuum Machine,Insufficient vacuum – possible leak,Insufficient vacuum – possible leak,Insufficient vacuum – possible leak,0.713,Insufficient vacuum – possible leak
Vacuum Machine,,,,0.9,
Vacuum Machine,,,,0.636,
Vacuum Machine,,,,0.773,
Vacuum Machine,,,,0.643,
Vacuum Machine,,,,0.941,
Vacuum Machine,,,,0.905,
Vacuum Machine,Motor overload – possible bearing wear,Motor overload – possible bearing wear,Motor overload – possible bearing wear,0.834,Motor overload – possible bearing wear
Vacuum Machine,,,,0.655,
Vacuum Machine,,Motor overload – possible bearing wear,,0.79,Motor overload – possible bearing wear
Vacuum Machine,,,,0.931,
Vacuum Machine,,,,0.824,
Vacuum Machine,,,General performance degradation,0.456,General performance degradation
Vacuum Machine,,,,0.752,
Vacuum Machine,Motor overload – possible bearing wear,Motor overload – possible bearing wear,Motor overload – possible bearing wear,0.801,Motor overload – possible bearing wear
Vacuum Machine,,,,0.872,
Vacuum Machine,Insufficient vacuum – possible leak,Insufficient vacuum – possible leak,Insufficient vacuum – possible leak,0.674,Insufficient vacuum – possible leak
Vacuum Machine,,,,0.682,
Vacuum Machine,,,,0.928,
Vacuum Machine,,,,0.94,
Vacuum Machine,Motor overload – possible bearing wear,Motor overload – possible bearing wear,,0.331,Motor overload – possible bearing wear
Vacuum Machine,Motor overload – possible bearing wear,Motor overload – possible bearing wear,Motor overload – possible bearing wear,0.719,Motor overload – possible bearing wear
Vacuum Machine,,,,0.255,
Vacuum Machine,,,,0.892,
Vacuum Machine,,,,0.669,
Vacuum Machine,,,,0.901,
Vacuum Machine,Insufficient vacuum – possible leak,Insufficient vacuum – possible leak,Insufficient vacuum – possible leak,0.86,Insufficient vacuum – possible leak
Vacuum Machine,Motor overload – possible bearing wear,Motor overload – possible bearing wear,Motor overload – possible bearing wear,0.63,Motor overload – possible bearing wear
Vacuum Machine,,,,0.919,
Vacuum Machine,,,,0.292,
Vacuum Machine,,,,0.623,
Vacuum Machine,,,,0.829,
Vacuum Machine,,,,0.649,
Vacuum Machine,Motor overload – possible bearing wear,Motor overload – possible bearing wear,,0.266,Motor overload – possible bearing wear
Vacuum Machine,Insufficient vacuum – possible leak,Insufficient vacuum – possible leak,Insufficient vacuum – possible leak,0.603,Insufficient vacuum – possible leak
Vacuum Machine,Insufficient vacuum – possible leak,Insufficient vacuum – possible leak,Insufficient vacuum – possible leak,0.723,Insufficient vacuum – possible leak
Vacuum Machine,,,,0.873,
Vacuum Machine,Insufficient vacuum – possible leak,Insufficient vacuum – possible leak,Insufficient vacuum – possible leak,0.946,Insufficient vacuum – possible leak
Vacuum Machine,,,,0.812,
Vacuum Machine,,,,0.936,
Vacuum Machine,Insufficient vacuum – possible leak,Insufficient vacuum – possible leak,Insufficient vacuum – possible leak,0.937,Insufficient vacuum – possible leak
Vacuum Machine,,,,0.763,
Vacuum Machine,,,,0.609,
Vacuum Machine,,,,0.674,
Vacuum Machine,Motor overload – possible bearing wear,Motor overload – possible bearing wear,Motor overload – possible bearing wear,0.838,Motor overload – possible bearing wear
Vacuum Machine,Insufficient vacuum – possible leak,Insufficient vacuum – possible leak,Insufficient vacuum – possible leak,0.838,Insufficient vacuum – possible leak
Vacuum Machine,,,,0.85,
Vacuum Machine,Insufficient vacuum – possible leak,Insufficient vacuum – possible leak,Insufficient vacuum – possible leak,0.77,Insufficient vacuum – possible leak
Vacuum Machine,,,,0.244,
Vacuum Machine,Insufficient vacuum – possible leak,Insufficient vacuum – possible leak,Insufficient vacuum – possible leak,0.602,Insufficient vacuum – possible leak
Vacuum Machine,Motor overload – possible bearing wear,Motor overload – possible bearing wear,Motor overload – possible bearing wear,0.827,Motor overload – possible bearing wear
Vacuum Machine,Insufficient vacuum – possible leak,Insufficient vacuum – possible leak,Insufficient vacuum – possible leak,0.61,Insufficient vacuum – possible leak
Vacuum Machine,,,,0.601,
Vacuum Machine,,,,0.837,
Vacuum Machine,,,,0.672,
Vacuum Machine,Motor overload – possible bearing wear,Motor overload – possible bearing wear,Motor overload – possible bearing wear,0.69,Motor overload – possible bearing wear
Vacuum Machine,,,,0.754,
Vacuum Machine,,,,0.611,
Vacuum Machine,Insufficient vacuum – possible leak,Insufficient vacuum – possible leak,Insufficient vacuum – possible leak,0.811,Insufficient vacuum – possible leak
Vacuum Machine,,,,0.682,
Vacuum Machine,,,,0.855,
Vacuum Machine,Insufficient vacuum – possible leak,Insufficient vacuum – possible leak,Insufficient vacuum – possible leak,0.889,Insufficient vacuum – possible leak
Vacuum Machine,,,,0.704,
Vacuum Machine,Motor overload – possible bearing wear,Motor overload – possible bearing wear,Control system instability,0.456,Motor overload – possible bearing wear
Vacuum Machine,,,,0.673,
Vacuum Machine,,,,0.869,
Vacuum Machine,,,,0.704,
Vacuum Machine,,,,0.707,
Vacuum Machine,,,,0.651,
Vacuum Machine,Insufficient vacuum – possible leak,Insufficient vacuum – possible leak,Insufficient vacuum – possible leak,0.871,Insufficient vacuum – possible leak
Vacuum Machine,,,,0.76,
Vacuum Machine,,,,0.337,
Vacuum Machine,,,,0.744,
Vacuum Machine,,,,0.863,
Vacuum Machine,,,,0.868,
Vacuum Machine,,,,0.269,
Vacuum Machine,,,,0.623,
Vacuum Machine,Motor overload – possible bearing wear,Motor overload – possible bearing wear,Motor overload – possible bearing wear,0.804,Motor overload – possible bearing wear
Vacuum Machine,Motor overload – possible bearing wear,Motor overload – possible bearing wear,General performance degradation,0.319,Motor overload – possible bearing wear
Vacuum Machine,Motor overload – possible bearing wear,Motor overload – possible bearing wear,Motor overload – possible bearing wear,0.947,Motor overload – possible bearing wear
Vacuum Machine,,,,0.767,
Vacuum Machine,,,,0.608,
Vacuum Machine,Motor overload – possible bearing wear,Motor overload – possible bearing wear,,0.241,Motor overload – possible bearing wear
Vacuum Machine,,,,0.943,
Vacuum Machine,,,,0.761,
Vacuum Machine,Motor overload – possible bearing wear,Motor overload – possible bearing wear,Motor overload – possible bearing wear,0.698,Motor overload – possible bearing wear
Vacuum Machine,,,,0.725,
Vacuum Machine,Insufficient vacuum – possible leak,Insufficient vacuum – possible leak,Insufficient vacuum – possible leak,0.77,Insufficient vacuum – possible leak
Vacuum Machine,Insufficient vacuum – possible leak,Motor overload – possible bearing wear,Insufficient vacuum – possible leak,0.925,Motor overload – possible bearing wear
Vacuum Machine,Motor overload – possible bearing wear,Motor overload – possible bearing wear,,0.261,Motor overload – possible bearing wear
Vacuum Machine,,,,0.896,
Vacuum Machine,Motor overload – possible bearing wear,Motor overload – possible bearing wear,Motor overload – possible bearing wear,0.857,Motor overload – possible bearing wear
Vacuum Machine,,,,0.746,
Vacuum Machine,Insufficient vacuum – possible leak,,Insufficient vacuum – possible leak,0.882,Insufficient vacuum – possible leak
Vacuum Machine,,,,0.619,
Vacuum Machine,Motor overload – possible bearing wear,,Motor overload – possible bearing wear,0.732,Motor overload – possible bearing wear
Vacuum Machine,,,,0.264,
Vacuum Machine,,,,0.77,
Vacuum Machine,,,,0.664,
Vacuum Machine,,Insufficient vacuum – possible leak,,0.779,Insufficient vacuum – possible leak
Vacuum Machine,,,,0.745,
Vacuum Machine,Insufficient vacuum – possible leak,Insufficient vacuum – possible leak,Insufficient vacuum – possible leak,0.935,Insufficient vacuum – possible leak
Vacuum Machine,,,,0.817,
Vacuum Machine,Insufficient vacuum – possible leak,Insufficient vacuum – possible leak,Insufficient vacuum – possible leak,0.765,Insufficient vacuum – possible leak
Vacuum Machine,Insufficient vacuum – possible leak,Insufficient vacuum – possible leak,Insufficient vacuum – possible leak,0.841,Insufficient vacuum – possible leak
Vacuum Machine,,,,0.93,
Vacuum Machine,,,,0.783,
Vacuum Machine,,,,0.88,
Vacuum Machine,,,,0.667,
Vacuum Machine,,,,0.863,
Vacuum Machine,,,,0.893,
Vacuum Machine,,,,0.839,
Vacuum Machine,,,,0.718,
Vacuum Machine,Motor overload – possible bearing wear,Motor overload – possible bearing wear,Motor overload – possible bearing wear,0.831,Motor overload – possible bearing wear
Vacuum Machine,Insufficient vacuum – possible leak,Insufficient vacuum – possible leak,Insufficient vacuum – possible leak,0.633,Insufficient vacuum – possible leak
Vacuum Machine,,,,0.772,
Vacuum Machine,,,,0.927,
Vacuum Machine,Insufficient vacuum – possible leak,Insufficient vacuum – possible leak,Insufficient vacuum – possible leak,0.929,Insufficient vacuum – possible leak
Vacuum Machine,Insufficient vacuum – possible leak,Insufficient vacuum – possible leak,Insufficient vacuum – possible leak,0.648,Insufficient vacuum – possible leak
Vacuum Machine,,,,0.311,
Vacuum Machine,,,,0.751,
Vacuum Machine,,,,0.767,
Vacuum Machine,,,,0.859,
Vacuum Machine,,,,0.604,
Vacuum Machine,,,,0.927,
Vacuum Machine,Motor overload – possible bearing wear,,Motor overload – possible bearing wear,0.879,Motor overload – possible bearing wear
Vacuum Machine,,,,0.76,
Vacuum Machine,,,,0.858,
Vacuum Machine,Motor overload – possible bearing wear,Motor overload – possible bearing wear,Motor overload – possible bearing wear,0.794,Motor overload – possible bearing wear
Vacuum Machine,Insufficient vacuum – possible leak,Insufficient vacuum – possible leak,Insufficient vacuum – possible leak,0.855,Insufficient vacuum – possible leak
Vacuum Machine,,,,0.733,
Vacuum Machine,,Motor overload – possible bearing wear,,0.943,Motor overload – possible bearing wear
Vacuum Machine,Motor overload – possible bearing wear,Motor overload – possible bearing wear,Motor overload – possible bearing wear,0.945,Motor overload – possible bearing wear
Vacuum Machine,Motor overload – possible bearing wear,,Motor overload – possible bearing wear,0.915,Motor overload – possible bearing wear
Vacuum Machine,,,General performance degradation,0.396,General performance degradation
Vacuum Machine,,,,0.698,
Vacuum Machine,,,,0.754,
Vacuum Machine,,,,0.667,
Vacuum Machine,,,,0.332,
Vacuum Machine,Motor overload – possible bearing wear,Motor overload – possible bearing wear,Motor overload – possible bearing wear,0.809,Motor overload – possible bearing wear
Vacuum Machine,,Motor overload – possible bearing wear,,0.261,Motor overload – possible bearing wear
Vacuum Machine,,,,0.88,
Vacuum Machine,,,,0.67,
Vacuum Machine,,,,0.696,
Vacuum Machine,,,,0.702,
Vacuum Machine,,,,0.629,
Vacuum Machine,,,,0.784,
Vacuum Machine,,,,0.641,
Vacuum Machine,,,,0.289,
Vacuum Machine,Motor overload – possible bearing wear,,Motor overload – possible bearing wear,0.838,Motor overload – possible bearing wear
Vacuum Machine,Motor overload – possible bearing wear,Motor overload – possible bearing wear,Motor overload – possible bearing wear,0.679,Motor overload – possible bearing wear
Vacuum Machine,,,,0.827,
Vacuum Machine,,,,0.902,
Vacuum Machine,,,,0.686,
Vacuum Machine,,,,0.798,
Vacuum Machine,,,,0.858,
Vacuum Machine,,,,0.714,
Vacuum Machine,,,,0.944,
Vacuum Machine,,Motor overload – possible bearing wear,,0.611,Motor overload – possible bearing wear
Vacuum Machine,Motor overload – possible bearing wear,,Motor overload – possible bearing wear,0.808,Motor overload – possible bearing wear
Vacuum Machine,Motor overload – possible bearing wear,,Motor overload – possible bearing wear,0.847,Motor overload – possible bearing wear
Vacuum Machine,,,,0.682,
Vacuum Machine,,,,0.766,
Vacuum Machine,,,,0.738,
Vacuum Machine,,,,0.695,
Vacuum Machine,,,,0.295,
Vacuum Machine,Motor overload – possible bearing wear,Motor overload – possible bearing wear,Motor overload – possible bearing wear,0.871,Motor overload – possible bearing wear
Vacuum Machine,Motor overload – possible bearing wear,Motor overload – possible bearing wear,Motor overload – possible bearing wear,0.672,Motor overload – possible bearing wear
Vacuum Machine,Motor overload – possible bearing wear,Motor overload – possible bearing wear,Motor overload – possible bearing wear,0.792,Motor overload – possible bearing wear
Vacuum Machine,,,,0.88,
Vacuum Machine,,,,0.816,
Vacuum Machine,,,,0.855,
Vacuum Machine,,,,0.802,
Vacuum Machine,,,,0.876,
Vacuum Machine,,,,0.299,
Vacuum Machine,,,,0.83,
Vacuum Machine,Insufficient vacuum – possible leak,Insufficient vacuum – possible leak,Unexpected power fluctuation,0.354,Insufficient vacuum – possible leak
Vacuum Machine,Insufficient vacuum – possible leak,,Insufficient vacuum – possible leak,0.614,Insufficient vacuum – possible leak
Vacuum Machine,,,,0.752,
Vacuum Machine,,,Control system instability,0.438,Control system instability
Vacuum Machine,,,,0.829,
Vacuum Machine,,,,0.745,
Vacuum Machine,,,,0.255,
Vacuum Machine,Motor overload – possible bearing wear,Motor overload – possible bearing wear,Motor overload – possible bearing wear,0.714,Motor overload – possible bearing wear
Vacuum Machine,Motor overload – possible bearing wear,Motor overload – possible bearing wear,,0.372,Motor overload – possible bearing wear
Vacuum Machine,,Motor overload – possible bearing wear,,0.913,Motor overload – possible bearing wear
Vacuum Machine,,,Sensor calibration issue,0.444,Sensor calibration issue
Vacuum Machine,,,,0.913,
Vacuum Machine,,,,0.613,
Vacuum Machine,Motor overload – possible bearing wear,Motor overload – possible bearing wear,Sensor calibration issue,0.321,Motor overload – possible bearing wear
Vacuum Machine,,,,0.687,
Vacuum Machine,,,,0.939,
Vacuum Machine,,,,0.634,
Vacuum Machine,Motor overload – possible bearing wear,Motor overload – possible bearing wear,Motor overload – possible bearing wear,0.706,Motor overload – possible bearing wear
Vacuum Machine,,,,0.772,
Vacuum Machine,,,,0.744,
Vacuum Machine,,,,0.808,
Vacuum Machine,,,,0.84,
Vacuum Machine,,,,0.31,
Vacuum Machine,,,,0.61,
Vacuum Machine,,,,0.799,
Vacuum Machine,Motor overload – possible bearing wear,,Motor overload – possible bearing wear,0.676,Motor overload – possible bearing wear
Vacuum Machine,,,,0.826,
Vacuum Machine,,,,0.814,
Vacuum Machine,,,General performance degradation,0.301,General performance degradation
Vacuum Machine,,,,0.746,
Vacuum Machine,,,,0.61,
Vacuum Machine,,,,0.637,
Vacuum Machine,,,,0.933,
Vacuum Machine,Insufficient vacuum – possible leak,Insufficient vacuum – possible leak,Insufficient vacuum – possible leak,0.72,Insufficient vacuum – possible leak
Vacuum Machine,,,,0.872,
Vacuum Machine,,,,0.688,
Vacuum Machine,Insufficient vacuum – possible leak,Insufficient vacuum – possible leak,Insufficient vacuum – possible leak,0.844,Insufficient vacuum – possible leak
Vacuum Machine,Insufficient vacuum – possible leak,Insufficient vacuum – possible leak,Insufficient vacuum – possible leak,0.938,Insufficient vacuum – possible leak
Vacuum Machine,Motor overload – possible bearing wear,Motor overload – possible bearing wear,Motor overload – possible bearing wear,0.873,Motor overload – possible bearing wear
Vacuum Machine,,,,0.853,
Vacuum Machine,,,,0.913,
Vacuum Machine,Motor overload – possible bearing wear,Motor overload – possible bearing wear,Motor overload – possible bearing wear,0.787,Motor overload – possible bearing wear
Vacuum Machine,,,,0.745,
Vacuum Machine,,,,0.894,
Vacuum Machine,Motor overload – possible bearing wear,Motor overload – possible bearing wear,Motor overload – possible bearing wear,0.656,Motor overload – possible bearing wear
Vacuum Machine,,,,0.827,
Vacuum Machine,,,,0.922,
Vacuum Machine,,,,0.618,
Vacuum Machine,,,,0.747,
Vacuum Machine,,,,0.825,
Vacuum Machine,,,,0.91,
Vacuum Machine,,,,0.835,
Vacuum Machine,,Insufficient vacuum – possible leak,,0.744,Insufficient vacuum – possible leak
Vacuum Machine,Insufficient vacuum – possible leak,Insufficient vacuum – possible leak,Insufficient vacuum – possible leak,0.897,Insufficient vacuum – possible leak
Vacuum Machine,Insufficient vacuum – possible leak,Insufficient vacuum – possible leak,,0.287,Insufficient vacuum – possible leak
Vacuum Machine,Motor overload – possible bearing wear,Motor overload – possible bearing wear,Motor overload – possible bearing wear,0.651,Motor overload – possible bearing wear
Vacuum Machine,,,,0.85,
Vacuum Machine,,,,0.61,
Vacuum Machine,Insufficient vacuum – possible leak,Insufficient vacuum – possible leak,Insufficient vacuum – possible leak,0.647,Insufficient vacuum – possible leak
Vacuum Machine,,,,0.832,
Vacuum Machine,,,,0.63,
Vacuum Machine,,,,0.338,
Vacuum Machine,,,,0.265,
Vacuum Machine,,,,0.758,
Vacuum Machine,,,,0.75,
Vacuum Machine,,,,0.777,
Vacuum Machine,Insufficient vacuum – possible leak,Insufficient vacuum – possible leak,Insufficient vacuum – possible leak,0.84,Insufficient vacuum – possible leak
Vacuum Machine,,,,0.731,
Vacuum Machine,,,,0.83,
Vacuum Machine,,,,0.78,
Vacuum Machine,,,,0.868,
Vacuum Machine,,,,0.777,
Vacuum Machine,,,,0.793,
Vacuum Machine,,,,0.658,
Vacuum Machine,Motor overload – possible bearing wear,Motor overload – possible bearing wear,Motor overload – possible bearing wear,0.948,Motor overload – possible bearing wear
Vacuum Machine,,,,0.675,
Vacuum Machine,,,,0.656,
Vacuum Machine,Motor overload – possible bearing wear,Motor overload – possible bearing wear,Motor overload – possible bearing wear,0.729,Motor overload – possible bearing wear
Vacuum Machine,,,,0.905,
Vacuum Machine,,,,0.695,
Vacuum Machine,,Insufficient vacuum – possible leak,,0.934,Insufficient vacuum – possible leak
Vacuum Machine,,,,0.752,
Vacuum Machine,,,,0.838,
Vacuum Machine,,,,0.744,
Vacuum Machine,,,,0.86,
Vacuum Machine,Insufficient vacuum – possible leak,Insufficient vacuum – possible leak,Insufficient vacuum – possible leak,0.928,Insufficient vacuum – possible leak
Vacuum Machine,Insufficient vacuum – possible leak,Insufficient vacuum – possible leak,Insufficient vacuum – possible leak,0.908,Insufficient vacuum – possible leak
Vacuum Machine,,,,0.242,
Vacuum Machine,,,,0.945,
Vacuum Machine,Motor overload – possible bearing wear,Motor overload – possible bearing wear,Motor overload – possible bearing wear,0.835,Motor overload – possible bearing wear
Vacuum Machine,,,,0.644,
Vacuum Machine,,Insufficient vacuum – possible leak,,0.885,Insufficient vacuum – possible leak
Vacuum Machine,,,,0.842,
Vacuum Machine,Motor overload – possible bearing wear,Motor overload – possible bearing wear,Motor overload – possible bearing wear,0.614,Motor overload – possible bearing wear
Vacuum Machine,,,,0.889,
Vacuum Machine,,,,0.707,
Vacuum Machine,,,Unexpected power fluctuation,0.31,Unexpected power fluctuation
Vacuum Machine,,,,0.792,
Vacuum Machine,Motor overload – possible bearing wear,Motor overload – possible bearing wear,Motor overload – possible bearing wear,0.933,Motor overload – possible bearing wear
Vacuum Machine,,,,0.303,
Vacuum Machine,Motor overload – possible bearing wear,Motor overload – possible bearing wear,Motor overload – possible bearing wear,0.617,Motor overload – possible bearing wear
Vacuum Machine,,,Sensor calibration issue,0.367,Sensor calibration issue
Vacuum Machine,,,,0.726,
Vacuum Machine,,,,0.749,
Vacuum Machine,Motor overload – possible bearing wear,Motor overload – possible bearing wear,Motor overload – possible bearing wear,0.878,Motor overload – possible bearing wear
Vacuum Machine,,,,0.922,
Vacuum Machine,Insufficient vacuum – possible leak,Insufficient vacuum – possible leak,Insufficient vacuum – possible leak,0.936,Insufficient vacuum – possible leak
Vacuum Machine,,,,0.936,
Vacuum Machine,Motor overload – possible bearing wear,,Motor overload – possible bearing wear,0.884,Motor overload – possible bearing wear
Vacuum Machine,Insufficient vacuum – possible leak,Insufficient vacuum – possible leak,Insufficient vacuum – possible leak,0.806,Insufficient vacuum – possible leak
Vacuum Machine,,,,0.811,
Vacuum Machine,,,,0.64,
Vacuum Machine,Motor overload – possible bearing wear,Motor overload – possible bearing wear,Unexpected power fluctuation,0.436,Motor overload – possible bearing wear
Vacuum Machine,,,,0.862,
Vacuum Machine,,,,0.688,
Vacuum Machine,,,,0.747,
Vacuum Machine,,,,0.717,
Vacuum Machine,,,,0.783,
Vacuum Machine,,Motor overload – possible bearing wear,,0.643,Motor overload – possible bearing wear
Vacuum Machine,,,,0.811,
Vacuum Machine,Insufficient vacuum – possible leak,Insufficient vacuum – possible leak,Insufficient vacuum – possible leak,0.871,Insufficient vacuum – possible leak
Vacuum Machine,,,,0.81,
Vacuum Machine,,,,0.647,
Vacuum Machine,,,,0.927,
Vacuum Machine,,Motor overload – possible bearing wear,,0.762,Motor overload – possible bearing wear
Vacuum Machine,,,,0.929,
Vacuum Machine,,,,0.849,
Vacuum Machine,,,,0.718,
Vacuum Machine,,,,0.902,
Vacuum Machine,Insufficient vacuum – possible leak,Insufficient vacuum – possible leak,Insufficient vacuum – possible leak,0.645,Insufficient vacuum – possible leak
Vacuum Machine,,,,0.601,
Vacuum Machine,Motor overload – possible bearing wear,Motor overload – possible bearing wear,Unexpected power fluctuation,0.368,Motor overload – possible bearing wear
Vacuum Machine,,,,0.674,
Vacuum Machine,Motor overload – possible bearing wear,Motor overload – possible bearing wear,General performance degradation,0.41,Motor overload – possible bearing wear
Vacuum Machine,Insufficient vacuum – possible leak,Insufficient vacuum – possible leak,Insufficient vacuum – possible leak,0.885,Insufficient vacuum – possible leak
Vacuum Machine,,,,0.716,
Vacuum Machine,,,,0.685,
Vacuum Machine,,Insufficient vacuum – possible leak,,0.703,Insufficient vacuum – possible leak
Vacuum Machine,,,,0.833,
Vacuum Machine,,,,0.836,
Vacuum Machine,Insufficient vacuum – possible leak,Insufficient vacuum – possible leak,Insufficient vacuum – possible leak,0.691,Insufficient vacuum – possible leak
Vacuum Machine,Motor overload – possible bearing wear,Motor overload – possible bearing wear,Motor overload – possible bearing wear,0.716,Motor overload – possible bearing wear
Vacuum Machine,,,,0.682,
Vacuum Machine,,,,0.308,
Vacuum Machine,,,,0.764,
Vacuum Machine,Motor overload – possible bearing wear,Motor overload – possible bearing wear,Motor overload – possible bearing wear,0.63,Motor overload – possible bearing wear
Vacuum Machine,,,,0.283,
Vacuum Machine,,Motor overload – possible bearing wear,,0.874,Motor overload – possible bearing wear
Vacuum Machine,Insufficient vacuum – possible leak,Insufficient vacuum – possible leak,,0.369,Insufficient vacuum – possible leak
Vacuum Machine,Motor overload – possible bearing wear,Motor overload – possible bearing wear,Motor overload – possible bearing wear,0.802,Motor overload – possible bearing wear
Vacuum Machine,,,,0.874,
Vacuum Machine,Motor overload – possible bearing wear,Motor overload – possible bearing wear,Motor overload – possible bearing wear,0.782,Motor overload – possible bearing wear
Vacuum Machine,,,,0.746,
Vacuum Machine,,,,0.898,
Vacuum Machine,,,,0.816,
Vacuum Machine,,,,0.867,
Vacuum Machine,Motor overload – possible bearing wear,Motor overload – possible bearing wear,Motor overload – possible bearing wear,0.784,Motor overload – possible bearing wear
Vacuum Machine,Insufficient vacuum – possible leak,Insufficient vacuum – possible leak,Insufficient vacuum – possible leak,0.732,Insufficient vacuum – possible leak
Vacuum Machine,Motor overload – possible bearing wear,Motor overload – possible bearing wear,Motor overload – possible bearing wear,0.775,Motor overload – possible bearing wear
Vacuum Machine,,,,0.908,
Vacuum Machine,,,,0.342,
Vacuum Machine,,,,0.808,
Vacuum Machine,Motor overload – possible bearing wear,Motor overload – possible bearing wear,Motor overload – possible bearing wear,0.726,Motor overload – possible bearing wear
Vacuum Machine,,,,0.743,
Vacuum Machine,,,,0.697,
Vacuum Machine,,,,0.263,
Vacuum Machine,,,,0.814,
Vacuum Machine,,,,0.752,
Vacuum Machine,,,,0.745,
Vacuum Machine,,,,0.664,
Vacuum Machine,,,,0.741,
Vacuum Machine,,,,0.82,
Vacuum Machine,,,Control system instability,0.467,Control system instability
Vacuum Machine,,,Unexpected power fluctuation,0.383,Unexpected power fluctuation
Vacuum Machine,,,,0.329,
Vacuum Machine,,,,0.765,
Vacuum Machine,,,,0.656,
Vacuum Machine,,,,0.662,
Vacuum Machine,Motor overload – possible bearing wear,Motor overload – possible bearing wear,Motor overload – possible bearing wear,0.77,Motor overload – possible bearing wear
Vacuum Machine,Insufficient vacuum – possible leak,Insufficient vacuum – possible leak,Insufficient vacuum – possible leak,0.894,Insufficient vacuum – possible leak
Vacuum Machine,,Motor overload – possible bearing wear,,0.3,Motor overload – possible bearing wear
Vacuum Machine,,,,0.688,
Vacuum Machine,,,,0.285,
Vacuum Machine,,,,0.348,
Vacuum Machine,,,,0.617,
Vacuum Machine,,,,0.855,
Vacuum Machine,,,,0.743,
Vacuum Machine,,,,0.356,
Vacuum Machine,,,,0.797,
Vacuum Machine,,,,0.821,
Vacuum Machine,,,,0.887,
Vacuum Machine,Insufficient vacuum – possible leak,Insufficient vacuum – possible leak,,0.331,Insufficient vacuum – possible leak
Vacuum Machine,,,,0.937,
Vacuum Machine,,,,0.654,
Vacuum Machine,,,,0.669,
Vacuum Machine,,,,0.614,
Vacuum Machine,,,,0.601,
Vacuum Machine,,,,0.84,
Vacuum Machine,,,,0.844,
Vacuum Machine,,,,0.835,
Vacuum Machine,Motor overload – possible bearing wear,Motor overload – possible bearing wear,Motor overload – possible bearing wear,0.849,Motor overload – possible bearing wear
Vacuum Machine,,,,0.824,
Vacuum Machine,,,,0.604,
Vacuum Machine,,,,0.89,
Vacuum Machine,,,,0.61,
Vacuum Machine,Motor overload – possible bearing wear,,Motor overload – possible bearing wear,0.814,Motor overload – possible bearing wear
Vacuum Machine,,,,0.694,
Vacuum Machine,,,,0.665,
Vacuum Machine,,,,0.678,
Vacuum Machine,,,,0.275,
Vacuum Machine,Motor overload – possible bearing wear,,Motor overload – possible bearing wear,0.604,Motor overload – possible bearing wear
Vacuum Machine,,,,0.916,
Vacuum Machine,,,,0.817,
Vacuum Machine,Motor overload – possible bearing wear,Motor overload – possible bearing wear,,0.278,Motor overload – possible bearing wear
Vacuum Machine,,,,0.69,
Vacuum Machine,,,,0.327,
Vacuum Machine,Insufficient vacuum – possible leak,Insufficient vacuum – possible leak,General performance degradation,0.342,Insufficient vacuum – possible leak
Vacuum Machine,Insufficient vacuum – possible leak,Insufficient vacuum – possible leak,,0.25,Insufficient vacuum – possible leak
Vacuum Machine,,,,0.771,
Vacuum Machine,Motor overload – possible bearing wear,Motor overload – possible bearing wear,Motor overload – possible bearing wear,0.645,Motor overload – possible bearing wear
Vacuum Machine,Motor overload – possible bearing wear,,Motor overload – possible bearing wear,0.734,Motor overload – possible bearing wear
Vacuum Machine,,,,0.664,
Vacuum Machine,Motor overload – possible bearing wear,Motor overload – possible bearing wear,Motor overload – possible bearing wear,0.646,Motor overload – possible bearing wear
Vacuum Machine,,Motor overload – possible bearing wear,,0.797,Motor overload – possible bearing wear
Vacuum Machine,Insufficient vacuum – possible leak,Insufficient vacuum – possible leak,Insufficient vacuum – possible leak,0.807,Insufficient vacuum – possible leak
Vacuum Machine,Motor overload – possible bearing wear,Motor overload – possible bearing wear,Motor overload – possible bearing wear,0.903,Motor overload – possible bearing wear
Vacuum Machine,Motor overload – possible bearing wear,Motor overload – possible bearing wear,Motor overload – possible bearing wear,0.882,Motor overload – possible bearing wear
Vacuum Machine,,,,0.312,
Vacuum Machine,,,,0.884,
Vacuum Machine,,,,0.91,
Vacuum Machine,,,,0.765,
Vacuum Machine,Insufficient vacuum – possible leak,Insufficient vacuum – possible leak,Insufficient vacuum – possible leak,0.646,Insufficient vacuum – possible leak
Vacuum Machine,Insufficient vacuum – possible leak,Insufficient vacuum – possible leak,,0.314,Insufficient vacuum – possible leak
Vacuum Machine,,,,0.789,
Vacuum Machine,,,,0.865,
Vacuum Machine,Insufficient vacuum – possible leak,Insufficient vacuum – possible leak,Insufficient vacuum – possible leak,0.86,Insufficient vacuum – possible leak
Vacuum Machine,,,,0.822,
Vacuum Machine,,,,0.68,
Vacuum Machine,,,,0.895,
Vacuum Machine,,,,0.933,
Vacuum Machine,Motor overload – possible bearing wear,Motor overload – possible bearing wear,Motor overload – possible bearing wear,0.863,Motor overload – possible bearing wear
Vacuum Machine,,,,0.78,
Vacuum Machine,Insufficient vacuum – possible leak,Insufficient vacuum – possible leak,Insufficient vacuum – possible leak,0.78,Insufficient vacuum – possible leak
Vacuum Machine,,,,0.632,
Vacuum Machine,,,,0.632,
Vacuum Machine,Motor overload – possible bearing wear,Motor overload – possible bearing wear,Motor overload – possible bearing wear,0.814,Motor overload – possible bearing wear
Vacuum Machine,Motor overload – possible bearing wear,Motor overload – possible bearing wear,Motor overload – possible bearing wear,0.743,Motor overload – possible bearing wear
Vacuum Machine,,,,0.833,
Vacuum Machine,,,,0.68,
Vacuum Machine,,,,0.724,
Vacuum Machine,,,,0.623,
Vacuum Machine,,,,0.62,
Vacuum Machine,Insufficient vacuum – possible leak,Insufficient vacuum – possible leak,Insufficient vacuum – possible leak,0.921,Insufficient vacuum – possible leak
Vacuum Machine,,,,0.737,
Vacuum Machine,Insufficient vacuum – possible leak,Insufficient vacuum – possible leak,Insufficient vacuum – possible leak,0.625,Insufficient vacuum – possible leak
Vacuum Machine,,,,0.37,
Vacuum Machine,,,,0.603,
Vacuum Machine,,,,0.811,
Vacuum Machine,,,Unexpected power fluctuation,0.322,Unexpected power fluctuation
Vacuum Machine,,,,0.668,
Vacuum Machine,Insufficient vacuum – possible leak,Insufficient vacuum – possible leak,Insufficient vacuum – possible leak,0.79,Insufficient vacuum – possible leak
Vacuum Machine,,,,0.617,
Vacuum Machine,Motor overload – possible bearing wear,Motor overload – possible bearing wear,Motor overload – possible bearing wear,0.807,Motor overload – possible bearing wear
Vacuum Machine,Insufficient vacuum – possible leak,Insufficient vacuum – possible leak,Insufficient vacuum – possible leak,0.704,Insufficient vacuum – possible leak
Vacuum Machine,,,,0.776,
Vacuum Machine,Insufficient vacuum – possible leak,Insufficient vacuum – possible leak,,0.289,Insufficient vacuum – possible leak
Vacuum Machine,Insufficient vacuum – possible leak,Insufficient vacuum – possible leak,,0.309,Insufficient vacuum – possible leak
Vacuum Machine,Motor overload – possible bearing wear,Motor overload – possible bearing wear,Motor overload – possible bearing wear,0.775,Motor overload – possible bearing wear
Vacuum Machine,,,,0.601,
Vacuum Machine,,,,0.652,
Vacuum Machine,,,,0.615,
Vacuum Machine,,,,0.824,
Vacuum Machine,Insufficient vacuum – possible leak,Insufficient vacuum – possible leak,Insufficient vacuum – possible leak,0.826,Insufficient vacuum – possible leak
Vacuum Machine,Motor overload – possible bearing wear,Motor overload – possible bearing wear,Motor overload – possible bearing wear,0.651,Motor overload – possible bearing wear
Vacuum Machine,,,,0.939,
Vacuum Machine,,,,0.719,
Vacuum Machine,Motor overload – possible bearing wear,,Motor overload – possible bearing wear,0.727,Motor overload – possible bearing wear
Vacuum Machine,Insufficient vacuum – possible leak,Insufficient vacuum – possible leak,Insufficient vacuum – possible leak,0.727,Insufficient vacuum – possible leak
Vacuum Machine,,,,0.861,
Vacuum Machine,Insufficient vacuum – possible leak,,Insufficient vacuum – possible leak,0.949,Insufficient vacuum – possible leak
Vacuum Machine,,,,0.796,
Vacuum Machine,,,,0.731,
Vacuum Machine,,,,0.755,
Vacuum Machine,,,,0.779,
Vacuum Machine,,,,0.365,
Vacuum Machine,,,,0.741,
Vacuum Machine,,,,0.838,
Vacuum Machine,,Insufficient vacuum – possible leak,,0.685,Insufficient vacuum – possible leak
Vacuum Machine,Motor overload – possible bearing wear,Motor overload – possible bearing wear,Motor overload – possible bearing wear,0.64,Motor overload – possible bearing wear
Vacuum Machine,,,,0.604,
Vacuum Machine,,,,0.763,
Vacuum Machine,,,,0.692,
Vacuum Machine,,,,0.898,
Vacuum Machine,Motor overload – possible bearing wear,Motor overload – possible bearing wear,Motor overload – possible bearing wear,0.666,Motor overload – possible bearing wear
Vacuum Machine,Motor overload – possible bearing wear,Motor overload – possible bearing wear,Motor overload – possible bearing wear,0.855,Motor overload – possible bearing wear
Vacuum Machine,,,,0.868,
Vacuum Machine,,,Sensor calibration issue,0.388,Sensor calibration issue
Vacuum Machine,,,,0.293,
Vacuum Machine,Motor overload – possible bearing wear,Motor overload – possible bearing wear,Motor overload – possible bearing wear,0.924,Motor overload – possible bearing wear
Vacuum Machine,,,,0.814,
Vacuum Machine,,,,0.871,
Vacuum Machine,Insufficient vacuum – possible leak,Insufficient vacuum – possible leak,Insufficient vacuum – possible leak,0.707,Insufficient vacuum – possible leak
Vacuum Machine,,,,0.896,
Vacuum Machine,,,,0.851,
Vacuum Machine,,,,0.303,
Vacuum Machine,Insufficient vacuum – possible leak,Insufficient vacuum – possible leak,Insufficient vacuum – possible leak,0.678,Insufficient vacuum – possible leak
Vacuum Machine,,,,0.907,
Vacuum Machine,,,,0.858,
Vacuum Machine,,,,0.28,
Vacuum Machine,,,,0.933,
Vacuum Machine,,,,0.776,
Vacuum Machine,,,,0.749,
Vacuum Machine,,,,0.883,
Vacuum Machine,,Motor overload – possible bearing wear,,0.808,Motor overload – possible bearing wear
Vacuum Machine,Motor overload – possible bearing wear,Motor overload – possible bearing wear,Motor overload – possible bearing wear,0.94,Motor overload – possible bearing wear
Vacuum Machine,,,,0.743,
Vacuum Machine,,,General performance degradation,0.339,General performance degradation
Vacuum Machine,,,,0.724,
Vacuum Machine,,Motor overload – possible bearing wear,Control system instability,0.39,Motor overload – possible bearing wear
Vacuum Machine,Motor overload – possible bearing wear,,Motor overload – possible bearing wear,0.758,Motor overload – possible bearing wear
Vacuum Machine,,,,0.602,
Vacuum Machine,,,,0.944,
Vacuum Machine,,,,0.832,
Vacuum Machine,,,,0.934,
Vacuum Machine,Motor overload – possible bearing wear,Motor overload – possible bearing wear,Motor overload – possible bearing wear,0.786,Motor overload – possible bearing wear
Vacuum Machine,Insufficient vacuum – possible leak,Insufficient vacuum – possible leak,Insufficient vacuum – possible leak,0.722,Insufficient vacuum – possible leak
Vacuum Machine,,,,0.939,
Vacuum Machine,,,,0.358,
Vacuum Machine,Motor overload – possible bearing wear,Motor overload – possible bearing wear,Motor overload – possible bearing wear,0.923,Motor overload – possible bearing wear
Vacuum Machine,,,,0.824,
Vacuum Machine,,,,0.865,
Vacuum Machine,,,,0.824,
Vacuum Machine,Motor overload – possible bearing wear,Motor overload – possible bearing wear,Motor overload – possible bearing wear,0.843,Motor overload – possible bearing wear
Vacuum Machine,,,,0.743,
Vacuum Machine,Motor overload – possible bearing wear,Motor overload – possible bearing wear,Motor overload – possible bearing wear,0.841,Motor overload – possible bearing wear
Vacuum Machine,Motor overload – possible bearing wear,,,0.265,
Vacuum Machine,Motor overload – possible bearing wear,Motor overload – possible bearing wear,Motor overload – possible bearing wear,0.879,Motor overload – possible bearing wear
Vacuum Machine,,,,0.774,
Vacuum Machine,Motor overload – possible bearing wear,Motor overload – possible bearing wear,Motor overload – possible bearing wear,0.852,Motor overload – possible bearing wear
Vacuum Machine,,,,0.646,
Vacuum Machine,Motor overload – possible bearing wear,Motor overload – possible bearing wear,Motor overload – possible bearing wear,0.817,Motor overload – possible bearing wear
Vacuum Machine,,Motor overload – possible bearing wear,,0.932,Motor overload – possible bearing wear
Vacuum Machine,Motor overload – possible bearing wear,Motor overload – possible bearing wear,Motor overload – possible bearing wear,0.869,Motor overload – possible bearing wear
Vacuum Machine,,,,0.934,
Vacuum Machine,,,,0.845,
Vacuum Machine,,Motor overload – possible bearing wear,,0.79,Motor overload – possible bearing wear
Vacuum Machine,,,,0.799,
Vacuum Machine,Insufficient vacuum – possible leak,Insufficient vacuum – possible leak,,0.273,Insufficient vacuum – possible leak
Vacuum Machine,Insufficient vacuum – possible leak,Insufficient vacuum – possible leak,Insufficient vacuum – possible leak,0.764,Insufficient vacuum – possible leak
Vacuum Machine,,,,0.652,
Vacuum Machine,,,,0.809,
Vacuum Machine,,,,0.725,
Vacuum Machine,,,,0.669,
Vacuum Machine,,,,0.864,
Vacuum Machine,Motor overload – possible bearing wear,Motor overload – possible bearing wear,Motor overload – possible bearing wear,0.63,Motor overload – possible bearing wear
Vacuum Machine,Insufficient vacuum – possible leak,Insufficient vacuum – possible leak,Insufficient vacuum – possible leak,0.654,Insufficient vacuum – possible leak
Vacuum Machine,,,,0.853,
Vacuum Machine,Motor overload – possible bearing wear,,Motor overload – possible bearing wear,0.863,Motor overload – possible bearing wear
Vacuum Machine,,,Unexpected power fluctuation,0.359,Unexpected power fluctuation
Vacuum Machine,Motor overload – possible bearing wear,Motor overload – possible bearing wear,Motor overload – possible bearing wear,0.943,Motor overload – possible bearing wear
Vacuum Machine,,,,0.325,
Vacuum Machine,,,,0.335,
Vacuum Machine,,,,0.778,
Vacuum Machine,,,,0.786,
Vacuum Machine,,Insufficient vacuum – possible leak,,0.859,Insufficient vacuum – possible leak
Vacuum Machine,Insufficient vacuum – possible leak,Insufficient vacuum – possible leak,Insufficient vacuum – possible leak,0.638,Insufficient vacuum – possible leak
Vacuum Machine,,,,0.719,
Vacuum Machine,,,,0.787,
Vacuum Machine,,,,0.928,
Vacuum Machine,Motor overload – possible bearing wear,Motor overload – possible bearing wear,Motor overload – possible bearing wear,0.625,Motor overload – possible bearing wear
Vacuum Machine,,,,0.367,
Vacuum Machine,,,,0.916,
Vacuum Machine,Insufficient vacuum – possible leak,Insufficient vacuum – possible leak,Insufficient vacuum – possible leak,0.617,Insufficient vacuum – possible leak
Vacuum Machine,Motor overload – possible bearing wear,Motor overload – possible bearing wear,,0.375,Motor overload – possible bearing wear
Vacuum Machine,,,,0.915,
Vacuum Machine,Motor overload – possible bearing wear,Motor overload – possible bearing wear,Motor overload – possible bearing wear,0.76,Motor overload – possible bearing wear
Vacuum Machine,,,,0.64,
Vacuum Machine,,,Sensor calibration issue,0.419,Sensor calibration issue
Vacuum Machine,Motor overload – possible bearing wear,Motor overload – possible bearing wear,,0.308,Motor overload – possible bearing wear
Vacuum Machine,,Motor overload – possible bearing wear,,0.851,Motor overload – possible bearing wear
Vacuum Machine,,,,0.872,
Vacuum Machine,,,,0.298,
Vacuum Machine,,,,0.858,
Vacuum Machine,,,,0.73,
Vacuum Machine,,,,0.73,
Vacuum Machine,Motor overload – possible bearing wear,Motor overload – possible bearing wear,General performance degradation,0.443,Motor overload – possible bearing wear
Vacuum Machine,Motor overload – possible bearing wear,Motor overload – possible bearing wear,Motor overload – possible bearing wear,0.868,Motor overload – possible bearing wear
Vacuum Machine,,,,0.744,
Vacuum Machine,,,,0.628,
Vacuum Machine,,,,0.938,
Vacuum Machine,Motor overload – possible bearing wear,Motor overload – possible bearing wear,Motor overload – possible bearing wear,0.888,Motor overload – possible bearing wear
Vacuum Machine,,Motor overload – possible bearing wear,,0.771,Motor overload – possible bearing wear
Vacuum Machine,,,,0.82,
Vacuum Machine,Insufficient vacuum – possible leak,Insufficient vacuum – possible leak,Control system instability,0.414,Insufficient vacuum – possible leak
Vacuum Machine,,,,0.864,
Vacuum Machine,,,,0.868,
Vacuum Machine,Insufficient vacuum – possible leak,Insufficient vacuum – possible leak,Insufficient vacuum – possible leak,0.859,Insufficient vacuum – possible leak
Vacuum Machine,,,,0.714,
Vacuum Machine,,,,0.624,
Vacuum Machine,,,,0.947,
Vacuum Machine,,,,0.603,
Vacuum Machine,,,,0.667,
Vacuum Machine,,,,0.747,
Vacuum Machine,,,,0.893,
Vacuum Machine,,,,0.694,
Vacuum Machine,,,,0.933,
Vacuum Machine,,,,0.68,
Vacuum Machine,Motor overload – possible bearing wear,Motor overload – possible bearing wear,Motor overload – possible bearing wear,0.779,Motor overload – possible bearing wear
Vacuum Machine,,,,0.322,
Vacuum Machine,Motor overload – possible bearing wear,Motor overload – possible bearing wear,Motor overload – possible bearing wear,0.815,Motor overload – possible bearing wear
Vacuum Machine,,,,0.751,
Vacuum Machine,,,,0.703,
Vacuum Machine,,,,0.639,
Vacuum Machine,,,General performance degradation,0.463,General performance degradation
Vacuum Machine,,Motor overload – possible bearing wear,,0.286,Motor overload – possible bearing wear
Vacuum Machine,Motor overload – possible bearing wear,Motor overload – possible bearing wear,Motor overload – possible bearing wear,0.662,Motor overload – possible bearing wear
Vacuum Machine,Insufficient vacuum – possible leak,Insufficient vacuum – possible leak,Insufficient vacuum – possible leak,0.905,Insufficient vacuum – possible leak
Vacuum Machine,,,,0.886,
Vacuum Machine,,,,0.646,
Vacuum Machine,Insufficient vacuum – possible leak,Insufficient vacuum – possible leak,,0.299,Insufficient vacuum – possible leak
Vacuum Machine,,,,0.885,
Vacuum Machine,,,,0.942,
Vacuum Machine,,,,0.865,
Vacuum Machine,,,,0.674,
Vacuum Machine,,,,0.682,
Vacuum Machine,Insufficient vacuum – possible leak,Insufficient vacuum – possible leak,Insufficient vacuum – possible leak,0.843,Insufficient vacuum – possible leak
Vacuum Machine,,,,0.724,
Vacuum Machine,Motor overload – possible bearing wear,Motor overload – possible bearing wear,Motor overload – possible bearing wear,0.786,Motor overload – possible bearing wear
Vacuum Machine,Insufficient vacuum – possible leak,Insufficient vacuum – possible leak,Insufficient vacuum – possible leak,0.908,Insufficient vacuum – possible leak
Vacuum Machine,,,,0.74,
Vacuum Machine,,,,0.759,
Vacuum Machine,Motor overload – possible bearing wear,Motor overload – possible bearing wear,Motor overload – possible bearing wear,0.846,Motor overload – possible bearing wear
Vacuum Machine,,,,0.798,
Vacuum Machine,Insufficient vacuum – possible leak,Insufficient vacuum – possible leak,Insufficient vacuum – possible leak,0.892,Insufficient vacuum – possible leak
Vacuum Machine,,,,0.811,
Vacuum Machine,Motor overload – possible bearing wear,Motor overload – possible bearing wear,Motor overload – possible bearing wear,0.851,Motor overload – possible bearing wear
Vacuum Machine,,Motor overload – possible bearing wear,,0.83,Motor overload – possible bearing wear
Vacuum Machine,Motor overload – possible bearing wear,,Motor overload – possible bearing wear,0.642,Motor overload – possible bearing wear
Vacuum Machine,Insufficient vacuum – possible leak,Insufficient vacuum – possible leak,Insufficient vacuum – possible leak,0.719,Insufficient vacuum – possible leak
Vacuum Machine,Insufficient vacuum – possible leak,Insufficient vacuum – possible leak,Insufficient vacuum – possible leak,0.894,Insufficient vacuum – possible leak
Vacuum Machine,,,,0.82,
Vacuum Machine,,,,0.703,
Vacuum Machine,,,,0.71,
Vacuum Machine,Motor overload – possible bearing wear,Motor overload – possible bearing wear,,0.286,Motor overload – possible bearing wear
Vacuum Machine,,,,0.7,
Vacuum Machine,,,,0.868,
Power Distribution,Frequency deviation – possible generator instability,Frequency deviation – possible generator instability,Frequency deviation – possible generator instability,0.734,Frequency deviation – possible generator instability
Power Distribution,Frequency deviation – possible generator instability,Frequency deviation – possible generator instability,Frequency deviation – possible generator instability,0.793,Frequency deviation – possible generator instability
Power Distribution,Frequency deviation – possible generator instability,Frequency deviation – possible generator instability,Frequency deviation – possible generator instability,0.641,Frequency deviation – possible generator instability
Power Distribution,Frequency deviation – possible generator instability,Frequency deviation – possible generator instability,Frequency deviation – possible generator instability,0.608,Frequency deviation – possible generator instability
Power Distribution,Frequency deviation – possible generator instability,Frequency deviation – possible generator instability,Frequency deviation – possible generator instability,0.931,Frequency deviation – possible generator instability
Power Distribution,Frequency deviation – possible generator instability,Frequency deviation – possible generator instability,Frequency deviation – possible generator instability,0.621,Frequency deviation – possible generator instability
Power Distribution,Frequency deviation – possible generator instability,Frequency deviation – possible generator instability,Frequency deviation – possible generator instability,0.898,Frequency deviation – possible generator instability
Power Distribution,Frequency deviation – possible generator instability,Frequency deviation – possible generator instability,Frequency deviation – possible generator instability,0.717,Frequency deviation – possible generator instability
Power Distribution,Frequency deviation – possible generator instability,Frequency deviation – possible generator instability,Frequency deviation – possible generator instability,0.862,Frequency deviation – possible generator instability
Power Distribution,Frequency deviation – possible generator instability,Frequency deviation – possible generator instability,Frequency deviation – possible generator instability,0.732,Frequency deviation – possible generator instability
Power Distribution,Frequency deviation – possible generator instability,Frequency deviation – possible generator instability,Frequency deviation – possible generator instability,0.646,Frequency deviation – possible generator instability
Power Distribution,Frequency deviation – possible generator instability,Frequency deviation – possible generator instability,Frequency deviation – possible generator instability,0.685,Frequency deviation – possible generator instability
Power Distribution,Frequency deviation – possible generator instability,Frequency deviation – possible generator instability,Frequency deviation – possible generator instability,0.663,Frequency deviation – possible generator instability
Power Distribution,Undervoltage under high load – possible transformer degradation,Undervoltage under high load – possible transformer degradation,Undervoltage under high load – possible transformer degradation,0.682,Undervoltage under high load – possible transformer degradation
Power Distribution,Frequency deviation – possible generator instability,Frequency deviation – possible generator instability,,0.379,Frequency deviation – possible generator instability
Power Distribution,Frequency deviation – possible generator instability,Frequency deviation – possible generator instability,Frequency deviation – possible generator instability,0.808,Frequency deviation – possible generator instability
Power Distribution,Frequency deviation – possible generator instability,Frequency deviation – possible generator instability,Frequency deviation – possible generator instability,0.87,Frequency deviation – possible generator instability
Power Distribution,Frequency deviation – possible generator instability,Frequency deviation – possible generator instability,Frequency deviation – possible generator instability,0.719,Frequency deviation – possible generator instability
Power Distribution,Undervoltage under high load – possible transformer degradation,Undervoltage under high load – possible transformer degradation,Undervoltage under high load – possible transformer degradation,0.817,Undervoltage under high load – possible transformer degradation
Power Distribution,Frequency deviation – possible generator instability,Frequency deviation – possible generator instability,Frequency deviation – possible generator instability,0.884,Frequency deviation – possible generator instability
Power Distribution,Frequency deviation – possible generator instability,Frequency deviation – possible generator instability,Frequency deviation – possible generator instability,0.658,Frequency deviation – possible generator instability
Power Distribution,Frequency deviation – possible generator instability,Frequency deviation – possible generator instability,Frequency deviation – possible generator instability,0.672,Frequency deviation – possible generator instability
Power Distribution,Frequency deviation – possible generator instability,Frequency deviation – possible generator instability,,0.344,Frequency deviation – possible generator instability
Power Distribution,Frequency deviation – possible generator instability,Frequency deviation – possible generator instability,Frequency deviation – possible generator instability,0.796,Frequency deviation – possible generator instability
Power Distribution,Frequency deviation – possible generator instability,Frequency deviation – possible generator instability,Frequency deviation – possible generator instability,0.838,Frequency deviation – possible generator instability
Power Distribution,Frequency deviation – possible generator instability,Frequency deviation – possible generator instability,,0.247,Frequency deviation – possible generator instability
Power Distribution,Frequency deviation – possible generator instability,Frequency deviation – possible generator instability,Frequency deviation – possible generator instability,0.776,Frequency deviation – possible generator instability
Power Distribution,Undervoltage under high load – possible transformer degradation,Undervoltage under high load – possible transformer degradation,Control system instability,0.41,Undervoltage under high load – possible transformer degradation
Power Distribution,Frequency deviation – possible generator instability,Frequency deviation – possible generator instability,Frequency deviation – possible generator instability,0.764,Frequency deviation – possible generator instability
Power Distribution,Frequency deviation – possible generator instability,Frequency deviation – possible generator instability,Frequency deviation – possible generator instability,0.73,Frequency deviation – possible generator instability
Power Distribution,Frequency deviation – possible generator instability,Frequency deviation – possible generator instability,Frequency deviation – possible generator instability,0.852,Frequency deviation – possible generator instability
Power Distribution,Frequency deviation – possible generator instability,Frequency deviation – possible generator instability,Frequency deviation – possible generator instability,0.628,Frequency deviation – possible generator instability
Power Distribution,Frequency deviation – possible generator instability,Frequency deviation – possible generator instability,Frequency deviation – possible generator instability,0.648,Frequency deviation – possible generator instability
Power Distribution,Frequency deviation – possible generator instability,Frequency deviation – possible generator instability,Frequency deviation – possible generator instability,0.906,Frequency deviation – possible generator instability
Power Distribution,Frequency deviation – possible generator instability,Frequency deviation – possible generator instability,Frequency deviation – possible generator instability,0.711,Frequency deviation – possible generator instability
Power Distribution,Frequency deviation – possible generator instability,Frequency deviation – possible generator instability,Frequency deviation – possible generator instability,0.868,Frequency deviation – possible generator instability
Power Distribution,Frequency deviation – possible generator instability,Frequency deviation – possible generator instability,Frequency deviation – possible generator instability,0.815,Frequency deviation – possible generator instability
Power Distribution,Frequency deviation – possible generator instability,Frequency deviation – possible generator instability,Frequency deviation – possible generator instability,0.733,Frequency deviation – possible generator instability
Power Distribution,Frequency deviation – possible generator instability,Frequency deviation – possible generator instability,Frequency deviation – possible generator instability,0.616,Frequency deviation – possible generator instability
Power Distribution,Frequency deviation – possible generator instability,Frequency deviation – possible generator instability,Frequency deviation – possible generator instability,0.776,Frequency deviation – possible generator instability
Power Distribution,Frequency deviation – possible generator instability,Frequency deviation – possible generator instability,Frequency deviation – possible generator instability,0.735,Frequency deviation – possible generator instability
Power Distribution,Frequency deviation – possible generator instability,Frequency deviation – possible generator instability,Frequency deviation – possible generator instability,0.782,Frequency deviation – possible generator instability
Power Distribution,Frequency deviation – possible generator instability,Frequency deviation – possible generator instability,Frequency deviation – possible generator instability,0.697,Frequency deviation – possible generator instability
Power Distribution,Frequency deviation – possible generator instability,Frequency deviation – possible generator instability,Frequency deviation – possible generator instability,0.813,Frequency deviation – possible generator instability
Power Distribution,Frequency deviation – possible generator instability,Frequency deviation – possible generator instability,Frequency deviation – possible generator instability,0.721,Frequency deviation – possible generator instability
Power Distribution,Frequency deviation – possible generator instability,Frequency deviation – possible generator instability,Frequency deviation – possible generator instability,0.669,Frequency deviation – possible generator instability
Power Distribution,Frequency deviation – possible generator instability,Frequency deviation – possible generator instability,Frequency deviation – possible generator instability,0.927,Frequency deviation – possible generator instability
Power Distribution,Frequency deviation – possible generator instability,Frequency deviation – possible generator instability,Unexpected power fluctuation,0.339,Frequency deviation – possible generator instability
Power Distribution,Frequency deviation – possible generator instability,Frequency deviation – possible generator instability,Frequency deviation – possible generator instability,0.733,Frequency deviation – possible generator instability
Power Distribution,Undervoltage under high load – possible transformer degradation,Undervoltage under high load – possible transformer degradation,Undervoltage under high load – possible transformer degradation,0.717,Undervoltage under high load – possible transformer degradation
Power Distribution,Frequency deviation – possible generator instability,Frequency deviation – possible generator instability,Frequency deviation – possible generator instability,0.849,Frequency deviation – possible generator instability
Power Distribution,Undervoltage under high load – possible transformer degradation,Undervoltage under high load – possible transformer degradation,Undervoltage under high load – possible transformer degradation,0.677,Undervoltage under high load – possible transformer degradation
Power Distribution,Frequency deviation – possible generator instability,Frequency deviation – possible generator instability,Frequency deviation – possible generator instability,0.698,Frequency deviation – possible generator instability
Power Distribution,Frequency deviation – possible generator instability,Frequency deviation – possible generator instability,Frequency deviation – possible generator instability,0.607,Frequency deviation – possible generator instability
Power Distribution,Frequency deviation – possible generator instability,Frequency deviation – possible generator instability,Frequency deviation – possible generator instability,0.672,Frequency deviation – possible generator instability
Power Distribution,Frequency deviation – possible generator instability,Frequency deviation – possible generator instability,Frequency deviation – possible generator instability,0.604,Frequency deviation – possible generator instability
Power Distribution,Frequency deviation – possible generator instability,Frequency deviation – possible generator instability,Frequency deviation – possible generator instability,0.775,Frequency deviation – possible generator instability
Power Distribution,Frequency deviation – possible generator instability,Frequency deviation – possible generator instability,Frequency deviation – possible generator instability,0.801,Frequency deviation – possible generator instability
Power Distribution,Frequency deviation – possible generator instability,Frequency deviation – possible generator instability,,0.368,Frequency deviation – possible generator instability
Power Distribution,Frequency deviation – possible generator instability,Frequency deviation – possible generator instability,Frequency deviation – possible generator instability,0.656,Frequency deviation – possible generator instability
Power Distribution,Frequency deviation – possible generator instability,Frequency deviation – possible generator instability,,0.294,Frequency deviation – possible generator instability
Power Distribution,Frequency deviation – possible generator instability,Frequency deviation – possible generator instability,Frequency deviation – possible generator instability,0.721,Frequency deviation – possible generator instability
Power Distribution,Frequency deviation – possible generator instability,Frequency deviation – possible generator instability,Frequency deviation – possible generator instability,0.751,Frequency deviation – possible generator instability
Power Distribution,Frequency deviation – possible generator instability,Frequency deviation – possible generator instability,Frequency deviation – possible generator instability,0.629,Frequency deviation – possible generator instability
Power Distribution,Frequency deviation – possible generator instability,Frequency deviation – possible generator instability,Frequency deviation – possible generator instability,0.851,Frequency deviation – possible generator instability
Power Distribution,Frequency deviation – possible generator instability,Frequency deviation – possible generator instability,Frequency deviation – possible generator instability,0.763,Frequency deviation – possible generator instability
Power Distribution,Frequency deviation – possible generator instability,Frequency deviation – possible generator instability,,0.27,Frequency deviation – possible generator instability
Power Distribution,Frequency deviation – possible generator instability,Frequency deviation – possible generator instability,Frequency deviation – possible generator instability,0.635,Frequency deviation – possible generator instability
Power Distribution,Frequency deviation – possible generator instability,Frequency deviation – possible generator instability,,0.287,Frequency deviation – possible generator instability
Power Distribution,Frequency deviation – possible generator instability,Frequency deviation – possible generator instability,Frequency deviation – possible generator instability,0.779,Frequency deviation – possible generator instability
Power Distribution,Frequency deviation – possible generator instability,Frequency deviation – possible generator instability,Frequency deviation – possible generator instability,0.694,Frequency deviation – possible generator instability
Power Distribution,Frequency deviation – possible generator instability,Frequency deviation – possible generator instability,Frequency deviation – possible generator instability,0.821,Frequency deviation – possible generator instability
Power Distribution,Frequency deviation – possible generator instability,Frequency deviation – possible generator instability,Frequency deviation – possible generator instability,0.87,Frequency deviation – possible generator instability
Power Distribution,Frequency deviation – possible generator instability,Frequency deviation – possible generator instability,Frequency deviation – possible generator instability,0.762,Frequency deviation – possible generator instability
Power Distribution,Frequency deviation – possible generator instability,Frequency deviation – possible generator instability,Frequency deviation – possible generator instability,0.815,Frequency deviation – possible generator instability
Power Distribution,Frequency deviation – possible generator instability,Frequency deviation – possible generator instability,Frequency deviation – possible generator instability,0.941,Frequency deviation – possible generator instability
Power Distribution,Undervoltage under high load – possible transformer degradation,Undervoltage under high load – possible transformer degradation,Undervoltage under high load – possible transformer degradation,0.704,Undervoltage under high load – possible transformer degradation
Power Distribution,Frequency deviation – possible generator instability,Frequency deviation – possible generator instability,Frequency deviation – possible generator instability,0.93,Frequency deviation – possible generator instability
Power Distribution,Frequency deviation – possible generator instability,Frequency deviation – possible generator instability,Frequency deviation – possible generator instability,0.745,Frequency deviation – possible generator instability
Power Distribution,Frequency deviation – possible generator instability,Frequency deviation – possible generator instability,Frequency deviation – possible generator instability,0.915,Frequency deviation – possible generator instability
Power Distribution,Frequency deviation – possible generator instability,Frequency deviation – possible generator instability,Frequency deviation – possible generator instability,0.738,Frequency deviation – possible generator instability
Power Distribution,Frequency deviation – possible generator instability,Frequency deviation – possible generator instability,Frequency deviation – possible generator instability,0.763,Frequency deviation – possible generator instability
Power Distribution,Frequency deviation – possible generator instability,Frequency deviation – possible generator instability,Frequency deviation – possible generator instability,0.811,Frequency deviation – possible generator instability
Power Distribution,Frequency deviation – possible generator instability,Frequency deviation – possible generator instability,Frequency deviation – possible generator instability,0.684,Frequency deviation – possible generator instability
Power Distribution,Frequency deviation – possible generator instability,Frequency deviation – possible generator instability,Frequency deviation – possible generator instability,0.608,Frequency deviation – possible generator instability
Power Distribution,Frequency deviation – possible generator instability,Frequency deviation – possible generator instability,Frequency deviation – possible generator instability,0.615,Frequency deviation – possible generator instability
Power Distribution,Frequency deviation – possible generator instability,Frequency deviation – possible generator instability,Frequency deviation – possible generator instability,0.935,Frequency deviation – possible generator instability
Power Distribution,Frequency deviation – possible generator instability,Frequency deviation – possible generator instability,Sensor calibration issue,0.414,Frequency deviation – possible generator instability
Power Distribution,Frequency deviation – possible generator instability,Frequency deviation – possible generator instability,Frequency deviation – possible generator instability,0.62,Frequency deviation – possible generator instability
Power Distribution,Frequency deviation – possible generator instability,Frequency deviation – possible generator instability,Frequency deviation – possible generator instability,0.725,Frequency deviation – possible generator instability
Power Distribution,Frequency deviation – possible generator instability,Frequency deviation – possible generator instability,Frequency deviation – possible generator instability,0.825,Frequency deviation – possible generator instability
Power Distribution,Undervoltage under high load – possible transformer degradation,Undervoltage under high load – possible transformer degradation,,0.328,Undervoltage under high load – possible transformer degradation
Power Distribution,Frequency deviation – possible generator instability,Frequency deviation – possible generator instability,Frequency deviation – possible generator instability,0.635,Frequency deviation – possible generator instability
Power Distribution,Frequency deviation – possible generator instability,Frequency deviation – possible generator instability,Frequency deviation – possible generator instability,0.778,Frequency deviation – possible generator instability
Power Distribution,Frequency deviation – possible generator instability,Frequency deviation – possible generator instability,Frequency deviation – possible generator instability,0.722,Frequency deviation – possible generator instability
Power Distribution,Frequency deviation – possible generator instability,Frequency deviation – possible generator instability,Frequency deviation – possible generator instability,0.859,Frequency deviation – possible generator instability
Power Distribution,Frequency deviation – possible generator instability,Frequency deviation – possible generator instability,Frequency deviation – possible generator instability,0.842,Frequency deviation – possible generator instability
Power Distribution,Frequency deviation – possible generator instability,Frequency deviation – possible generator instability,Frequency deviation – possible generator instability,0.613,Frequency deviation – possible generator instability
Power Distribution,Undervoltage under high load – possible transformer degradation,Undervoltage under high load – possible transformer degradation,,0.246,Undervoltage under high load – possible transformer degradation
Power Distribution,Frequency deviation – possible generator instability,Frequency deviation – possible generator instability,Frequency deviation – possible generator instability,0.8,Frequency deviation – possible generator instability
Power Distribution,Undervoltage under high load – possible transformer degradation,Undervoltage under high load – possible transformer degradation,Control system instability,0.323,Undervoltage under high load – possible transformer degradation
Power Distribution,Frequency deviation – possible generator instability,Frequency deviation – possible generator instability,Frequency deviation – possible generator instability,0.847,Frequency deviation – possible generator instability
Power Distribution,Frequency deviation – possible generator instability,Frequency deviation – possible generator instability,Control system instability,0.303,Frequency deviation – possible generator instability
Power Distribution,Frequency deviation – possible generator instability,Frequency deviation – possible generator instability,,0.244,Frequency deviation – possible generator instability
Power Distribution,Frequency deviation – possible generator instability,Frequency deviation – possible generator instability,Control system instability,0.302,Frequency deviation – possible generator instability
Power Distribution,Frequency deviation – possible generator instability,Frequency deviation – possible generator instability,Frequency deviation – possible generator instability,0.768,Frequency deviation – possible generator instability
Power Distribution,Frequency deviation – possible generator instability,Frequency deviation – possible generator instability,Frequency deviation – possible generator instability,0.833,Frequency deviation – possible generator instability
Power Distribution,Frequency deviation – possible generator instability,Frequency deviation – possible generator instability,,0.348,Frequency deviation – possible generator instability
Power Distribution,Frequency deviation – possible generator instability,Frequency deviation – possible generator instability,Frequency deviation – possible generator instability,0.815,Frequency deviation – possible generator instability
Power Distribution,Frequency deviation – possible generator instability,Frequency deviation – possible generator instability,Frequency deviation – possible generator instability,0.672,Frequency deviation – possible generator instability
Power Distribution,Frequency deviation – possible generator instability,Frequency deviation – possible generator instability,Frequency deviation – possible generator instability,0.839,Frequency deviation – possible generator instability
Power Distribution,Frequency deviation – possible generator instability,Frequency deviation – possible generator instability,,0.349,Frequency deviation – possible generator instability
Power Distribution,Frequency deviation – possible generator instability,Frequency deviation – possible generator instability,Frequency deviation – possible generator instability,0.842,Frequency deviation – possible generator instability
Power Distribution,Frequency deviation – possible generator instability,Frequency deviation – possible generator instability,,0.306,Frequency deviation – possible generator instability
Power Distribution,Undervoltage under high load – possible transformer degradation,Undervoltage under high load – possible transformer degradation,Undervoltage under high load – possible transformer degradation,0.643,Undervoltage under high load – possible transformer degradation
Power Distribution,Frequency deviation – possible generator instability,Frequency deviation – possible generator instability,,0.27,Frequency deviation – possible generator instability
Power Distribution,Frequency deviation – possible generator instability,Frequency deviation – possible generator instability,Frequency deviation – possible generator instability,0.756,Frequency deviation – possible generator instability
Power Distribution,Frequency deviation – possible generator instability,Frequency deviation – possible generator instability,Frequency deviation – possible generator instability,0.645,Frequency deviation – possible generator instability
Power Distribution,Frequency deviation – possible generator instability,Frequency deviation – possible generator instability,Frequency deviation – possible generator instability,0.77,Frequency deviation – possible generator instability
Power Distribution,Frequency deviation – possible generator instability,Frequency deviation – possible generator instability,Frequency deviation – possible generator instability,0.928,Frequency deviation – possible generator instability
Power Distribution,Frequency deviation – possible generator instability,Frequency deviation – possible generator instability,Frequency deviation – possible generator instability,0.75,Frequency deviation – possible generator instability
Power Distribution,Undervoltage under high load – possible transformer degradation,Undervoltage under high load – possible transformer degradation,Undervoltage under high load – possible transformer degradation,0.83,Undervoltage under high load – possible transformer degradation
Power Distribution,Frequency deviation – possible generator instability,Frequency deviation – possible generator instability,Frequency deviation – possible generator instability,0.722,Frequency deviation – possible generator instability
Power Distribution,Frequency deviation – possible generator instability,Frequency deviation – possible generator instability,Frequency deviation – possible generator instability,0.822,Frequency deviation – possible generator instability
Power Distribution,Undervoltage under high load – possible transformer degradation,Undervoltage under high load – possible transformer degradation,Undervoltage under high load – possible transformer degradation,0.723,Undervoltage under high load – possible transformer degradation
Power Distribution,Frequency deviation – possible generator instability,Frequency deviation – possible generator instability,Frequency deviation – possible generator instability,0.805,Frequency deviation – possible generator instability
Power Distribution,Frequency deviation – possible generator instability,Frequency deviation – possible generator instability,General performance degradation,0.31,Frequency deviation – possible generator instability
Power Distribution,Frequency deviation – possible generator instability,Frequency deviation – possible generator instability,Frequency deviation – possible generator instability,0.857,Frequency deviation – possible generator instability
Power Distribution,Frequency deviation – possible generator instability,Frequency deviation – possible generator instability,Frequency deviation – possible generator instability,0.945,Frequency deviation – possible generator instability
Power Distribution,Frequency deviation – possible generator instability,Frequency deviation – possible generator instability,Frequency deviation – possible generator instability,0.943,Frequency deviation – possible generator instability
Power Distribution,Frequency deviation – possible generator instability,Frequency deviation – possible generator instability,Frequency deviation – possible generator instability,0.875,Frequency deviation – possible generator instability
Power Distribution,Frequency deviation – possible generator instability,Frequency deviation – possible generator instability,Frequency deviation – possible generator instability,0.724,Frequency deviation – possible generator instability
Power Distribution,Frequency deviation – possible generator instability,Frequency deviation – possible generator instability,Frequency deviation – possible generator instability,0.717,Frequency deviation – possible generator instability
Power Distribution,Frequency deviation – possible generator instability,Frequency deviation – possible generator instability,Frequency deviation – possible generator instability,0.725,Frequency deviation – possible generator instability
Power Distribution,Frequency deviation – possible generator instability,Frequency deviation – possible generator instability,,0.267,Frequency deviation – possible generator instability
Power Distribution,Undervoltage under high load – possible transformer degradation,Undervoltage under high load – possible transformer degradation,Undervoltage under high load – possible transformer degradation,0.666,Undervoltage under high load – possible transformer degradation
Power Distribution,Undervoltage under high load – possible transformer degradation,Undervoltage under high load – possible transformer degradation,Undervoltage under high load – possible transformer degradation,0.667,Undervoltage under high load – possible transformer degradation
Power Distribution,Frequency deviation – possible generator instability,Frequency deviation – possible generator instability,Frequency deviation – possible generator instability,0.776,Frequency deviation – possible generator instability
Power Distribution,Frequency deviation – possible generator instability,Frequency deviation – possible generator instability,Frequency deviation – possible generator instability,0.728,Frequency deviation – possible generator instability
Power Distribution,Frequency deviation – possible generator instability,Frequency deviation – possible generator instability,Frequency deviation – possible generator instability,0.793,Frequency deviation – possible generator instability
Power Distribution,Frequency deviation – possible generator instability,Frequency deviation – possible generator instability,Frequency deviation – possible generator instability,0.878,Frequency deviation – possible generator instability
Power Distribution,Frequency deviation – possible generator instability,Frequency deviation – possible generator instability,,0.24,Frequency deviation – possible generator instability
Power Distribution,Frequency deviation – possible generator instability,Frequency deviation – possible generator instability,Frequency deviation – possible generator instability,0.867,Frequency deviation – possible generator instability
Power Distribution,Frequency deviation – possible generator instability,Frequency deviation – possible generator instability,Frequency deviation – possible generator instability,0.876,Frequency deviation – possible generator instability
Power Distribution,Frequency deviation – possible generator instability,Frequency deviation – possible generator instability,Frequency deviation – possible generator instability,0.812,Frequency deviation – possible generator instability
Power Distribution,Frequency deviation – possible generator instability,Frequency deviation – possible generator instability,Frequency deviation – possible generator instability,0.919,Frequency deviation – possible generator instability
Power Distribution,Undervoltage under high load – possible transformer degradation,Undervoltage under high load – possible transformer degradation,,0.326,Undervoltage under high load – possible transformer degradation
Power Distribution,Undervoltage under high load – possible transformer degradation,Undervoltage under high load – possible transformer degradation,General performance degradation,0.309,Undervoltage under high load – possible transformer degradation
Power Distribution,Frequency deviation – possible generator instability,Frequency deviation – possible generator instability,General performance degradation,0.427,Frequency deviation – possible generator instability
Power Distribution,Frequency deviation – possible generator instability,Frequency deviation – possible generator instability,Frequency deviation – possible generator instability,0.748,Frequency deviation – possible generator instability
Power Distribution,Frequency deviation – possible generator instability,Frequency deviation – possible generator instability,Frequency deviation – possible generator instability,0.633,Frequency deviation – possible generator instability
Power Distribution,Frequency deviation – possible generator instability,Frequency deviation – possible generator instability,,0.31,Frequency deviation – possible generator instability
Power Distribution,Frequency deviation – possible generator instability,Frequency deviation – possible generator instability,Unexpected power fluctuation,0.343,Frequency deviation – possible generator instability
Power Distribution,Frequency deviation – possible generator instability,Frequency deviation – possible generator instability,Frequency deviation – possible generator instability,0.702,Frequency deviation – possible generator instability
Power Distribution,Frequency deviation – possible generator instability,Frequency deviation – possible generator instability,,0.32,Frequency deviation – possible generator instability
Power Distribution,Frequency deviation – possible generator instability,Frequency deviation – possible generator instability,Sensor calibration issue,0.363,Frequency deviation – possible generator instability
Power Distribution,Frequency deviation – possible generator instability,Frequency deviation – possible generator instability,Frequency deviation – possible generator instability,0.657,Frequency deviation – possible generator instability
Power Distribution,Frequency deviation – possible generator instability,Frequency deviation – possible generator instability,Frequency deviation – possible generator instability,0.851,Frequency deviation – possible generator instability
Power Distribution,Frequency deviation – possible generator instability,Frequency deviation – possible generator instability,Frequency deviation – possible generator instability,0.848,Frequency deviation – possible generator instability
Power Distribution,Frequency deviation – possible generator instability,Frequency deviation – possible generator instability,Frequency deviation – possible generator instability,0.625,Frequency deviation – possible generator instability
Power Distribution,Frequency deviation – possible generator instability,Frequency deviation – possible generator instability,Frequency deviation – possible generator instability,0.704,Frequency deviation – possible generator instability
Power Distribution,Frequency deviation – possible generator instability,Frequency deviation – possible generator instability,Frequency deviation – possible generator instability,0.879,Frequency deviation – possible generator instability
Power Distribution,Frequency deviation – possible generator instability,Frequency deviation – possible generator instability,Frequency deviation – possible generator instability,0.919,Frequency deviation – possible generator instability
Power Distribution,Frequency deviation – possible generator instability,Frequency deviation – possible generator instability,Frequency deviation – possible generator instability,0.6,Frequency deviation – possible generator instability
Power Distribution,Frequency deviation – possible generator instability,Frequency deviation – possible generator instability,Frequency deviation – possible generator instability,0.683,Frequency deviation – possible generator instability
Power Distribution,Frequency deviation – possible generator instability,Frequency deviation – possible generator instability,Frequency deviation – possible generator instability,0.632,Frequency deviation – possible generator instability
Power Distribution,Frequency deviation – possible generator instability,Frequency deviation – possible generator instability,Frequency deviation – possible generator instability,0.898,Frequency deviation – possible generator instability
Power Distribution,Frequency deviation – possible generator instability,Frequency deviation – possible generator instability,Frequency deviation – possible generator instability,0.845,Frequency deviation – possible generator instability
Power Distribution,Frequency deviation – possible generator instability,Frequency deviation – possible generator instability,Frequency deviation – possible generator instability,0.805,Frequency deviation – possible generator instability
Power Distribution,Frequency deviation – possible generator instability,Frequency deviation – possible generator instability,Frequency deviation – possible generator instability,0.62,Frequency deviation – possible generator instability
Power Distribution,Frequency deviation – possible generator instability,Frequency deviation – possible generator instability,Frequency deviation – possible generator instability,0.757,Frequency deviation – possible generator instability
Power Distribution,Frequency deviation – possible generator instability,Frequency deviation – possible generator instability,,0.345,Frequency deviation – possible generator instability
Power Distribution,Frequency deviation – possible generator instability,Frequency deviation – possible generator instability,Frequency deviation – possible generator instability,0.936,Frequency deviation – possible generator instability
Power Distribution,Frequency deviation – possible generator instability,Frequency deviation – possible generator instability,Frequency deviation – possible generator instability,0.909,Frequency deviation – possible generator instability
Power Distribution,Frequency deviation – possible generator instability,Frequency deviation – possible generator instability,Frequency deviation – possible generator instability,0.777,Frequency deviation – possible generator instability
Power Distribution,Frequency deviation – possible generator instability,Frequency deviation – possible generator instability,Frequency deviation – possible generator instability,0.633,Frequency deviation – possible generator instability
Power Distribution,Undervoltage under high load – possible transformer degradation,Undervoltage under high load – possible transformer degradation,Undervoltage under high load – possible transformer degradation,0.695,Undervoltage under high load – possible transformer degradation
Power Distribution,Frequency deviation – possible generator instability,Frequency deviation – possible generator instability,Frequency deviation – possible generator instability,0.703,Frequency deviation – possible generator instability
Power Distribution,Frequency deviation – possible generator instability,Frequency deviation – possible generator instability,Frequency deviation – possible generator instability,0.768,Frequency deviation – possible generator instability
Power Distribution,Frequency deviation – possible generator instability,Frequency deviation – possible generator instability,Frequency deviation – possible generator instability,0.846,Frequency deviation – possible generator instability
Power Distribution,Frequency deviation – possible generator instability,Frequency deviation – possible generator instability,Frequency deviation – possible generator instability,0.696,Frequency deviation – possible generator instability
Power Distribution,Frequency deviation – possible generator instability,Frequency deviation – possible generator instability,,0.272,Frequency deviation – possible generator instability
Power Distribution,Frequency deviation – possible generator instability,Frequency deviation – possible generator instability,Frequency deviation – possible generator instability,0.881,Frequency deviation – possible generator instability
Power Distribution,Undervoltage under high load – possible transformer degradation,Undervoltage under high load – possible transformer degradation,Undervoltage under high load – possible transformer degradation,0.918,Undervoltage under high load – possible transformer degradation
Power Distribution,Frequency deviation – possible generator instability,Frequency deviation – possible generator instability,Frequency deviation – possible generator instability,0.738,Frequency deviation – possible generator instability
Power Distribution,Frequency deviation – possible generator instability,Frequency deviation – possible generator instability,General performance degradation,0.365,Frequency deviation – possible generator instability
Power Distribution,Frequency deviation – possible generator instability,Frequency deviation – possible generator instability,,0.346,Frequency deviation – possible generator instability
Power Distribution,Frequency deviation – possible generator instability,Frequency deviation – possible generator instability,Frequency deviation – possible generator instability,0.822,Frequency deviation – possible generator instability
Power Distribution,Frequency deviation – possible generator instability,Frequency deviation – possible generator instability,Frequency deviation – possible generator instability,0.895,Frequency deviation – possible generator instability
Power Distribution,Frequency deviation – possible generator instability,Frequency deviation – possible generator instability,Frequency deviation – possible generator instability,0.638,Frequency deviation – possible generator instability
Power Distribution,Frequency deviation – possible generator instability,Frequency deviation – possible generator instability,Frequency deviation – possible generator instability,0.646,Frequency deviation – possible generator instability
Power Distribution,Frequency deviation – possible generator instability,Frequency deviation – possible generator instability,Frequency deviation – possible generator instability,0.673,Frequency deviation – possible generator instability
Power Distribution,Frequency deviation – possible generator instability,Frequency deviation – possible generator instability,Frequency deviation – possible generator instability,0.868,Frequency deviation – possible generator instability
Power Distribution,Frequency deviation – possible generator instability,Frequency deviation – possible generator instability,Frequency deviation – possible generator instability,0.878,Frequency deviation – possible generator instability
Power Distribution,Frequency deviation – possible generator instability,Frequency deviation – possible generator instability,Frequency deviation – possible generator instability,0.84,Frequency deviation – possible generator instability
Power Distribution,Frequency deviation – possible generator instability,Frequency deviation – possible generator instability,Frequency deviation – possible generator instability,0.753,Frequency deviation – possible generator instability
Power Distribution,Frequency deviation – possible generator instability,Frequency deviation – possible generator instability,Frequency deviation – possible generator instability,0.604,Frequency deviation – possible generator instability
Power Distribution,Frequency deviation – possible generator instability,Frequency deviation – possible generator instability,Frequency deviation – possible generator instability,0.72,Frequency deviation – possible generator instability
Power Distribution,Frequency deviation – possible generator instability,Frequency deviation – possible generator instability,Frequency deviation – possible generator instability,0.943,Frequency deviation – possible generator instability
Power Distribution,Frequency deviation – possible generator instability,Frequency deviation – possible generator instability,Frequency deviation – possible generator instability,0.614,Frequency deviation – possible generator instability
Power Distribution,Frequency deviation – possible generator instability,Frequency deviation – possible generator instability,Frequency deviation – possible generator instability,0.748,Frequency deviation – possible generator instability
Power Distribution,Frequency deviation – possible generator instability,Frequency deviation – possible generator instability,Frequency deviation – possible generator instability,0.902,Frequency deviation – possible generator instability
Power Distribution,Frequency deviation – possible generator instability,Frequency deviation – possible generator instability,Frequency deviation – possible generator instability,0.652,Frequency deviation – possible generator instability
Power Distribution,Frequency deviation – possible generator instability,Frequency deviation – possible generator instability,Frequency deviation – possible generator instability,0.879,Frequency deviation – possible generator instability
Power Distribution,Frequency deviation – possible generator instability,Frequency deviation – possible generator instability,Frequency deviation – possible generator instability,0.721,Frequency deviation – possible generator instability
Power Distribution,Frequency deviation – possible generator instability,Frequency deviation – possible generator instability,,0.336,Frequency deviation – possible generator instability
Power Distribution,Frequency deviation – possible generator instability,Frequency deviation – possible generator instability,Frequency deviation – possible generator instability,0.831,Frequency deviation – possible generator instability
Power Distribution,Frequency deviation – possible generator instability,Frequency deviation – possible generator instability,Frequency deviation – possible generator instability,0.887,Frequency deviation – possible generator instability
Power Distribution,Frequency deviation – possible generator instability,Frequency deviation – possible generator instability,Frequency deviation – possible generator instability,0.827,Frequency deviation – possible generator instability
Power Distribution,Frequency deviation – possible generator instability,Frequency deviation – possible generator instability,Frequency deviation – possible generator instability,0.881,Frequency deviation – possible generator instability
Power Distribution,Frequency deviation – possible generator instability,Frequency deviation – possible generator instability,Frequency deviation – possible generator instability,0.693,Frequency deviation – possible generator instability
Power Distribution,Frequency deviation – possible generator instability,Frequency deviation – possible generator instability,Frequency deviation – possible generator instability,0.855,Frequency deviation – possible generator instability
Power Distribution,Frequency deviation – possible generator instability,Frequency deviation – possible generator instability,Frequency deviation – possible generator instability,0.812,Frequency deviation – possible generator instability
Power Distribution,Frequency deviation – possible generator instability,Frequency deviation – possible generator instability,Frequency deviation – possible generator instability,0.682,Frequency deviation – possible generator instability
Power Distribution,Frequency deviation – possible generator instability,Frequency deviation – possible generator instability,Frequency deviation – possible generator instability,0.872,Frequency deviation – possible generator instability
Power Distribution,Undervoltage under high load – possible transformer degradation,Undervoltage under high load – possible transformer degradation,Undervoltage under high load – possible transformer degradation,0.895,Undervoltage under high load – possible transformer degradation
Power Distribution,Frequency deviation – possible generator instability,Frequency deviation – possible generator instability,Frequency deviation – possible generator instability,0.783,Frequency deviation – possible generator instability
Power Distribution,Frequency deviation – possible generator instability,Frequency deviation – possible generator instability,Frequency deviation – possible generator instability,0.803,Frequency deviation – possible generator instability
Power Distribution,Frequency deviation – possible generator instability,Frequency deviation – possible generator instability,Frequency deviation – possible generator instability,0.698,Frequency deviation – possible generator instability
Power Distribution,Frequency deviation – possible generator instability,Frequency deviation – possible generator instability,Frequency deviation – possible generator instability,0.925,Frequency deviation – possible generator instability
Power Distribution,Frequency deviation – possible generator instability,Frequency deviation – possible generator instability,Frequency deviation – possible generator instability,0.62,Frequency deviation – possible generator instability
Power Distribution,Frequency deviation – possible generator instability,Frequency deviation – possible generator instability,Frequency deviation – possible generator instability,0.668,Frequency deviation – possible generator instability
Power Distribution,Undervoltage under high load – possible transformer degradation,Undervoltage under high load – possible transformer degradation,Undervoltage under high load – possible transformer degradation,0.787,Undervoltage under high load – possible transformer degradation
Power Distribution,Frequency deviation – possible generator instability,Frequency deviation – possible generator instability,Frequency deviation – possible generator instability,0.747,Frequency deviation – possible generator instability
Power Distribution,Frequency deviation – possible generator instability,Frequency deviation – possible generator instability,Frequency deviation – possible generator instability,0.689,Frequency deviation – possible generator instability
Power Distribution,Frequency deviation – possible generator instability,Frequency deviation – possible generator instability,Frequency deviation – possible generator instability,0.832,Frequency deviation – possible generator instability
Power Distribution,Frequency deviation – possible generator instability,Frequency deviation – possible generator instability,Frequency deviation – possible generator instability,0.64,Frequency deviation – possible generator instability
Power Distribution,Frequency deviation – possible generator instability,Frequency deviation – possible generator instability,Frequency deviation – possible generator instability,0.657,Frequency deviation – possible generator instability
Power Distribution,Frequency deviation – possible generator instability,Frequency deviation – possible generator instability,Frequency deviation – possible generator instability,0.782,Frequency deviation – possible generator instability
Power Distribution,Undervoltage under high load – possible transformer degradation,Undervoltage under high load – possible transformer degradation,Undervoltage under high load – possible transformer degradation,0.642,Undervoltage under high load – possible transformer degradation
Power Distribution,Frequency deviation – possible generator instability,Frequency deviation – possible generator instability,Frequency deviation – possible generator instability,0.93,Frequency deviation – possible generator instability
Power Distribution,Frequency deviation – possible generator instability,Frequency deviation – possible generator instability,Frequency deviation – possible generator instability,0.649,Frequency deviation – possible generator instability
Power Distribution,Frequency deviation – possible generator instability,Frequency deviation – possible generator instability,Frequency deviation – possible generator instability,0.797,Frequency deviation – possible generator instability
Power Distribution,Frequency deviation – possible generator instability,Frequency deviation – possible generator instability,Frequency deviation – possible generator instability,0.854,Frequency deviation – possible generator instability
Power Distribution,Frequency deviation – possible generator instability,Frequency deviation – possible generator instability,,0.367,Frequency deviation – possible generator instability
Power Distribution,Frequency deviation – possible generator instability,Frequency deviation – possible generator instability,Frequency deviation – possible generator instability,0.763,Frequency deviation – possible generator instability
Power Distribution,Frequency deviation – possible generator instability,Frequency deviation – possible generator instability,Frequency deviation – possible generator instability,0.79,Frequency deviation – possible generator instability
Power Distribution,Frequency deviation – possible generator instability,Frequency deviation – possible generator instability,Frequency deviation – possible generator instability,0.626,Frequency deviation – possible generator instability
Power Distribution,Undervoltage under high load – possible transformer degradation,Undervoltage under high load – possible transformer degradation,Undervoltage under high load – possible transformer degradation,0.697,Undervoltage under high load – possible transformer degradation
Power Distribution,Frequency deviation – possible generator instability,Frequency deviation – possible generator instability,Frequency deviation – possible generator instability,0.617,Frequency deviation – possible generator instability
Power Distribution,Frequency deviation – possible generator instability,Frequency deviation – possible generator instability,Frequency deviation – possible generator instability,0.787,Frequency deviation – possible generator instability
Power Distribution,Frequency deviation – possible generator instability,Frequency deviation – possible generator instability,Frequency deviation – possible generator instability,0.732,Frequency deviation – possible generator instability
Power Distribution,Frequency deviation – possible generator instability,Frequency deviation – possible generator instability,Frequency deviation – possible generator instability,0.868,Frequency deviation – possible generator instability
Power Distribution,Frequency deviation – possible generator instability,Frequency deviation – possible generator instability,Frequency deviation – possible generator instability,0.901,Frequency deviation – possible generator instability
Power Distribution,Frequency deviation – possible generator instability,Frequency deviation – possible generator instability,Frequency deviation – possible generator instability,0.927,Frequency deviation – possible generator instability
Power Distribution,Frequency deviation – possible generator instability,Frequency deviation – possible generator instability,Frequency deviation – possible generator instability,0.733,Frequency deviation – possible generator instability
Power Distribution,Frequency deviation – possible generator instability,Frequency deviation – possible generator instability,Frequency deviation – possible generator instability,0.912,Frequency deviation – possible generator instability
Power Distribution,Frequency deviation – possible generator instability,Frequency deviation – possible generator instability,Frequency deviation – possible generator instability,0.715,Frequency deviation – possible generator instability
Power Distribution,Frequency deviation – possible generator instability,Frequency deviation – possible generator instability,Frequency deviation – possible generator instability,0.633,Frequency deviation – possible generator instability
Power Distribution,Frequency deviation – possible generator instability,Frequency deviation – possible generator instability,Frequency deviation – possible generator instability,0.92,Frequency deviation – possible generator instability
Power Distribution,Undervoltage under high load – possible transformer degradation,Undervoltage under high load – possible transformer degradation,Undervoltage under high load – possible transformer degradation,0.635,Undervoltage under high load – possible transformer degradation
Power Distribution,Frequency deviation – possible generator instability,Frequency deviation – possible generator instability,Frequency deviation – possible generator instability,0.68,Frequency deviation – possible generator instability
Power Distribution,Frequency deviation – possible generator instability,Frequency deviation – possible generator instability,Frequency deviation – possible generator instability,0.869,Frequency deviation – possible generator instability
Power Distribution,Frequency deviation – possible generator instability,Frequency deviation – possible generator instability,Frequency deviation – possible generator instability,0.758,Frequency deviation – possible generator instability
Power Distribution,Frequency deviation – possible generator instability,Frequency deviation – possible generator instability,Frequency deviation – possible generator instability,0.8,Frequency deviation – possible generator instability
Power Distribution,Frequency deviation – possible generator instability,Frequency deviation – possible generator instability,Frequency deviation – possible generator instability,0.65,Frequency deviation – possible generator instability
Power Distribution,Frequency deviation – possible generator instability,Frequency deviation – possible generator instability,Frequency deviation – possible generator instability,0.856,Frequency deviation – possible generator instability
Power Distribution,Frequency deviation – possible generator instability,Frequency deviation – possible generator instability,Frequency deviation – possible generator instability,0.913,Frequency deviation – possible generator instability
Power Distribution,Frequency deviation – possible generator instability,Frequency deviation – possible generator instability,Frequency deviation – possible generator instability,0.923,Frequency deviation – possible generator instability
Power Distribution,Undervoltage under high load – possible transformer degradation,Undervoltage under high load – possible transformer degradation,Undervoltage under high load – possible transformer degradation,0.838,Undervoltage under high load – possible transformer degradation
Power Distribution,Frequency deviation – possible generator instability,Frequency deviation – possible generator instability,Frequency deviation – possible generator instability,0.857,Frequency deviation – possible generator instability
Power Distribution,Frequency deviation – possible generator instability,Frequency deviation – possible generator instability,Frequency deviation – possible generator instability,0.769,Frequency deviation – possible generator instability
Power Distribution,Frequency deviation – possible generator instability,Frequency deviation – possible generator instability,Frequency deviation – possible generator instability,0.782,Frequency deviation – possible generator instability
Power Distribution,Frequency deviation – possible generator instability,Frequency deviation – possible generator instability,Frequency deviation – possible generator instability,0.933,Frequency deviation – possible generator instability
Power Distribution,Frequency deviation – possible generator instability,Frequency deviation – possible generator instability,,0.354,Frequency deviation – possible generator instability
Power Distribution,Undervoltage under high load – possible transformer degradation,Undervoltage under high load – possible transformer degradation,Undervoltage under high load – possible transformer degradation,0.669,Undervoltage under high load – possible transformer degradation
Power Distribution,Frequency deviation – possible generator instability,Frequency deviation – possible generator instability,Frequency deviation – possible generator instability,0.779,Frequency deviation – possible generator instability
Power Distribution,Frequency deviation – possible generator instability,Frequency deviation – possible generator instability,Frequency deviation – possible generator instability,0.717,Frequency deviation – possible generator instability
Power Distribution,Frequency deviation – possible generator instability,Frequency deviation – possible generator instability,Frequency deviation – possible generator instability,0.798,Frequency deviation – possible generator instability
Power Distribution,Frequency deviation – possible generator instability,Frequency deviation – possible generator instability,Frequency deviation – possible generator instability,0.706,Frequency deviation – possible generator instability
Power Distribution,Frequency deviation – possible generator instability,Frequency deviation – possible generator instability,Frequency deviation – possible generator instability,0.695,Frequency deviation – possible generator instability
Power Distribution,Frequency deviation – possible generator instability,Frequency deviation – possible generator instability,Frequency deviation – possible generator instability,0.752,Frequency deviation – possible generator instability
Power Distribution,Frequency deviation – possible generator instability,Frequency deviation – possible generator instability,Frequency deviation – possible generator instability,0.916,Frequency deviation – possible generator instability
Power Distribution,Undervoltage under high load – possible transformer degradation,Undervoltage under high load – possible transformer degradation,Undervoltage under high load – possible transformer degradation,0.635,Undervoltage under high load – possible transformer degradation
Power Distribution,Frequency deviation – possible generator instability,Frequency deviation – possible generator instability,Frequency deviation – possible generator instability,0.796,Frequency deviation – possible generator instability
Power Distribution,Frequency deviation – possible generator instability,Frequency deviation – possible generator instability,Frequency deviation – possible generator instability,0.614,Frequency deviation – possible generator instability
Power Distribution,Frequency deviation – possible generator instability,Frequency deviation – possible generator instability,Frequency deviation – possible generator instability,0.938,Frequency deviation – possible generator instability
Power Distribution,Frequency deviation – possible generator instability,Frequency deviation – possible generator instability,Frequency deviation – possible generator instability,0.772,Frequency deviation – possible generator instability
Power Distribution,Frequency deviation – possible generator instability,Frequency deviation – possible generator instability,Frequency deviation – possible generator instability,0.825,Frequency deviation – possible generator instability
Power Distribution,Frequency deviation – possible generator instability,Frequency deviation – possible generator instability,Frequency deviation – possible generator instability,0.618,Frequency deviation – possible generator instability
Power Distribution,Frequency deviation – possible generator instability,Frequency deviation – possible generator instability,Frequency deviation – possible generator instability,0.688,Frequency deviation – possible generator instability
Power Distribution,Frequency deviation – possible generator instability,Frequency deviation – possible generator instability,Frequency deviation – possible generator instability,0.722,Frequency deviation – possible generator instability
Power Distribution,Frequency deviation – possible generator instability,Frequency deviation – possible generator instability,,0.336,Frequency deviation – possible generator instability
Power Distribution,Frequency deviation – possible generator instability,Frequency deviation – possible generator instability,,0.372,Frequency deviation – possible generator instability
Power Distribution,Frequency deviation – possible generator instability,Frequency deviation – possible generator instability,Frequency deviation – possible generator instability,0.85,Frequency deviation – possible generator instability
Power Distribution,Frequency deviation – possible generator instability,Frequency deviation – possible generator instability,Frequency deviation – possible generator instability,0.751,Frequency deviation – possible generator instability
Power Distribution,Frequency deviation – possible generator instability,Frequency deviation – possible generator instability,Frequency deviation – possible generator instability,0.781,Frequency deviation – possible generator instability
Power Distribution,Undervoltage under high load – possible transformer degradation,Undervoltage under high load – possible transformer degradation,Undervoltage under high load – possible transformer degradation,0.939,Undervoltage under high load – possible transformer degradation
Power Distribution,Frequency deviation – possible generator instability,Frequency deviation – possible generator instability,Frequency deviation – possible generator instability,0.944,Frequency deviation – possible generator instability
Power Distribution,Frequency deviation – possible generator instability,Frequency deviation – possible generator instability,Frequency deviation – possible generator instability,0.647,Frequency deviation – possible generator instability
Power Distribution,Frequency deviation – possible generator instability,Frequency deviation – possible generator instability,Frequency deviation – possible generator instability,0.843,Frequency deviation – possible generator instability
Power Distribution,Frequency deviation – possible generator instability,Frequency deviation – possible generator instability,Frequency deviation – possible generator instability,0.891,Frequency deviation – possible generator instability
Power Distribution,Frequency deviation – possible generator instability,Frequency deviation – possible generator instability,,0.275,Frequency deviation – possible generator instability
Power Distribution,Frequency deviation – possible generator instability,Frequency deviation – possible generator instability,Frequency deviation – possible generator instability,0.919,Frequency deviation – possible generator instability
Power Distribution,Frequency deviation – possible generator instability,Frequency deviation – possible generator instability,Frequency deviation – possible generator instability,0.764,Frequency deviation – possible generator instability
Power Distribution,Frequency deviation – possible generator instability,Frequency deviation – possible generator instability,Frequency deviation – possible generator instability,0.937,Frequency deviation – possible generator instability
Power Distribution,Frequency deviation – possible generator instability,Frequency deviation – possible generator instability,Frequency deviation – possible generator instability,0.694,Frequency deviation – possible generator instability
Power Distribution,Frequency deviation – possible generator instability,Frequency deviation – possible generator instability,Frequency deviation – possible generator instability,0.754,Frequency deviation – possible generator instability
Power Distribution,Frequency deviation – possible generator instability,Frequency deviation – possible generator instability,Frequency deviation – possible generator instability,0.794,Frequency deviation – possible generator instability
Power Distribution,Frequency deviation – possible generator instability,Frequency deviation – possible generator instability,Frequency deviation – possible generator instability,0.641,Frequency deviation – possible generator instability
Power Distribution,Frequency deviation – possible generator instability,Frequency deviation – possible generator instability,Frequency deviation – possible generator instability,0.74,Frequency deviation – possible generator instability
Power Distribution,Frequency deviation – possible generator instability,Frequency deviation – possible generator instability,Frequency deviation – possible generator instability,0.631,Frequency deviation – possible generator instability
Power Distribution,Frequency deviation – possible generator instability,Frequency deviation – possible generator instability,Frequency deviation – possible generator instability,0.865,Frequency deviation – possible generator instability
Power Distribution,Frequency deviation – possible generator instability,Frequency deviation – possible generator instability,Frequency deviation – possible generator instability,0.647,Frequency deviation – possible generator instability
Power Distribution,Frequency deviation – possible generator instability,Frequency deviation – possible generator instability,Frequency deviation – possible generator instability,0.602,Frequency deviation – possible generator instability
Power Distribution,Frequency deviation – possible generator instability,Frequency deviation – possible generator instability,Frequency deviation – possible generator instability,0.931,Frequency deviation – possible generator instability
Power Distribution,Frequency deviation – possible generator instability,Frequency deviation – possible generator instability,Frequency deviation – possible generator instability,0.717,Frequency deviation – possible generator instability
Power Distribution,Frequency deviation – possible generator instability,Frequency deviation – possible generator instability,Frequency deviation – possible generator instability,0.92,Frequency deviation – possible generator instability
Power Distribution,Undervoltage under high load – possible transformer degradation,Undervoltage under high load – possible transformer degradation,Undervoltage under high load – possible transformer degradation,0.878,Undervoltage under high load – possible transformer degradation
Power Distribution,Frequency deviation – possible generator instability,Frequency deviation – possible generator instability,Frequency deviation – possible generator instability,0.773,Frequency deviation – possible generator instability
Power Distribution,Frequency deviation – possible generator instability,Frequency deviation – possible generator instability,Frequency deviation – possible generator instability,0.672,Frequency deviation – possible generator instability
Power Distribution,Frequency deviation – possible generator instability,Frequency deviation – possible generator instability,Sensor calibration issue,0.331,Frequency deviation – possible generator instability
Power Distribution,Frequency deviation – possible generator instability,Frequency deviation – possible generator instability,Frequency deviation – possible generator instability,0.941,Frequency deviation – possible generator instability
Power Distribution,Frequency deviation – possible generator instability,Frequency deviation – possible generator instability,Frequency deviation – possible generator instability,0.765,Frequency deviation – possible generator instability
Power Distribution,Frequency deviation – possible generator instability,Frequency deviation – possible generator instability,Frequency deviation – possible generator instability,0.762,Frequency deviation – possible generator instability
Power Distribution,Frequency deviation – possible generator instability,Frequency deviation – possible generator instability,Frequency deviation – possible generator instability,0.685,Frequency deviation – possible generator instability
Power Distribution,Undervoltage under high load – possible transformer degradation,Undervoltage under high load – possible transformer degradation,Undervoltage under high load – possible transformer degradation,0.857,Undervoltage under high load – possible transformer degradation
Power Distribution,Frequency deviation – possible generator instability,Frequency deviation – possible generator instability,Frequency deviation – possible generator instability,0.739,Frequency deviation – possible generator instability
Power Distribution,Frequency deviation – possible generator instability,Frequency deviation – possible generator instability,Frequency deviation – possible generator instability,0.884,Frequency deviation – possible generator instability
Power Distribution,Frequency deviation – possible generator instability,Frequency deviation – possible generator instability,Frequency deviation – possible generator instability,0.918,Frequency deviation – possible generator instability
Power Distribution,Frequency deviation – possible generator instability,Frequency deviation – possible generator instability,Frequency deviation – possible generator instability,0.635,Frequency deviation – possible generator instability
Power Distribution,Frequency deviation – possible generator instability,Frequency deviation – possible generator instability,Frequency deviation – possible generator instability,0.752,Frequency deviation – possible generator instability
Power Distribution,Undervoltage under high load – possible transformer degradation,Undervoltage under high load – possible transformer degradation,Undervoltage under high load – possible transformer degradation,0.783,Undervoltage under high load – possible transformer degradation
Power Distribution,Frequency deviation – possible generator instability,Frequency deviation – possible generator instability,Frequency deviation – possible generator instability,0.722,Frequency deviation – possible generator instability
Power Distribution,Frequency deviation – possible generator instability,Frequency deviation – possible generator instability,Frequency deviation – possible generator instability,0.699,Frequency deviation – possible generator instability
Power Distribution,Frequency deviation – possible generator instability,Frequency deviation – possible generator instability,Frequency deviation – possible generator instability,0.649,Frequency deviation – possible generator instability
Power Distribution,Frequency deviation – possible generator instability,Frequency deviation – possible generator instability,Frequency deviation – possible generator instability,0.773,Frequency deviation – possible generator instability
Power Distribution,Frequency deviation – possible generator instability,Frequency deviation – possible generator instability,Frequency deviation – possible generator instability,0.948,Frequency deviation – possible generator instability
Power Distribution,Frequency deviation – possible generator instability,Frequency deviation – possible generator instability,Frequency deviation – possible generator instability,0.626,Frequency deviation – possible generator instability
Power Distribution,Frequency deviation – possible generator instability,Frequency deviation – possible generator instability,Frequency deviation – possible generator instability,0.76,Frequency deviation – possible generator instability
Power Distribution,Frequency deviation – possible generator instability,Frequency deviation – possible generator instability,Frequency deviation – possible generator instability,0.814,Frequency deviation – possible generator instability
Power Distribution,Frequency deviation – possible generator instability,Frequency deviation – possible generator instability,Frequency deviation – possible generator instability,0.866,Frequency deviation – possible generator instability
Power Distribution,Undervoltage under high load – possible transformer degradation,Undervoltage under high load – possible transformer degradation,Undervoltage under high load – possible transformer degradation,0.635,Undervoltage under high load – possible transformer degradation
Power Distribution,Frequency deviation – possible generator instability,Frequency deviation – possible generator instability,Frequency deviation – possible generator instability,0.62,Frequency deviation – possible generator instability
Power Distribution,Frequency deviation – possible generator instability,Frequency deviation – possible generator instability,Frequency deviation – possible generator instability,0.704,Frequency deviation – possible generator instability
Power Distribution,Frequency deviation – possible generator instability,Frequency deviation – possible generator instability,Frequency deviation – possible generator instability,0.909,Frequency deviation – possible generator instability
Power Distribution,Frequency deviation – possible generator instability,Frequency deviation – possible generator instability,Unexpected power fluctuation,0.418,Frequency deviation – possible generator instability
Power Distribution,Frequency deviation – possible generator instability,Frequency deviation – possible generator instability,Frequency deviation – possible generator instability,0.929,Frequency deviation – possible generator instability
Power Distribution,Frequency deviation – possible generator instability,Frequency deviation – possible generator instability,Frequency deviation – possible generator instability,0.94,Frequency deviation – possible generator instability
Power Distribution,Frequency deviation – possible generator instability,Frequency deviation – possible generator instability,,0.296,Frequency deviation – possible generator instability
Power Distribution,Frequency deviation – possible generator instability,Frequency deviation – possible generator instability,Frequency deviation – possible generator instability,0.947,Frequency deviation – possible generator instability
Power Distribution,Frequency deviation – possible generator instability,Frequency deviation – possible generator instability,Frequency deviation – possible generator instability,0.95,Frequency deviation – possible generator instability
Power Distribution,Frequency deviation – possible generator instability,Frequency deviation – possible generator instability,Frequency deviation – possible generator instability,0.824,Frequency deviation – possible generator instability
Power Distribution,Frequency deviation – possible generator instability,Frequency deviation – possible generator instability,Frequency deviation – possible generator instability,0.626,Frequency deviation – possible generator instability
Power Distribution,Undervoltage under high load – possible transformer degradation,Undervoltage under high load – possible transformer degradation,Undervoltage under high load – possible transformer degradation,0.831,Undervoltage under high load – possible transformer degradation
Power Distribution,Undervoltage under high load – possible transformer degradation,Undervoltage under high load – possible transformer degradation,Undervoltage under high load – possible transformer degradation,0.799,Undervoltage under high load – possible transformer degradation
Power Distribution,Frequency deviation – possible generator instability,Frequency deviation – possible generator instability,Frequency deviation – possible generator instability,0.847,Frequency deviation – possible generator instability
Power Distribution,Frequency deviation – possible generator instability,Frequency deviation – possible generator instability,,0.347,Frequency deviation – possible generator instability
Power Distribution,Frequency deviation – possible generator instability,Frequency deviation – possible generator instability,Frequency deviation – possible generator instability,0.921,Frequency deviation – possible generator instability
Power Distribution,Frequency deviation – possible generator instability,Frequency deviation – possible generator instability,Frequency deviation – possible generator instability,0.689,Frequency deviation – possible generator instability
Power Distribution,Frequency deviation – possible generator instability,Frequency deviation – possible generator instability,Frequency deviation – possible generator instability,0.937,Frequency deviation – possible generator instability
Power Distribution,Frequency deviation – possible generator instability,Frequency deviation – possible generator instability,Frequency deviation – possible generator instability,0.603,Frequency deviation – possible generator instability
Power Distribution,Frequency deviation – possible generator instability,Frequency deviation – possible generator instability,,0.376,Frequency deviation – possible generator instability
Power Distribution,Frequency deviation – possible generator instability,Frequency deviation – possible generator instability,Frequency deviation – possible generator instability,0.691,Frequency deviation – possible generator instability
Power Distribution,Frequency deviation – possible generator instability,Frequency deviation – possible generator instability,Frequency deviation – possible generator instability,0.796,Frequency deviation – possible generator instability
Power Distribution,Frequency deviation – possible generator instability,Frequency deviation – possible generator instability,Frequency deviation – possible generator instability,0.947,Frequency deviation – possible generator instability
Power Distribution,Frequency deviation – possible generator instability,Frequency deviation – possible generator instability,Frequency deviation – possible generator instability,0.817,Frequency deviation – possible generator instability
Power Distribution,Frequency deviation – possible generator instability,Frequency deviation – possible generator instability,Frequency deviation – possible generator instability,0.833,Frequency deviation – possible generator instability
Power Distribution,Frequency deviation – possible generator instability,Frequency deviation – possible generator instability,Frequency deviation – possible generator instability,0.702,Frequency deviation – possible generator instability
Power Distribution,Frequency deviation – possible generator instability,Frequency deviation – possible generator instability,Frequency deviation – possible generator instability,0.806,Frequency deviation – possible generator instability
Power Distribution,Undervoltage under high load – possible transformer degradation,Undervoltage under high load – possible transformer degradation,Unexpected power fluctuation,0.358,Undervoltage under high load – possible transformer degradation
Power Distribution,Frequency deviation – possible generator instability,Frequency deviation – possible generator instability,Frequency deviation – possible generator instability,0.897,Frequency deviation – possible generator instability
Power Distribution,Frequency deviation – possible generator instability,Frequency deviation – possible generator instability,,0.273,Frequency deviation – possible generator instability
Power Distribution,Undervoltage under high load – possible transformer degradation,Undervoltage under high load – possible transformer degradation,Undervoltage under high load – possible transformer degradation,0.924,Undervoltage under high load – possible transformer degradation
Power Distribution,Frequency deviation – possible generator instability,Frequency deviation – possible generator instability,Frequency deviation – possible generator instability,0.61,Frequency deviation – possible generator instability
Power Distribution,Frequency deviation – possible generator instability,Frequency deviation – possible generator instability,Frequency deviation – possible generator instability,0.797,Frequency deviation – possible generator instability
Power Distribution,Frequency deviation – possible generator instability,Frequency deviation – possible generator instability,Frequency deviation – possible generator instability,0.927,Frequency deviation – possible generator instability
Power Distribution,Frequency deviation – possible generator instability,Frequency deviation – possible generator instability,Frequency deviation – possible generator instability,0.676,Frequency deviation – possible generator instability
Power Distribution,Frequency deviation – possible generator instability,Frequency deviation – possible generator instability,Frequency deviation – possible generator instability,0.872,Frequency deviation – possible generator instability
Power Distribution,Frequency deviation – possible generator instability,Frequency deviation – possible generator instability,Frequency deviation – possible generator instability,0.933,Frequency deviation – possible generator instability
Power Distribution,Frequency deviation – possible generator instability,Frequency deviation – possible generator instability,Frequency deviation – possible generator instability,0.665,Frequency deviation – possible generator instability
Power Distribution,Frequency deviation – possible generator instability,Frequency deviation – possible generator instability,Frequency deviation – possible generator instability,0.778,Frequency deviation – possible generator instability
Power Distribution,Frequency deviation – possible generator instability,Frequency deviation – possible generator instability,Frequency deviation – possible generator instability,0.848,Frequency deviation – possible generator instability
Power Distribution,Frequency deviation – possible generator instability,Frequency deviation – possible generator instability,Frequency deviation – possible generator instability,0.746,Frequency deviation – possible generator instability
Power Distribution,Frequency deviation – possible generator instability,Frequency deviation – possible generator instability,Frequency deviation – possible generator instability,0.677,Frequency deviation – possible generator instability
Power Distribution,Frequency deviation – possible generator instability,Frequency deviation – possible generator instability,Frequency deviation – possible generator instability,0.862,Frequency deviation – possible generator instability
Power Distribution,Frequency deviation – possible generator instability,Frequency deviation – possible generator instability,Frequency deviation – possible generator instability,0.822,Frequency deviation – possible generator instability
Power Distribution,Frequency deviation – possible generator instability,Frequency deviation – possible generator instability,Frequency deviation – possible generator instability,0.899,Frequency deviation – possible generator instability
Power Distribution,Undervoltage under high load – possible transformer degradation,Undervoltage under high load – possible transformer degradation,Undervoltage under high load – possible transformer degradation,0.856,Undervoltage under high load – possible transformer degradation
Power Distribution,Frequency deviation – possible generator instability,Frequency deviation – possible generator instability,Frequency deviation – possible generator instability,0.64,Frequency deviation – possible generator instability
Power Distribution,Frequency deviation – possible generator instability,Frequency deviation – possible generator instability,Frequency deviation – possible generator instability,0.859,Frequency deviation – possible generator instability
Power Distribution,Frequency deviation – possible generator instability,Frequency deviation – possible generator instability,Frequency deviation – possible generator instability,0.767,Frequency deviation – possible generator instability
Power Distribution,Frequency deviation – possible generator instability,Frequency deviation – possible generator instability,Frequency deviation – possible generator instability,0.895,Frequency deviation – possible generator instability
Power Distribution,Frequency deviation – possible generator instability,Frequency deviation – possible generator instability,Frequency deviation – possible generator instability,0.88,Frequency deviation – possible generator instability
Power Distribution,Frequency deviation – possible generator instability,Frequency deviation – possible generator instability,Frequency deviation – possible generator instability,0.831,Frequency deviation – possible generator instability
Power Distribution,Frequency deviation – possible generator instability,Frequency deviation – possible generator instability,Frequency deviation – possible generator instability,0.789,Frequency deviation – possible generator instability
Power Distribution,Frequency deviation – possible generator instability,Frequency deviation – possible generator instability,Frequency deviation – possible generator instability,0.785,Frequency deviation – possible generator instability
Power Distribution,Frequency deviation – possible generator instability,Frequency deviation – possible generator instability,Frequency deviation – possible generator instability,0.934,Frequency deviation – possible generator instability
Power Distribution,Frequency deviation – possible generator instability,Frequency deviation – possible generator instability,,0.24,Frequency deviation – possible generator instability
Power Distribution,Frequency deviation – possible generator instability,Frequency deviation – possible generator instability,Frequency deviation – possible generator instability,0.9,Frequency deviation – possible generator instability
Power Distribution,Frequency deviation – possible generator instability,Frequency deviation – possible generator instability,Frequency deviation – possible generator instability,0.637,Frequency deviation – possible generator instability
Power Distribution,Frequency deviation – possible generator instability,Frequency deviation – possible generator instability,Frequency deviation – possible generator instability,0.733,Frequency deviation – possible generator instability
Power Distribution,Frequency deviation – possible generator instability,Frequency deviation – possible generator instability,Frequency deviation – possible generator instability,0.884,Frequency deviation – possible generator instability
Power Distribution,Frequency deviation – possible generator instability,Frequency deviation – possible generator instability,Frequency deviation – possible generator instability,0.892,Frequency deviation – possible generator instability
Power Distribution,Frequency deviation – possible generator instability,Frequency deviation – possible generator instability,Frequency deviation – possible generator instability,0.895,Frequency deviation – possible generator instability
Power Distribution,Frequency deviation – possible generator instability,Frequency deviation – possible generator instability,Frequency deviation – possible generator instability,0.718,Frequency deviation – possible generator instability
Power Distribution,Frequency deviation – possible generator instability,Frequency deviation – possible generator instability,Frequency deviation – possible generator instability,0.814,Frequency deviation – possible generator instability
Power Distribution,Frequency deviation – possible generator instability,Frequency deviation – possible generator instability,Frequency deviation – possible generator instability,0.946,Frequency deviation – possible generator instability
Power Distribution,Undervoltage under high load – possible transformer degradation,Undervoltage under high load – possible transformer degradation,Undervoltage under high load – possible transformer degradation,0.927,Undervoltage under high load – possible transformer degradation
Power Distribution,Frequency deviation – possible generator instability,Frequency deviation – possible generator instability,Frequency deviation – possible generator instability,0.809,Frequency deviation – possible generator instability
Power Distribution,Frequency deviation – possible generator instability,Frequency deviation – possible generator instability,Frequency deviation – possible generator instability,0.909,Frequency deviation – possible generator instability
Power Distribution,Frequency deviation – possible generator instability,Frequency deviation – possible generator instability,Frequency deviation – possible generator instability,0.811,Frequency deviation – possible generator instability
Power Distribution,Frequency deviation – possible generator instability,Frequency deviation – possible generator instability,Frequency deviation – possible generator instability,0.879,Frequency deviation – possible generator instability
Power Distribution,Frequency deviation – possible generator instability,Frequency deviation – possible generator instability,Frequency deviation – possible generator instability,0.926,Frequency deviation – possible generator instability
Power Distribution,Frequency deviation – possible generator instability,Frequency deviation – possible generator instability,Frequency deviation – possible generator instability,0.781,Frequency deviation – possible generator instability
Power Distribution,Frequency deviation – possible generator instability,Frequency deviation – possible generator instability,Frequency deviation – possible generator instability,0.855,Frequency deviation – possible generator instability
Power Distribution,Frequency deviation – possible generator instability,Frequency deviation – possible generator instability,Sensor calibration issue,0.387,Frequency deviation – possible generator instability
Power Distribution,Frequency deviation – possible generator instability,Frequency deviation – possible generator instability,Frequency deviation – possible generator instability,0.638,Frequency deviation – possible generator instability
Power Distribution,Frequency deviation – possible generator instability,Frequency deviation – possible generator instability,Frequency deviation – possible generator instability,0.644,Frequency deviation – possible generator instability
Power Distribution,Frequency deviation – possible generator instability,Frequency deviation – possible generator instability,Frequency deviation – possible generator instability,0.708,Frequency deviation – possible generator instability
Power Distribution,Undervoltage under high load – possible transformer degradation,Undervoltage under high load – possible transformer degradation,Undervoltage under high load – possible transformer degradation,0.637,Undervoltage under high load – possible transformer degradation
Power Distribution,Frequency deviation – possible generator instability,Frequency deviation – possible generator instability,Frequency deviation – possible generator instability,0.923,Frequency deviation – possible generator instability
Power Distribution,Frequency deviation – possible generator instability,Frequency deviation – possible generator instability,Frequency deviation – possible generator instability,0.665,Frequency deviation – possible generator instability
Power Distribution,Frequency deviation – possible generator instability,Frequency deviation – possible generator instability,Frequency deviation – possible generator instability,0.865,Frequency deviation – possible generator instability
Power Distribution,Frequency deviation – possible generator instability,Frequency deviation – possible generator instability,Frequency deviation – possible generator instability,0.727,Frequency deviation – possible generator instability
Power Distribution,Undervoltage under high load – possible transformer degradation,Undervoltage under high load – possible transformer degradation,Undervoltage under high load – possible transformer degradation,0.884,Undervoltage under high load – possible transformer degradation
Power Distribution,Frequency deviation – possible generator instability,Frequency deviation – possible generator instability,Frequency deviation – possible generator instability,0.757,Frequency deviation – possible generator instability
Power Distribution,Frequency deviation – possible generator instability,Frequency deviation – possible generator instability,Frequency deviation – possible generator instability,0.886,Frequency deviation – possible generator instability
Power Distribution,Frequency deviation – possible generator instability,Frequency deviation – possible generator instability,Frequency deviation – possible generator instability,0.93,Frequency deviation – possible generator instability
Power Distribution,Frequency deviation – possible generator instability,Frequency deviation – possible generator instability,Frequency deviation – possible generator instability,0.861,Frequency deviation – possible generator instability
Power Distribution,Frequency deviation – possible generator instability,Frequency deviation – possible generator instability,Frequency deviation – possible generator instability,0.644,Frequency deviation – possible generator instability
Power Distribution,Frequency deviation – possible generator instability,Frequency deviation – possible generator instability,Frequency deviation – possible generator instability,0.896,Frequency deviation – possible generator instability
Power Distribution,Frequency deviation – possible generator instability,Frequency deviation – possible generator instability,Frequency deviation – possible generator instability,0.64,Frequency deviation – possible generator instability
Power Distribution,Frequency deviation – possible generator instability,Frequency deviation – possible generator instability,Frequency deviation – possible generator instability,0.777,Frequency deviation – possible generator instability
Power Distribution,Frequency deviation – possible generator instability,Frequency deviation – possible generator instability,,0.334,Frequency deviation – possible generator instability
Power Distribution,Frequency deviation – possible generator instability,Frequency deviation – possible generator instability,Frequency deviation – possible generator instability,0.782,Frequency deviation – possible generator instability
Power Distribution,Frequency deviation – possible generator instability,Frequency deviation – possible generator instability,General performance degradation,0.317,Frequency deviation – possible generator instability
Power Distribution,Frequency deviation – possible generator instability,Frequency deviation – possible generator instability,Frequency deviation – possible generator instability,0.91,Frequency deviation – possible generator instability
Power Distribution,Frequency deviation – possible generator instability,Frequency deviation – possible generator instability,Frequency deviation – possible generator instability,0.892,Frequency deviation – possible generator instability
Power Distribution,Frequency deviation – possible generator instability,Frequency deviation – possible generator instability,Frequency deviation – possible generator instability,0.865,Frequency deviation – possible generator instability
Power Distribution,Undervoltage under high load – possible transformer degradation,Undervoltage under high load – possible transformer degradation,Undervoltage under high load – possible transformer degradation,0.943,Undervoltage under high load – possible transformer degradation
Power Distribution,Frequency deviation – possible generator instability,Frequency deviation – possible generator instability,Frequency deviation – possible generator instability,0.923,Frequency deviation – possible generator instability
Power Distribution,Frequency deviation – possible generator instability,Frequency deviation – possible generator instability,Frequency deviation – possible generator instability,0.913,Frequency deviation – possible generator instability
Power Distribution,Frequency deviation – possible generator instability,Frequency deviation – possible generator instability,Frequency deviation – possible generator instability,0.842,Frequency deviation – possible generator instability
Power Distribution,Frequency deviation – possible generator instability,Frequency deviation – possible generator instability,Frequency deviation – possible generator instability,0.938,Frequency deviation – possible generator instability
Power Distribution,Frequency deviation – possible generator instability,Frequency deviation – possible generator instability,Frequency deviation – possible generator instability,0.799,Frequency deviation – possible generator instability
Power Distribution,Frequency deviation – possible generator instability,Frequency deviation – possible generator instability,,0.313,Frequency deviation – possible generator instability
Power Distribution,Frequency deviation – possible generator instability,Frequency deviation – possible generator instability,Frequency deviation – possible generator instability,0.834,Frequency deviation – possible generator instability
Power Distribution,Frequency deviation – possible generator instability,Frequency deviation – possible generator instability,Frequency deviation – possible generator instability,0.758,Frequency deviation – possible generator instability
Power Distribution,Frequency deviation – possible generator instability,Frequency deviation – possible generator instability,Frequency deviation – possible generator instability,0.923,Frequency deviation – possible generator instability
Power Distribution,Frequency deviation – possible generator instability,Frequency deviation – possible generator instability,,0.378,Frequency deviation – possible generator instability
Power Distribution,Frequency deviation – possible generator instability,Frequency deviation – possible generator instability,Frequency deviation – possible generator instability,0.919,Frequency deviation – possible generator instability
Power Distribution,Frequency deviation – possible generator instability,Frequency deviation – possible generator instability,Frequency deviation – possible generator instability,0.74,Frequency deviation – possible generator instability
Power Distribution,Undervoltage under high load – possible transformer degradation,Undervoltage under high load – possible transformer degradation,Undervoltage under high load – possible transformer degradation,0.621,Undervoltage under high load – possible transformer degradation
Power Distribution,Frequency deviation – possible generator instability,Frequency deviation – possible generator instability,Frequency deviation – possible generator instability,0.816,Frequency deviation – possible generator instability
Power Distribution,Frequency deviation – possible generator instability,Frequency deviation – possible generator instability,Frequency deviation – possible generator instability,0.827,Frequency deviation – possible generator instability
Power Distribution,Frequency deviation – possible generator instability,Frequency deviation – possible generator instability,Frequency deviation – possible generator instability,0.832,Frequency deviation – possible generator instability
Power Distribution,Frequency deviation – possible generator instability,Frequency deviation – possible generator instability,Unexpected power fluctuation,0.41,Frequency deviation – possible generator instability
Power Distribution,Undervoltage under high load – possible transformer degradation,Undervoltage under high load – possible transformer degradation,Undervoltage under high load – possible transformer degradation,0.877,Undervoltage under high load – possible transformer degradation
Power Distribution,Frequency deviation – possible generator instability,Frequency deviation – possible generator instability,,0.28,Frequency deviation – possible generator instability
Power Distribution,Undervoltage under high load – possible transformer degradation,Undervoltage under high load – possible transformer degradation,Undervoltage under high load – possible transformer degradation,0.663,Undervoltage under high load – possible transformer degradation
Power Distribution,Frequency deviation – possible generator instability,Frequency deviation – possible generator instability,,0.346,Frequency deviation – possible generator instability
Power Distribution,Undervoltage under high load – possible transformer degradation,Undervoltage under high load – possible transformer degradation,Undervoltage under high load – possible transformer degradation,0.738,Undervoltage under high load – possible transformer degradation
Power Distribution,Frequency deviation – possible generator instability,Frequency deviation – possible generator instability,,0.334,Frequency deviation – possible generator instability
Power Distribution,Frequency deviation – possible generator instability,Frequency deviation – possible generator instability,Frequency deviation – possible generator instability,0.622,Frequency deviation – possible generator instability
Power Distribution,Frequency deviation – possible generator instability,Frequency deviation – possible generator instability,,0.304,Frequency deviation – possible generator instability
Power Distribution,Frequency deviation – possible generator instability,Frequency deviation – possible generator instability,Frequency deviation – possible generator instability,0.609,Frequency deviation – possible generator instability
Power Distribution,Frequency deviation – possible generator instability,Frequency deviation – possible generator instability,Frequency deviation – possible generator instability,0.615,Frequency deviation – possible generator instability
Power Distribution,Frequency deviation – possible generator instability,Frequency deviation – possible generator instability,Frequency deviation – possible generator instability,0.766,Frequency deviation – possible generator instability
Power Distribution,Frequency deviation – possible generator instability,Frequency deviation – possible generator instability,Frequency deviation – possible generator instability,0.834,Frequency deviation – possible generator instability
Power Distribution,Frequency deviation – possible generator instability,Frequency deviation – possible generator instability,Frequency deviation – possible generator instability,0.635,Frequency deviation – possible generator instability
Power Distribution,Frequency deviation – possible generator instability,Frequency deviation – possible generator instability,Frequency deviation – possible generator instability,0.779,Frequency deviation – possible generator instability
Power Distribution,Undervoltage under high load – possible transformer degradation,Undervoltage under high load – possible transformer degradation,Undervoltage under high load – possible transformer degradation,0.806,Undervoltage under high load – possible transformer degradation
Power Distribution,Frequency deviation – possible generator instability,Frequency deviation – possible generator instability,Frequency deviation – possible generator instability,0.629,Frequency deviation – possible generator instability
Power Distribution,Frequency deviation – possible generator instability,Frequency deviation – possible generator instability,Sensor calibration issue,0.347,Frequency deviation – possible generator instability
Power Distribution,Frequency deviation – possible generator instability,Frequency deviation – possible generator instability,,0.315,Frequency deviation – possible generator instability
Power Distribution,Frequency deviation – possible generator instability,Frequency deviation – possible generator instability,Frequency deviation – possible generator instability,0.655,Frequency deviation – possible generator instability
Power Distribution,Frequency deviation – possible generator instability,Frequency deviation – possible generator instability,Frequency deviation – possible generator instability,0.941,Frequency deviation – possible generator instability
Power Distribution,Undervoltage under high load – possible transformer degradation,Undervoltage under high load – possible transformer degradation,Control system instability,0.337,Undervoltage under high load – possible transformer degradation
Power Distribution,Frequency deviation – possible generator instability,Frequency deviation – possible generator instability,Frequency deviation – possible generator instability,0.691,Frequency deviation – possible generator instability
Power Distribution,Frequency deviation – possible generator instability,Frequency deviation – possible generator instability,Frequency deviation – possible generator instability,0.77,Frequency deviation – possible generator instability
Power Distribution,Frequency deviation – possible generator instability,Frequency deviation – possible generator instability,Frequency deviation – possible generator instability,0.8,Frequency deviation – possible generator instability
Power Distribution,Frequency deviation – possible generator instability,Frequency deviation – possible generator instability,Frequency deviation – possible generator instability,0.69,Frequency deviation – possible generator instability
Power Distribution,Frequency deviation – possible generator instability,Frequency deviation – possible generator instability,,0.338,Frequency deviation – possible generator instability
Power Distribution,Frequency deviation – possible generator instability,Frequency deviation – possible generator instability,Frequency deviation – possible generator instability,0.857,Frequency deviation – possible generator instability
Power Distribution,Frequency deviation – possible generator instability,Frequency deviation – possible generator instability,Frequency deviation – possible generator instability,0.858,Frequency deviation – possible generator instability
Power Distribution,Frequency deviation – possible generator instability,Frequency deviation – possible generator instability,Frequency deviation – possible generator instability,0.698,Frequency deviation – possible generator instability
Power Distribution,Frequency deviation – possible generator instability,Frequency deviation – possible generator instability,,0.327,Frequency deviation – possible generator instability
Power Distribution,Frequency deviation – possible generator instability,Frequency deviation – possible generator instability,Frequency deviation – possible generator instability,0.875,Frequency deviation – possible generator instability
Power Distribution,Frequency deviation – possible generator instability,Frequency deviation – possible generator instability,,0.281,Frequency deviation – possible generator instability
Power Distribution,Frequency deviation – possible generator instability,Frequency deviation – possible generator instability,Frequency deviation – possible generator instability,0.666,Frequency deviation – possible generator instability
Power Distribution,Frequency deviation – possible generator instability,Frequency deviation – possible generator instability,,0.28,Frequency deviation – possible generator instability
Power Distribution,Frequency deviation – possible generator instability,Frequency deviation – possible generator instability,Frequency deviation – possible generator instability,0.831,Frequency deviation – possible generator instability
Power Distribution,Frequency deviation – possible generator instability,Frequency deviation – possible generator instability,Frequency deviation – possible generator instability,0.911,Frequency deviation – possible generator instability
Power Distribution,Frequency deviation – possible generator instability,Frequency deviation – possible generator instability,Frequency deviation – possible generator instability,0.716,Frequency deviation – possible generator instability
Power Distribution,Frequency deviation – possible generator instability,Frequency deviation – possible generator instability,Frequency deviation – possible generator instability,0.806,Frequency deviation – possible generator instability
Power Distribution,Frequency deviation – possible generator instability,Frequency deviation – possible generator instability,Frequency deviation – possible generator instability,0.829,Frequency deviation – possible generator instability
Power Distribution,Frequency deviation – possible generator instability,Frequency deviation – possible generator instability,General performance degradation,0.462,Frequency deviation – possible generator instability
Power Distribution,Frequency deviation – possible generator instability,Frequency deviation – possible generator instability,Frequency deviation – possible generator instability,0.713,Frequency deviation – possible generator instability
Power Distribution,Frequency deviation – possible generator instability,Frequency deviation – possible generator instability,Frequency deviation – possible generator instability,0.614,Frequency deviation – possible generator instability
Power Distribution,Frequency deviation – possible generator instability,Frequency deviation – possible generator instability,Frequency deviation – possible generator instability,0.837,Frequency deviation – possible generator instability
Power Distribution,Frequency deviation – possible generator instability,Frequency deviation – possible generator instability,Frequency deviation – possible generator instability,0.895,Frequency deviation – possible generator instability
Power Distribution,Frequency deviation – possible generator instability,Frequency deviation – possible generator instability,Frequency deviation – possible generator instability,0.806,Frequency deviation – possible generator instability
Power Distribution,Frequency deviation – possible generator instability,Frequency deviation – possible generator instability,Frequency deviation – possible generator instability,0.743,Frequency deviation – possible generator instability
Power Distribution,Frequency deviation – possible generator instability,Frequency deviation – possible generator instability,Frequency deviation – possible generator instability,0.842,Frequency deviation – possible generator instability
Power Distribution,Frequency deviation – possible generator instability,Frequency deviation – possible generator instability,Frequency deviation – possible generator instability,0.732,Frequency deviation – possible generator instability
Power Distribution,Frequency deviation – possible generator instability,Frequency deviation – possible generator instability,Frequency deviation – possible generator instability,0.789,Frequency deviation – possible generator instability
Power Distribution,Frequency deviation – possible generator instability,Frequency deviation – possible generator instability,Frequency deviation – possible generator instability,0.831,Frequency deviation – possible generator instability
Power Distribution,Frequency deviation – possible generator instability,Frequency deviation – possible generator instability,Control system instability,0.393,Frequency deviation – possible generator instability
Power Distribution,Frequency deviation – possible generator instability,Frequency deviation – possible generator instability,Frequency deviation – possible generator instability,0.89,Frequency deviation – possible generator instability
Power Distribution,Undervoltage under high load – possible transformer degradation,Undervoltage under high load – possible transformer degradation,Undervoltage under high load – possible transformer degradation,0.899,Undervoltage under high load – possible transformer degradation
Power Distribution,Frequency deviation – possible generator instability,Frequency deviation – possible generator instability,,0.305,Frequency deviation – possible generator instability
Power Distribution,Frequency deviation – possible generator instability,Frequency deviation – possible generator instability,Frequency deviation – possible generator instability,0.796,Frequency deviation – possible generator instability
Power Distribution,Frequency deviation – possible generator instability,Frequency deviation – possible generator instability,Frequency deviation – possible generator instability,0.87,Frequency deviation – possible generator instability
Power Distribution,Frequency deviation – possible generator instability,Frequency deviation – possible generator instability,Frequency deviation – possible generator instability,0.832,Frequency deviation – possible generator instability
Power Distribution,Frequency deviation – possible generator instability,Frequency deviation – possible generator instability,Frequency deviation – possible generator instability,0.701,Frequency deviation – possible generator instability
Power Distribution,Undervoltage under high load – possible transformer degradation,Frequency deviation – possible generator instability,Undervoltage under high load – possible transformer degradation,0.815,Frequency deviation – possible generator instability
Power Distribution,Frequency deviation – possible generator instability,Frequency deviation – possible generator instability,Frequency deviation – possible generator instability,0.924,Frequency deviation – possible generator instability
Power Distribution,Frequency deviation – possible generator instability,Frequency deviation – possible generator instability,Frequency deviation – possible generator instability,0.864,Frequency deviation – possible generator instability
Power Distribution,Frequency deviation – possible generator instability,Frequency deviation – possible generator instability,Frequency deviation – possible generator instability,0.718,Frequency deviation – possible generator instability
Power Distribution,Frequency deviation – possible generator instability,Frequency deviation – possible generator instability,Frequency deviation – possible generator instability,0.71,Frequency deviation – possible generator instability
Power Distribution,Undervoltage under high load – possible transformer degradation,Undervoltage under high load – possible transformer degradation,Sensor calibration issue,0.32,Undervoltage under high load – possible transformer degradation
Power Distribution,Frequency deviation – possible generator instability,Frequency deviation – possible generator instability,Frequency deviation – possible generator instability,0.837,Frequency deviation – possible generator instability
Power Distribution,Frequency deviation – possible generator instability,Frequency deviation – possible generator instability,Frequency deviation – possible generator instability,0.649,Frequency deviation – possible generator instability
Power Distribution,Frequency deviation – possible generator instability,Frequency deviation – possible generator instability,Frequency deviation – possible generator instability,0.943,Frequency deviation – possible generator instability
Power Distribution,Frequency deviation – possible generator instability,Frequency deviation – possible generator instability,Frequency deviation – possible generator instability,0.897,Frequency deviation – possible generator instability
Power Distribution,Frequency deviation – possible generator instability,Frequency deviation – possible generator instability,,0.352,Frequency deviation – possible generator instability
Power Distribution,Frequency deviation – possible generator instability,Frequency deviation – possible generator instability,Frequency deviation – possible generator instability,0.612,Frequency deviation – possible generator instability
Power Distribution,Undervoltage under high load – possible transformer degradation,Undervoltage under high load – possible transformer degradation,Undervoltage under high load – possible transformer degradation,0.808,Undervoltage under high load – possible transformer degradation
Power Distribution,Frequency deviation – possible generator instability,Frequency deviation – possible generator instability,Frequency deviation – possible generator instability,0.622,Frequency deviation – possible generator instability
Power Distribution,Undervoltage under high load – possible transformer degradation,Undervoltage under high load – possible transformer degradation,Undervoltage under high load – possible transformer degradation,0.855,Undervoltage under high load – possible transformer degradation
Power Distribution,Frequency deviation – possible generator instability,Frequency deviation – possible generator instability,Frequency deviation – possible generator instability,0.914,Frequency deviation – possible generator instability
Power Distribution,Frequency deviation – possible generator instability,Frequency deviation – possible generator instability,Frequency deviation – possible generator instability,0.743,Frequency deviation – possible generator instability
Power Distribution,Frequency deviation – possible generator instability,Frequency deviation – possible generator instability,,0.335,Frequency deviation – possible generator instability
Power Distribution,Frequency deviation – possible generator instability,Frequency deviation – possible generator instability,Frequency deviation – possible generator instability,0.844,Frequency deviation – possible generator instability
Power Distribution,Frequency deviation – possible generator instability,Frequency deviation – possible generator instability,Frequency deviation – possible generator instability,0.838,Frequency deviation – possible generator instability
Power Distribution,Frequency deviation – possible generator instability,Frequency deviation – possible generator instability,Frequency deviation – possible generator instability,0.741,Frequency deviation – possible generator instability
Power Distribution,Frequency deviation – possible generator instability,Frequency deviation – possible generator instability,Frequency deviation – possible generator instability,0.882,Frequency deviation – possible generator instability
Power Distribution,Frequency deviation – possible generator instability,Frequency deviation – possible generator instability,Frequency deviation – possible generator instability,0.669,Frequency deviation – possible generator instability
Power Distribution,Frequency deviation – possible generator instability,Frequency deviation – possible generator instability,Frequency deviation – possible generator instability,0.668,Frequency deviation – possible generator instability
Power Distribution,Frequency deviation – possible generator instability,Frequency deviation – possible generator instability,Frequency deviation – possible generator instability,0.876,Frequency deviation – possible generator instability
Power Distribution,Frequency deviation – possible generator instability,Frequency deviation – possible generator instability,Frequency deviation – possible generator instability,0.709,Frequency deviation – possible generator instability
Power Distribution,Frequency deviation – possible generator instability,Frequency deviation – possible generator instability,Frequency deviation – possible generator instability,0.921,Frequency deviation – possible generator instability
Power Distribution,Frequency deviation – possible generator instability,Frequency deviation – possible generator instability,Frequency deviation – possible generator instability,0.751,Frequency deviation – possible generator instability
Power Distribution,Frequency deviation – possible generator instability,Frequency deviation – possible generator instability,Frequency deviation – possible generator instability,0.863,Frequency deviation – possible generator instability
Power Distribution,Frequency deviation – possible generator instability,Frequency deviation – possible generator instability,Frequency deviation – possible generator instability,0.735,Frequency deviation – possible generator instability
Power Distribution,Frequency deviation – possible generator instability,Frequency deviation – possible generator instability,Frequency deviation – possible generator instability,0.64,Frequency deviation – possible generator instability
Power Distribution,Frequency deviation – possible generator instability,Frequency deviation – possible generator instability,Frequency deviation – possible generator instability,0.938,Frequency deviation – possible generator instability
Power Distribution,Frequency deviation – possible generator instability,Frequency deviation – possible generator instability,Frequency deviation – possible generator instability,0.706,Frequency deviation – possible generator instability
Power Distribution,Frequency deviation – possible generator instability,Frequency deviation – possible generator instability,Frequency deviation – possible generator instability,0.656,Frequency deviation – possible generator instability
Power Distribution,Frequency deviation – possible generator instability,Frequency deviation – possible generator instability,,0.245,Frequency deviation – possible generator instability
Power Distribution,Frequency deviation – possible generator instability,Frequency deviation – possible generator instability,Frequency deviation – possible generator instability,0.889,Frequency deviation – possible generator instability
Power Distribution,Frequency deviation – possible generator instability,Frequency deviation – possible generator instability,Frequency deviation – possible generator instability,0.615,Frequency deviation – possible generator instability
Power Distribution,Frequency deviation – possible generator instability,Frequency deviation – possible generator instability,Frequency deviation – possible generator instability,0.651,Frequency deviation – possible generator instability
Power Distribution,Frequency deviation – possible generator instability,Frequency deviation – possible generator instability,Frequency deviation – possible generator instability,0.725,Frequency deviation – possible generator instability
Power Distribution,Undervoltage under high load – possible transformer degradation,Undervoltage under high load – possible transformer degradation,Undervoltage under high load – possible transformer degradation,0.648,Undervoltage under high load – possible transformer degradation
Power Distribution,Frequency deviation – possible generator instability,Frequency deviation – possible generator instability,Frequency deviation – possible generator instability,0.819,Frequency deviation – possible generator instability
Power Distribution,Frequency deviation – possible generator instability,Frequency deviation – possible generator instability,Frequency deviation – possible generator instability,0.829,Frequency deviation – possible generator instability
Power Distribution,Frequency deviation – possible generator instability,Frequency deviation – possible generator instability,Frequency deviation – possible generator instability,0.901,Frequency deviation – possible generator instability
Power Distribution,Frequency deviation – possible generator instability,Frequency deviation – possible generator instability,Frequency deviation – possible generator instability,0.771,Frequency deviation – possible generator instability
Power Distribution,Frequency deviation – possible generator instability,Frequency deviation – possible generator instability,,0.26,Frequency deviation – possible generator instability
Power Distribution,Frequency deviation – possible generator instability,Frequency deviation – possible generator instability,,0.335,Frequency deviation – possible generator instability
Power Distribution,Frequency deviation – possible generator instability,Frequency deviation – possible generator instability,Frequency deviation – possible generator instability,0.665,Frequency deviation – possible generator instability
Power Distribution,Frequency deviation – possible generator instability,Frequency deviation – possible generator instability,Frequency deviation – possible generator instability,0.709,Frequency deviation – possible generator instability
Power Distribution,Frequency deviation – possible generator instability,Frequency deviation – possible generator instability,Frequency deviation – possible generator instability,0.736,Frequency deviation – possible generator instability
Power Distribution,Frequency deviation – possible generator instability,Frequency deviation – possible generator instability,,0.348,Frequency deviation – possible generator instability
Power Distribution,Frequency deviation – possible generator instability,Frequency deviation – possible generator instability,Frequency deviation – possible generator instability,0.785,Frequency deviation – possible generator instability
Power Distribution,Frequency deviation – possible generator instability,Frequency deviation – possible generator instability,Frequency deviation – possible generator instability,0.605,Frequency deviation – possible generator instability
Power Distribution,Frequency deviation – possible generator instability,Frequency deviation – possible generator instability,Frequency deviation – possible generator instability,0.857,Frequency deviation – possible generator instability
Power Distribution,Frequency deviation – possible generator instability,Frequency deviation – possible generator instability,Frequency deviation – possible generator instability,0.608,Frequency deviation – possible generator instability
Power Distribution,Frequency deviation – possible generator instability,Frequency deviation – possible generator instability,,0.285,Frequency deviation – possible generator instability
Power Distribution,Frequency deviation – possible generator instability,Frequency deviation – possible generator instability,Frequency deviation – possible generator instability,0.787,Frequency deviation – possible generator instability
Power Distribution,Frequency deviation – possible generator instability,Frequency deviation – possible generator instability,General performance degradation,0.438,Frequency deviation – possible generator instability
Power Distribution,Frequency deviation – possible generator instability,Frequency deviation – possible generator instability,Control system instability,0.323,Frequency deviation – possible generator instability
Power Distribution,Frequency deviation – possible generator instability,Frequency deviation – possible generator instability,Frequency deviation – possible generator instability,0.617,Frequency deviation – possible generator instability
Power Distribution,Frequency deviation – possible generator instability,Frequency deviation – possible generator instability,Frequency deviation – possible generator instability,0.654,Frequency deviation – possible generator instability
Power Distribution,Frequency deviation – possible generator instability,Frequency deviation – possible generator instability,Frequency deviation – possible generator instability,0.839,Frequency deviation – possible generator instability
Power Distribution,Undervoltage under high load – possible transformer degradation,Undervoltage under high load – possible transformer degradation,Undervoltage under high load – possible transformer degradation,0.622,Undervoltage under high load – possible transformer degradation
Power Distribution,Frequency deviation – possible generator instability,Frequency deviation – possible generator instability,Frequency deviation – possible generator instability,0.791,Frequency deviation – possible generator instability
Power Distribution,Frequency deviation – possible generator instability,Frequency deviation – possible generator instability,Frequency deviation – possible generator instability,0.687,Frequency deviation – possible generator instability
Power Distribution,Frequency deviation – possible generator instability,Undervoltage under high load – possible transformer degradation,Frequency deviation – possible generator instability,0.704,Undervoltage under high load – possible transformer degradation
Power Distribution,Frequency deviation – possible generator instability,Frequency deviation – possible generator instability,Sensor calibration issue,0.313,Frequency deviation – possible generator instability
Power Distribution,Frequency deviation – possible generator instability,Frequency deviation – possible generator instability,Frequency deviation – possible generator instability,0.84,Frequency deviation – possible generator instability
Power Distribution,Frequency deviation – possible generator instability,Frequency deviation – possible generator instability,Frequency deviation – possible generator instability,0.914,Frequency deviation – possible generator instability
Power Distribution,Frequency deviation – possible generator instability,Frequency deviation – possible generator instability,Frequency deviation – possible generator instability,0.743,Frequency deviation – possible generator instability
Power Distribution,Frequency deviation – possible generator instability,Frequency deviation – possible generator instability,Frequency deviation – possible generator instability,0.639,Frequency deviation – possible generator instability
Power Distribution,Frequency deviation – possible generator instability,Frequency deviation – possible generator instability,,0.32,Frequency deviation – possible generator instability
Power Distribution,Undervoltage under high load – possible transformer degradation,Undervoltage under high load – possible transformer degradation,Undervoltage under high load – possible transformer degradation,0.948,Undervoltage under high load – possible transformer degradation
Power Distribution,Frequency deviation – possible generator instability,Frequency deviation – possible generator instability,Frequency deviation – possible generator instability,0.793,Frequency deviation – possible generator instability
Power Distribution,Frequency deviation – possible generator instability,Frequency deviation – possible generator instability,Frequency deviation – possible generator instability,0.842,Frequency deviation – possible generator instability
Power Distribution,Frequency deviation – possible generator instability,Frequency deviation – possible generator instability,Frequency deviation – possible generator instability,0.812,Frequency deviation – possible generator instability
Power Distribution,Frequency deviation – possible generator instability,Frequency deviation – possible generator instability,,0.272,Frequency deviation – possible generator instability
Power Distribution,Frequency deviation – possible generator instability,Frequency deviation – possible generator instability,Frequency deviation – possible generator instability,0.629,Frequency deviation – possible generator instability
Power Distribution,Frequency deviation – possible generator instability,Frequency deviation – possible generator instability,Frequency deviation – possible generator instability,0.755,Frequency deviation – possible generator instability
Power Distribution,Frequency deviation – possible generator instability,Frequency deviation – possible generator instability,Frequency deviation – possible generator instability,0.606,Frequency deviation – possible generator instability
Power Distribution,Frequency deviation – possible generator instability,Frequency deviation – possible generator instability,Frequency deviation – possible generator instability,0.676,Frequency deviation – possible generator instability
Power Distribution,Frequency deviation – possible generator instability,Frequency deviation – possible generator instability,Frequency deviation – possible generator instability,0.87,Frequency deviation – possible generator instability
Power Distribution,Frequency deviation – possible generator instability,Frequency deviation – possible generator instability,Frequency deviation – possible generator instability,0.774,Frequency deviation – possible generator instability
Power Distribution,Frequency deviation – possible generator instability,Frequency deviation – possible generator instability,Unexpected power fluctuation,0.378,Frequency deviation – possible generator instability
Power Distribution,Frequency deviation – possible generator instability,Frequency deviation – possible generator instability,Frequency deviation – possible generator instability,0.713,Frequency deviation – possible generator instability
Power Distribution,Undervoltage under high load – possible transformer degradation,Undervoltage under high load – possible transformer degradation,Undervoltage under high load – possible transformer degradation,0.925,Undervoltage under high load – possible transformer degradation
Power Distribution,Frequency deviation – possible generator instability,Frequency deviation – possible generator instability,,0.325,Frequency deviation – possible generator instability
Power Distribution,Frequency deviation – possible generator instability,Frequency deviation – possible generator instability,Frequency deviation – possible generator instability,0.93,Frequency deviation – possible generator instability
Power Distribution,Frequency deviation – possible generator instability,Frequency deviation – possible generator instability,Frequency deviation – possible generator instability,0.767,Frequency deviation – possible generator instability
Power Distribution,Frequency deviation – possible generator instability,Frequency deviation – possible generator instability,Frequency deviation – possible generator instability,0.823,Frequency deviation – possible generator instability
Power Distribution,Frequency deviation – possible generator instability,Frequency deviation – possible generator instability,Frequency deviation – possible generator instability,0.731,Frequency deviation – possible generator instability
Power Distribution,Frequency deviation – possible generator instability,Frequency deviation – possible generator instability,,0.368,Frequency deviation – possible generator instability
Power Distribution,Frequency deviation – possible generator instability,Frequency deviation – possible generator instability,Frequency deviation – possible generator instability,0.765,Frequency deviation – possible generator instability
Power Distribution,Frequency deviation – possible generator instability,Frequency deviation – possible generator instability,,0.304,Frequency deviation – possible generator instability
Power Distribution,Frequency deviation – possible generator instability,Frequency deviation – possible generator instability,Frequency deviation – possible generator instability,0.911,Frequency deviation – possible generator instability
Power Distribution,Frequency deviation – possible generator instability,Frequency deviation – possible generator instability,Frequency deviation – possible generator instability,0.786,Frequency deviation – possible generator instability
Power Distribution,Frequency deviation – possible generator instability,Frequency deviation – possible generator instability,Frequency deviation – possible generator instability,0.737,Frequency deviation – possible generator instability
Power Distribution,Frequency deviation – possible generator instability,Frequency deviation – possible generator instability,Frequency deviation – possible generator instability,0.875,Frequency deviation – possible generator instability
Power Distribution,Frequency deviation – possible generator instability,Frequency deviation – possible generator instability,Frequency deviation – possible generator instability,0.816,Frequency deviation – possible generator instability
Power Distribution,Frequency deviation – possible generator instability,Frequency deviation – possible generator instability,,0.344,Frequency deviation – possible generator instability
Power Distribution,Frequency deviation – possible generator instability,Frequency deviation – possible generator instability,Frequency deviation – possible generator instability,0.829,Frequency deviation – possible generator instability
Power Distribution,Frequency deviation – possible generator instability,Frequency deviation – possible generator instability,Frequency deviation – possible generator instability,0.68,Frequency deviation – possible generator instability
Power Distribution,Frequency deviation – possible generator instability,Frequency deviation – possible generator instability,Frequency deviation – possible generator instability,0.713,Frequency deviation – possible generator instability
Power Distribution,Frequency deviation – possible generator instability,Frequency deviation – possible generator instability,Frequency deviation – possible generator instability,0.888,Frequency deviation – possible generator instability
Power Distribution,Frequency deviation – possible generator instability,Frequency deviation – possible generator instability,Frequency deviation – possible generator instability,0.899,Frequency deviation – possible generator instability
Power Distribution,Frequency deviation – possible generator instability,Frequency deviation – possible generator instability,Frequency deviation – possible generator instability,0.67,Frequency deviation – possible generator instability
Power Distribution,Frequency deviation – possible generator instability,Frequency deviation – possible generator instability,Frequency deviation – possible generator instability,0.654,Frequency deviation – possible generator instability
Power Distribution,Frequency deviation – possible generator instability,Frequency deviation – possible generator instability,Frequency deviation – possible generator instability,0.603,Frequency deviation – possible generator instability
Power Distribution,Undervoltage under high load – possible transformer degradation,Undervoltage under high load – possible transformer degradation,Undervoltage under high load – possible transformer degradation,0.722,Undervoltage under high load – possible transformer degradation
Power Distribution,Frequency deviation – possible generator instability,Frequency deviation – possible generator instability,Frequency deviation – possible generator instability,0.889,Frequency deviation – possible generator instability
Power Distribution,Undervoltage under high load – possible transformer degradation,Undervoltage under high load – possible transformer degradation,General performance degradation,0.397,Undervoltage under high load – possible transformer degradation
Power Distribution,Frequency deviation – possible generator instability,Frequency deviation – possible generator instability,Frequency deviation – possible generator instability,0.929,Frequency deviation – possible generator instability
Power Distribution,Undervoltage under high load – possible transformer degradation,Undervoltage under high load – possible transformer degradation,Undervoltage under high load – possible transformer degradation,0.915,Undervoltage under high load – possible transformer degradation
Power Distribution,Frequency deviation – possible generator instability,Frequency deviation – possible generator instability,Frequency deviation – possible generator instability,0.699,Frequency deviation – possible generator instability
Power Distribution,Frequency deviation – possible generator instability,Frequency deviation – possible generator instability,Frequency deviation – possible generator instability,0.632,Frequency deviation – possible generator instability
Power Distribution,Frequency deviation – possible generator instability,Frequency deviation – possible generator instability,Frequency deviation – possible generator instability,0.659,Frequency deviation – possible generator instability
Power Distribution,Frequency deviation – possible generator instability,Frequency deviation – possible generator instability,Frequency deviation – possible generator instability,0.657,Frequency deviation – possible generator instability
Power Distribution,Frequency deviation – possible generator instability,Frequency deviation – possible generator instability,Frequency deviation – possible generator instability,0.731,Frequency deviation – possible generator instability
Power Distribution,Frequency deviation – possible generator instability,Frequency deviation – possible generator instability,Frequency deviation – possible generator instability,0.632,Frequency deviation – possible generator instability
Power Distribution,Frequency deviation – possible generator instability,Frequency deviation – possible generator instability,Frequency deviation – possible generator instability,0.653,Frequency deviation – possible generator instability
Power Distribution,Frequency deviation – possible generator instability,Frequency deviation – possible generator instability,Frequency deviation – possible generator instability,0.851,Frequency deviation – possible generator instability
Power Distribution,Undervoltage under high load – possible transformer degradation,Undervoltage under high load – possible transformer degradation,Undervoltage under high load – possible transformer degradation,0.744,Undervoltage under high load – possible transformer degradation
Power Distribution,Frequency deviation – possible generator instability,Frequency deviation – possible generator instability,Frequency deviation – possible generator instability,0.658,Frequency deviation – possible generator instability
Power Distribution,Frequency deviation – possible generator instability,Frequency deviation – possible generator instability,Frequency deviation – possible generator instability,0.654,Frequency deviation – possible generator instability
Power Distribution,Frequency deviation – possible generator instability,Frequency deviation – possible generator instability,,0.243,Frequency deviation – possible generator instability
Power Distribution,Frequency deviation – possible generator instability,Frequency deviation – possible generator instability,Frequency deviation – possible generator instability,0.901,Frequency deviation – possible generator instability
Power Distribution,Frequency deviation – possible generator instability,Frequency deviation – possible generator instability,Frequency deviation – possible generator instability,0.947,Frequency deviation – possible generator instability
Power Distribution,Frequency deviation – possible generator instability,Frequency deviation – possible generator instability,Frequency deviation – possible generator instability,0.744,Frequency deviation – possible generator instability
Power Distribution,Frequency deviation – possible generator instability,Frequency deviation – possible generator instability,Frequency deviation – possible generator instability,0.628,Frequency deviation – possible generator instability
Power Distribution,Frequency deviation – possible generator instability,Frequency deviation – possible generator instability,Frequency deviation – possible generator instability,0.881,Frequency deviation – possible generator instability
Power Distribution,Frequency deviation – possible generator instability,Frequency deviation – possible generator instability,Frequency deviation – possible generator instability,0.688,Frequency deviation – possible generator instability
Power Distribution,Frequency deviation – possible generator instability,Frequency deviation – possible generator instability,Frequency deviation – possible generator instability,0.691,Frequency deviation – possible generator instability
Power Distribution,Frequency deviation – possible generator instability,Frequency deviation – possible generator instability,Frequency deviation – possible generator instability,0.725,Frequency deviation – possible generator instability
Power Distribution,Frequency deviation – possible generator instability,Frequency deviation – possible generator instability,,0.327,Frequency deviation – possible generator instability
Power Distribution,Frequency deviation – possible generator instability,Frequency deviation – possible generator instability,Frequency deviation – possible generator instability,0.672,Frequency deviation – possible generator instability
Power Distribution,Frequency deviation – possible generator instability,Frequency deviation – possible generator instability,Frequency deviation – possible generator instability,0.615,Frequency deviation – possible generator instability
Power Distribution,Frequency deviation – possible generator instability,Frequency deviation – possible generator instability,Frequency deviation – possible generator instability,0.787,Frequency deviation – possible generator instability
Power Distribution,Frequency deviation – possible generator instability,Frequency deviation – possible generator instability,Frequency deviation – possible generator instability,0.646,Frequency deviation – possible generator instability
Power Distribution,Frequency deviation – possible generator instability,Frequency deviation – possible generator instability,Frequency deviation – possible generator instability,0.64,Frequency deviation – possible generator instability
Power Distribution,Frequency deviation – possible generator instability,Undervoltage under high load – possible transformer degradation,Frequency deviation – possible generator instability,0.601,Undervoltage under high load – possible transformer degradation
Power Distribution,Frequency deviation – possible generator instability,Frequency deviation – possible generator instability,Frequency deviation – possible generator instability,0.682,Frequency deviation – possible generator instability
Power Distribution,Frequency deviation – possible generator instability,Frequency deviation – possible generator instability,Frequency deviation – possible generator instability,0.729,Frequency deviation – possible generator instability
Power Distribution,Frequency deviation – possible generator instability,Frequency deviation – possible generator instability,Frequency deviation – possible generator instability,0.612,Frequency deviation – possible generator instability
Power Distribution,Frequency deviation – possible generator instability,Frequency deviation – possible generator instability,Frequency deviation – possible generator instability,0.941,Frequency deviation – possible generator instability
Power Distribution,Frequency deviation – possible generator instability,Frequency deviation – possible generator instability,Frequency deviation – possible generator instability,0.684,Frequency deviation – possible generator instability
Power Distribution,Frequency deviation – possible generator instability,Frequency deviation – possible generator instability,Frequency deviation – possible generator instability,0.884,Frequency deviation – possible generator instability
Power Distribution,Frequency deviation – possible generator instability,Frequency deviation – possible generator instability,,0.306,Frequency deviation – possible generator instability
Power Distribution,Frequency deviation – possible generator instability,Frequency deviation – possible generator instability,Frequency deviation – possible generator instability,0.802,Frequency deviation – possible generator instability
Power Distribution,Frequency deviation – possible generator instability,Frequency deviation – possible generator instability,Frequency deviation – possible generator instability,0.925,Frequency deviation – possible generator instability
Power Distribution,Frequency deviation – possible generator instability,Frequency deviation – possible generator instability,Frequency deviation – possible generator instability,0.665,Frequency deviation – possible generator instability
Power Distribution,Frequency deviation – possible generator instability,Frequency deviation – possible generator instability,Frequency deviation – possible generator instability,0.841,Frequency deviation – possible generator instability
Power Distribution,Frequency deviation – possible generator instability,Frequency deviation – possible generator instability,Frequency deviation – possible generator instability,0.726,Frequency deviation – possible generator instability
Power Distribution,Frequency deviation – possible generator instability,Frequency deviation – possible generator instability,Frequency deviation – possible generator instability,0.924,Frequency deviation – possible generator instability
Power Distribution,Frequency deviation – possible generator instability,Frequency deviation – possible generator instability,Frequency deviation – possible generator instability,0.621,Frequency deviation – possible generator instability
Power Distribution,Frequency deviation – possible generator instability,Frequency deviation – possible generator instability,Frequency deviation – possible generator instability,0.687,Frequency deviation – possible generator instability
Power Distribution,Frequency deviation – possible generator instability,Frequency deviation – possible generator instability,Frequency deviation – possible generator instability,0.765,Frequency deviation – possible generator instability
Power Distribution,Frequency deviation – possible generator instability,Frequency deviation – possible generator instability,Sensor calibration issue,0.353,Frequency deviation – possible generator instability
Power Distribution,Frequency deviation – possible generator instability,Frequency deviation – possible generator instability,Frequency deviation – possible generator instability,0.662,Frequency deviation – possible generator instability
Power Distribution,Frequency deviation – possible generator instability,Frequency deviation – possible generator instability,,0.343,Frequency deviation – possible generator instability
Power Distribution,Frequency deviation – possible generator instability,Frequency deviation – possible generator instability,Frequency deviation – possible generator instability,0.786,Frequency deviation – possible generator instability
Power Distribution,Frequency deviation – possible generator instability,Frequency deviation – possible generator instability,Frequency deviation – possible generator instability,0.806,Frequency deviation – possible generator instability
Power Distribution,Frequency deviation – possible generator instability,Frequency deviation – possible generator instability,Unexpected power fluctuation,0.365,Frequency deviation – possible generator instability
Power Distribution,Frequency deviation – possible generator instability,Frequency deviation – possible generator instability,,0.241,Frequency deviation – possible generator instability
Power Distribution,Frequency deviation – possible generator instability,Frequency deviation – possible generator instability,,0.355,Frequency deviation – possible generator instability
Power Distribution,Undervoltage under high load – possible transformer degradation,Undervoltage under high load – possible transformer degradation,Undervoltage under high load – possible transformer degradation,0.679,Undervoltage under high load – possible transformer degradation
Power Distribution,Frequency deviation – possible generator instability,Frequency deviation – possible generator instability,Frequency deviation – possible generator instability,0.803,Frequency deviation – possible generator instability
Power Distribution,Frequency deviation – possible generator instability,Undervoltage under high load – possible transformer degradation,Frequency deviation – possible generator instability,0.93,Undervoltage under high load – possible transformer degradation
Power Distribution,Frequency deviation – possible generator instability,Frequency deviation – possible generator instability,Frequency deviation – possible generator instability,0.652,Frequency deviation – possible generator instability
Power Distribution,Frequency deviation – possible generator instability,Frequency deviation – possible generator instability,Frequency deviation – possible generator instability,0.662,Frequency deviation – possible generator instability
Power Distribution,Frequency deviation – possible generator instability,Frequency deviation – possible generator instability,Sensor calibration issue,0.464,Frequency deviation – possible generator instability
Power Distribution,Undervoltage under high load – possible transformer degradation,Undervoltage under high load – possible transformer degradation,Undervoltage under high load – possible transformer degradation,0.626,Undervoltage under high load – possible transformer degradation
Power Distribution,Frequency deviation – possible generator instability,Frequency deviation – possible generator instability,Frequency deviation – possible generator instability,0.83,Frequency deviation – possible generator instability
Power Distribution,Frequency deviation – possible generator instability,Frequency deviation – possible generator instability,Frequency deviation – possible generator instability,0.946,Frequency deviation – possible generator instability
Power Distribution,Frequency deviation – possible generator instability,Frequency deviation – possible generator instability,Frequency deviation – possible generator instability,0.6,Frequency deviation – possible generator instability
Power Distribution,Frequency deviation – possible generator instability,Frequency deviation – possible generator instability,Frequency deviation – possible generator instability,0.736,Frequency deviation – possible generator instability
Power Distribution,Frequency deviation – possible generator instability,Frequency deviation – possible generator instability,Frequency deviation – possible generator instability,0.786,Frequency deviation – possible generator instability
Power Distribution,Frequency deviation – possible generator instability,Frequency deviation – possible generator instability,Frequency deviation – possible generator instability,0.783,Frequency deviation – possible generator instability
Power Distribution,Frequency deviation – possible generator instability,Frequency deviation – possible generator instability,Frequency deviation – possible generator instability,0.861,Frequency deviation – possible generator instability
Power Distribution,Frequency deviation – possible generator instability,Frequency deviation – possible generator instability,Frequency deviation – possible generator instability,0.939,Frequency deviation – possible generator instability
Power Distribution,Frequency deviation – possible generator instability,Frequency deviation – possible generator instability,Frequency deviation – possible generator instability,0.699,Frequency deviation – possible generator instability
Power Distribution,Frequency deviation – possible generator instability,Frequency deviation – possible generator instability,,0.278,Frequency deviation – possible generator instability
Power Distribution,Frequency deviation – possible generator instability,Frequency deviation – possible generator instability,,0.311,Frequency deviation – possible generator instability
Power Distribution,Frequency deviation – possible generator instability,Frequency deviation – possible generator instability,Frequency deviation – possible generator instability,0.797,Frequency deviation – possible generator instability
Power Distribution,Frequency deviation – possible generator instability,Undervoltage under high load – possible transformer degradation,Frequency deviation – possible generator instability,0.805,Undervoltage under high load – possible transformer degradation
Power Distribution,Frequency deviation – possible generator instability,Frequency deviation – possible generator instability,Frequency deviation – possible generator instability,0.643,Frequency deviation – possible generator instability
Power Distribution,Frequency deviation – possible generator instability,Frequency deviation – possible generator instability,,0.316,Frequency deviation – possible generator instability
Power Distribution,Frequency deviation – possible generator instability,Frequency deviation – possible generator instability,Frequency deviation – possible generator instability,0.874,Frequency deviation – possible generator instability
Power Distribution,Frequency deviation – possible generator instability,Frequency deviation – possible generator instability,Frequency deviation – possible generator instability,0.745,Frequency deviation – possible generator instability
Power Distribution,Frequency deviation – possible generator instability,Frequency deviation – possible generator instability,Frequency deviation – possible generator instability,0.85,Frequency deviation – possible generator instability
Power Distribution,Frequency deviation – possible generator instability,Frequency deviation – possible generator instability,Frequency deviation – possible generator instability,0.783,Frequency deviation – possible generator instability
Power Distribution,Frequency deviation – possible generator instability,Frequency deviation – possible generator instability,Frequency deviation – possible generator instability,0.831,Frequency deviation – possible generator instability
Power Distribution,Frequency deviation – possible generator instability,Frequency deviation – possible generator instability,Frequency deviation – possible generator instability,0.898,Frequency deviation – possible generator instability
Power Distribution,Frequency deviation – possible generator instability,Frequency deviation – possible generator instability,Frequency deviation – possible generator instability,0.896,Frequency deviation – possible generator instability
Power Distribution,Frequency deviation – possible generator instability,Frequency deviation – possible generator instability,Frequency deviation – possible generator instability,0.61,Frequency deviation – possible generator instability
Power Distribution,Frequency deviation – possible generator instability,Frequency deviation – possible generator instability,Frequency deviation – possible generator instability,0.802,Frequency deviation – possible generator instability
Power Distribution,Frequency deviation – possible generator instability,Frequency deviation – possible generator instability,Frequency deviation – possible generator instability,0.845,Frequency deviation – possible generator instability
Power Distribution,Frequency deviation – possible generator instability,Frequency deviation – possible generator instability,Frequency deviation – possible generator instability,0.707,Frequency deviation – possible generator instability
Power Distribution,Frequency deviation – possible generator instability,Frequency deviation – possible generator instability,Frequency deviation – possible generator instability,0.871,Frequency deviation – possible generator instability
Power Distribution,Frequency deviation – possible generator instability,Frequency deviation – possible generator instability,Frequency deviation – possible generator instability,0.894,Frequency deviation – possible generator instability
Power Distribution,Frequency deviation – possible generator instability,Frequency deviation – possible generator instability,Frequency deviation – possible generator instability,0.904,Frequency deviation – possible generator instability
Power Distribution,Frequency deviation – possible generator instability,Frequency deviation – possible generator instability,,0.332,Frequency deviation – possible generator instability
Power Distribution,Frequency deviation – possible generator instability,Frequency deviation – possible generator instability,,0.344,Frequency deviation – possible generator instability
Power Distribution,Frequency deviation – possible generator instability,Frequency deviation – possible generator instability,Frequency deviation – possible generator instability,0.669,Frequency deviation – possible generator instability
Power Distribution,Frequency deviation – possible generator instability,Frequency deviation – possible generator instability,Frequency deviation – possible generator instability,0.878,Frequency deviation – possible generator instability
Power Distribution,Frequency deviation – possible generator instability,Frequency deviation – possible generator instability,Frequency deviation – possible generator instability,0.788,Frequency deviation – possible generator instability
Power Distribution,Frequency deviation – possible generator instability,Frequency deviation – possible generator instability,,0.264,Frequency deviation – possible generator instability
Power Distribution,Frequency deviation – possible generator instability,Frequency deviation – possible generator instability,,0.287,Frequency deviation – possible generator instability
Power Distribution,Frequency deviation – possible generator instability,Frequency deviation – possible generator instability,,0.241,Frequency deviation – possible generator instability
Power Distribution,Frequency deviation – possible generator instability,Frequency deviation – possible generator instability,Frequency deviation – possible generator instability,0.681,Frequency deviation – possible generator instability
Power Distribution,Frequency deviation – possible generator instability,Frequency deviation – possible generator instability,Frequency deviation – possible generator instability,0.823,Frequency deviation – possible generator instability
Power Distribution,Frequency deviation – possible generator instability,Frequency deviation – possible generator instability,General performance degradation,0.33,Frequency deviation – possible generator instability
Power Distribution,Frequency deviation – possible generator instability,Frequency deviation – possible generator instability,Frequency deviation – possible generator instability,0.834,Frequency deviation – possible generator instability
Power Distribution,Frequency deviation – possible generator instability,Frequency deviation – possible generator instability,Frequency deviation – possible generator instability,0.938,Frequency deviation – possible generator instability
Power Distribution,Frequency deviation – possible generator instability,Frequency deviation – possible generator instability,Frequency deviation – possible generator instability,0.885,Frequency deviation – possible generator instability
Power Distribution,Frequency deviation – possible generator instability,Frequency deviation – possible generator instability,Frequency deviation – possible generator instability,0.784,Frequency deviation – possible generator instability
Power Distribution,Frequency deviation – possible generator instability,Frequency deviation – possible generator instability,Frequency deviation – possible generator instability,0.91,Frequency deviation – possible generator instability
Power Distribution,Frequency deviation – possible generator instability,Frequency deviation – possible generator instability,Sensor calibration issue,0.332,Frequency deviation – possible generator instability
Power Distribution,Frequency deviation – possible generator instability,Frequency deviation – possible generator instability,Frequency deviation – possible generator instability,0.863,Frequency deviation – possible generator instability
Power Distribution,Frequency deviation – possible generator instability,Frequency deviation – possible generator instability,Frequency deviation – possible generator instability,0.908,Frequency deviation – possible generator instability
Power Distribution,Frequency deviation – possible generator instability,Frequency deviation – possible generator instability,,0.244,Frequency deviation – possible generator instability
Power Distribution,Frequency deviation – possible generator instability,Frequency deviation – possible generator instability,Frequency deviation – possible generator instability,0.89,Frequency deviation – possible generator instability
Power Distribution,Frequency deviation – possible generator instability,Frequency deviation – possible generator instability,Frequency deviation – possible generator instability,0.85,Frequency deviation – possible generator instability
Power Distribution,Undervoltage under high load – possible transformer degradation,Undervoltage under high load – possible transformer degradation,Undervoltage under high load – possible transformer degradation,0.672,Undervoltage under high load – possible transformer degradation
Power Distribution,Frequency deviation – possible generator instability,Frequency deviation – possible generator instability,,0.291,Frequency deviation – possible generator instability
Power Distribution,Frequency deviation – possible generator instability,Frequency deviation – possible generator instability,Frequency deviation – possible generator instability,0.712,Frequency deviation – possible generator instability
Power Distribution,Frequency deviation – possible generator instability,Frequency deviation – possible generator instability,Frequency deviation – possible generator instability,0.788,Frequency deviation – possible generator instability
Power Distribution,Frequency deviation – possible generator instability,Frequency deviation – possible generator instability,,0.376,Frequency deviation – possible generator instability
Power Distribution,Frequency deviation – possible generator instability,Frequency deviation – possible generator instability,Frequency deviation – possible generator instability,0.857,Frequency deviation – possible generator instability
Power Distribution,Frequency deviation – possible generator instability,Frequency deviation – possible generator instability,Frequency deviation – possible generator instability,0.678,Frequency deviation – possible generator instability
Power Distribution,Frequency deviation – possible generator instability,Frequency deviation – possible generator instability,Frequency deviation – possible generator instability,0.63,Frequency deviation – possible generator instability
Power Distribution,Frequency deviation – possible generator instability,Frequency deviation – possible generator instability,,0.298,Frequency deviation – possible generator instability
Power Distribution,Frequency deviation – possible generator instability,Frequency deviation – possible generator instability,Frequency deviation – possible generator instability,0.606,Frequency deviation – possible generator instability
Power Distribution,Frequency deviation – possible generator instability,Frequency deviation – possible generator instability,Frequency deviation – possible generator instability,0.885,Frequency deviation – possible generator instability
Power Distribution,Frequency deviation – possible generator instability,Frequency deviation – possible generator instability,Frequency deviation – possible generator instability,0.736,Frequency deviation – possible generator instability
Power Distribution,Frequency deviation – possible generator instability,Frequency deviation – possible generator instability,Frequency deviation – possible generator instability,0.832,Frequency deviation – possible generator instability
Power Distribution,Frequency deviation – possible generator instability,Frequency deviation – possible generator instability,Frequency deviation – possible generator instability,0.856,Frequency deviation – possible generator instability
Power Distribution,Frequency deviation – possible generator instability,Frequency deviation – possible generator instability,Frequency deviation – possible generator instability,0.773,Frequency deviation – possible generator instability
Power Distribution,Frequency deviation – possible generator instability,Frequency deviation – possible generator instability,Frequency deviation – possible generator instability,0.879,Frequency deviation – possible generator instability
Power Distribution,Frequency deviation – possible generator instability,Frequency deviation – possible generator instability,Frequency deviation – possible generator instability,0.693,Frequency deviation – possible generator instability
Power Distribution,Undervoltage under high load – possible transformer degradation,Undervoltage under high load – possible transformer degradation,Undervoltage under high load – possible transformer degradation,0.938,Undervoltage under high load – possible transformer degradation
Power Distribution,Frequency deviation – possible generator instability,Frequency deviation – possible generator instability,,0.306,Frequency deviation – possible generator instability
Power Distribution,Frequency deviation – possible generator instability,Frequency deviation – possible generator instability,Frequency deviation – possible generator instability,0.837,Frequency deviation – possible generator instability
Power Distribution,Frequency deviation – possible generator instability,Frequency deviation – possible generator instability,Frequency deviation – possible generator instability,0.847,Frequency deviation – possible generator instability
Power Distribution,Frequency deviation – possible generator instability,Frequency deviation – possible generator instability,,0.292,Frequency deviation – possible generator instability
Power Distribution,Frequency deviation – possible generator instability,Frequency deviation – possible generator instability,Frequency deviation – possible generator instability,0.603,Frequency deviation – possible generator instability
Power Distribution,Frequency deviation – possible generator instability,Frequency deviation – possible generator instability,Unexpected power fluctuation,0.409,Frequency deviation – possible generator instability
Power Distribution,Undervoltage under high load – possible transformer degradation,Undervoltage under high load – possible transformer degradation,Undervoltage under high load – possible transformer degradation,0.87,Undervoltage under high load – possible transformer degradation
Power Distribution,Frequency deviation – possible generator instability,Frequency deviation – possible generator instability,Frequency deviation – possible generator instability,0.9,Frequency deviation – possible generator instability
Power Distribution,Frequency deviation – possible generator instability,Frequency deviation – possible generator instability,Frequency deviation – possible generator instability,0.94,Frequency deviation – possible generator instability
Power Distribution,Frequency deviation – possible generator instability,Frequency deviation – possible generator instability,Frequency deviation – possible generator instability,0.687,Frequency deviation – possible generator instability
Power Distribution,Undervoltage under high load – possible transformer degradation,Undervoltage under high load – possible transformer degradation,Undervoltage under high load – possible transformer degradation,0.777,Undervoltage under high load – possible transformer degradation
Power Distribution,Frequency deviation – possible generator instability,Frequency deviation – possible generator instability,Frequency deviation – possible generator instability,0.638,Frequency deviation – possible generator instability
Power Distribution,Frequency deviation – possible generator instability,Frequency deviation – possible generator instability,Frequency deviation – possible generator instability,0.885,Frequency deviation – possible generator instability
Power Distribution,Frequency deviation – possible generator instability,Frequency deviation – possible generator instability,Frequency deviation – possible generator instability,0.725,Frequency deviation – possible generator instability
Power Distribution,Frequency deviation – possible generator instability,Frequency deviation – possible generator instability,Frequency deviation – possible generator instability,0.827,Frequency deviation – possible generator instability
Power Distribution,Frequency deviation – possible generator instability,Frequency deviation – possible generator instability,Frequency deviation – possible generator instability,0.774,Frequency deviation – possible generator instability
Power Distribution,Frequency deviation – possible generator instability,Frequency deviation – possible generator instability,Frequency deviation – possible generator instability,0.781,Frequency deviation – possible generator instability
Power Distribution,Frequency deviation – possible generator instability,Frequency deviation – possible generator instability,Frequency deviation – possible generator instability,0.915,Frequency deviation – possible generator instability
Power Distribution,Undervoltage under high load – possible transformer degradation,Undervoltage under high load – possible transformer degradation,Undervoltage under high load – possible transformer degradation,0.712,Undervoltage under high load – possible transformer degradation
Power Distribution,Frequency deviation – possible generator instability,Frequency deviation – possible generator instability,,0.271,Frequency deviation – possible generator instability
Power Distribution,Frequency deviation – possible generator instability,Frequency deviation – possible generator instability,Frequency deviation – possible generator instability,0.762,Frequency deviation – possible generator instability
Power Distribution,Frequency deviation – possible generator instability,Frequency deviation – possible generator instability,Frequency deviation – possible generator instability,0.826,Frequency deviation – possible generator instability
Power Distribution,Frequency deviation – possible generator instability,Frequency deviation – possible generator instability,Frequency deviation – possible generator instability,0.853,Frequency deviation – possible generator instability
Power Distribution,Undervoltage under high load – possible transformer degradation,Frequency deviation – possible generator instability,Undervoltage under high load – possible transformer degradation,0.637,Frequency deviation – possible generator instability
Power Distribution,Frequency deviation – possible generator instability,Frequency deviation – possible generator instability,Frequency deviation – possible generator instability,0.846,Frequency deviation – possible generator instability
Power Distribution,Undervoltage under high load – possible transformer degradation,Undervoltage under high load – possible transformer degradation,Undervoltage under high load – possible transformer degradation,0.789,Undervoltage under high load – possible transformer degradation
Power Distribution,Frequency deviation – possible generator instability,Frequency deviation – possible generator instability,Frequency deviation – possible generator instability,0.683,Frequency deviation – possible generator instability
Power Distribution,Frequency deviation – possible generator instability,Frequency deviation – possible generator instability,Frequency deviation – possible generator instability,0.87,Frequency deviation – possible generator instability
Power Distribution,Frequency deviation – possible generator instability,Frequency deviation – possible generator instability,Frequency deviation – possible generator instability,0.614,Frequency deviation – possible generator instability
Power Distribution,Frequency deviation – possible generator instability,Frequency deviation – possible generator instability,Frequency deviation – possible generator instability,0.712,Frequency deviation – possible generator instability
Power Distribution,Frequency deviation – possible generator instability,Frequency deviation – possible generator instability,Frequency deviation – possible generator instability,0.634,Frequency deviation – possible generator instability
Power Distribution,Frequency deviation – possible generator instability,Frequency deviation – possible generator instability,Frequency deviation – possible generator instability,0.684,Frequency deviation – possible generator instability
Power Distribution,Frequency deviation – possible generator instability,Frequency deviation – possible generator instability,Frequency deviation – possible generator instability,0.861,Frequency deviation – possible generator instability
Power Distribution,Undervoltage under high load – possible transformer degradation,Undervoltage under high load – possible transformer degradation,Undervoltage under high load – possible transformer degradation,0.784,Undervoltage under high load – possible transformer degradation
Power Distribution,Frequency deviation – possible generator instability,Frequency deviation – possible generator instability,Frequency deviation – possible generator instability,0.928,Frequency deviation – possible generator instability
Power Distribution,Frequency deviation – possible generator instability,Frequency deviation – possible generator instability,Frequency deviation – possible generator instability,0.892,Frequency deviation – possible generator instability
Power Distribution,Frequency deviation – possible generator instability,Frequency deviation – possible generator instability,Unexpected power fluctuation,0.427,Frequency deviation – possible generator instability
Power Distribution,Undervoltage under high load – possible transformer degradation,Frequency deviation – possible generator instability,Undervoltage under high load – possible transformer degradation,0.916,Frequency deviation – possible generator instability
Power Distribution,Frequency deviation – possible generator instability,Frequency deviation – possible generator instability,Frequency deviation – possible generator instability,0.852,Frequency deviation – possible generator instability
Power Distribution,Undervoltage under high load – possible transformer degradation,Undervoltage under high load – possible transformer degradation,Undervoltage under high load – possible transformer degradation,0.829,Undervoltage under high load – possible transformer degradation
Power Distribution,Frequency deviation – possible generator instability,Frequency deviation – possible generator instability,Frequency deviation – possible generator instability,0.858,Frequency deviation – possible generator instability
Power Distribution,Frequency deviation – possible generator instability,Frequency deviation – possible generator instability,Sensor calibration issue,0.428,Frequency deviation – possible generator instability
Power Distribution,Frequency deviation – possible generator instability,Frequency deviation – possible generator instability,Frequency deviation – possible generator instability,0.717,Frequency deviation – possible generator instability
Power Distribution,Undervoltage under high load – possible transformer degradation,Undervoltage under high load – possible transformer degradation,,0.322,Undervoltage under high load – possible transformer degradation
Power Distribution,Undervoltage under high load – possible transformer degradation,Undervoltage under high load – possible transformer degradation,Undervoltage under high load – possible transformer degradation,0.634,Undervoltage under high load – possible transformer degradation
Power Distribution,Frequency deviation – possible generator instability,Frequency deviation – possible generator instability,Frequency deviation – possible generator instability,0.654,Frequency deviation – possible generator instability
Power Distribution,Frequency deviation – possible generator instability,Frequency deviation – possible generator instability,Frequency deviation – possible generator instability,0.68,Frequency deviation – possible generator instability
Power Distribution,Frequency deviation – possible generator instability,Frequency deviation – possible generator instability,Frequency deviation – possible generator instability,0.625,Frequency deviation – possible generator instability
Power Distribution,Frequency deviation – possible generator instability,Frequency deviation – possible generator instability,Frequency deviation – possible generator instability,0.95,Frequency deviation – possible generator instability
Power Distribution,Frequency deviation – possible generator instability,Frequency deviation – possible generator instability,Frequency deviation – possible generator instability,0.72,Frequency deviation – possible generator instability
Power Distribution,Frequency deviation – possible generator instability,Frequency deviation – possible generator instability,Frequency deviation – possible generator instability,0.738,Frequency deviation – possible generator instability
Power Distribution,Undervoltage under high load – possible transformer degradation,Frequency deviation – possible generator instability,Undervoltage under high load – possible transformer degradation,0.64,Frequency deviation – possible generator instability
Power Distribution,Frequency deviation – possible generator instability,Frequency deviation – possible generator instability,Frequency deviation – possible generator instability,0.926,Frequency deviation – possible generator instability
Power Distribution,Frequency deviation – possible generator instability,Frequency deviation – possible generator instability,Frequency deviation – possible generator instability,0.854,Frequency deviation – possible generator instability
Power Distribution,Frequency deviation – possible generator instability,Frequency deviation – possible generator instability,Frequency deviation – possible generator instability,0.909,Frequency deviation – possible generator instability
Power Distribution,Undervoltage under high load – possible transformer degradation,Frequency deviation – possible generator instability,Undervoltage under high load – possible transformer degradation,0.809,Frequency deviation – possible generator instability
Power Distribution,Frequency deviation – possible generator instability,Frequency deviation – possible generator instability,Frequency deviation – possible generator instability,0.771,Frequency deviation – possible generator instability
Power Distribution,Frequency deviation – possible generator instability,Frequency deviation – possible generator instability,Frequency deviation – possible generator instability,0.892,Frequency deviation – possible generator instability
Power Distribution,Frequency deviation – possible generator instability,Frequency deviation – possible generator instability,Frequency deviation – possible generator instability,0.64,Frequency deviation – possible generator instability
Power Distribution,Undervoltage under high load – possible transformer degradation,Frequency deviation – possible generator instability,Undervoltage under high load – possible transformer degradation,0.925,Frequency deviation – possible generator instability
Power Distribution,Frequency deviation – possible generator instability,Frequency deviation – possible generator instability,Frequency deviation – possible generator instability,0.738,Frequency deviation – possible generator instability
Power Distribution,Frequency deviation – possible generator instability,Frequency deviation – possible generator instability,General performance degradation,0.475,Frequency deviation – possible generator instability
Power Distribution,Frequency deviation – possible generator instability,Frequency deviation – possible generator instability,Control system instability,0.461,Frequency deviation – possible generator instability
Power Distribution,Frequency deviation – possible generator instability,Frequency deviation – possible generator instability,Frequency deviation – possible generator instability,0.626,Frequency deviation – possible generator instability
Power Distribution,Frequency deviation – possible generator instability,Frequency deviation – possible generator instability,Frequency deviation – possible generator instability,0.891,Frequency deviation – possible generator instability
Power Distribution,Frequency deviation – possible generator instability,Undervoltage under high load – possible transformer degradation,Frequency deviation – possible generator instability,0.823,Undervoltage under high load – possible transformer degradation
Power Distribution,Undervoltage under high load – possible transformer degradation,Undervoltage under high load – possible transformer degradation,Undervoltage under high load – possible transformer degradation,0.879,Undervoltage under high load – possible transformer degradation
Power Distribution,Frequency deviation – possible generator instability,Frequency deviation – possible generator instability,Frequency deviation – possible generator instability,0.719,Frequency deviation – possible generator instability
Power Distribution,Frequency deviation – possible generator instability,Frequency deviation – possible generator instability,Frequency deviation – possible generator instability,0.852,Frequency deviation – possible generator instability
Power Distribution,Frequency deviation – possible generator instability,Frequency deviation – possible generator instability,Frequency deviation – possible generator instability,0.868,Frequency deviation – possible generator instability
Power Distribution,Frequency deviation – possible generator instability,Frequency deviation – possible generator instability,Frequency deviation – possible generator instability,0.676,Frequency deviation – possible generator instability
Power Distribution,Frequency deviation – possible generator instability,Frequency deviation – possible generator instability,Frequency deviation – possible generator instability,0.938,Frequency deviation – possible generator instability
Power Distribution,Frequency deviation – possible generator instability,Frequency deviation – possible generator instability,Frequency deviation – possible generator instability,0.853,Frequency deviation – possible generator instability
Power Distribution,Frequency deviation – possible generator instability,Frequency deviation – possible generator instability,Frequency deviation – possible generator instability,0.692,Frequency deviation – possible generator instability
Power Distribution,Frequency deviation – possible generator instability,Frequency deviation – possible generator instability,Frequency deviation – possible generator instability,0.948,Frequency deviation – possible generator instability
Power Distribution,Frequency deviation – possible generator instability,Frequency deviation – possible generator instability,Frequency deviation – possible generator instability,0.744,Frequency deviation – possible generator instability
Power Distribution,Frequency deviation – possible generator instability,Frequency deviation – possible generator instability,Frequency deviation – possible generator instability,0.625,Frequency deviation – possible generator instability
Power Distribution,Frequency deviation – possible generator instability,Frequency deviation – possible generator instability,Frequency deviation – possible generator instability,0.891,Frequency deviation – possible generator instability
Power Distribution,Undervoltage under high load – possible transformer degradation,Undervoltage under high load – possible transformer degradation,Undervoltage under high load – possible transformer degradation,0.787,Undervoltage under high load – possible transformer degradation
Power Distribution,Frequency deviation – possible generator instability,Frequency deviation – possible generator instability,Frequency deviation – possible generator instability,0.829,Frequency deviation – possible generator instability
Power Distribution,Frequency deviation – possible generator instability,Frequency deviation – possible generator instability,Unexpected power fluctuation,0.313,Frequency deviation – possible generator instability
Power Distribution,Frequency deviation – possible generator instability,Frequency deviation – possible generator instability,Frequency deviation – possible generator instability,0.885,Frequency deviation – possible generator instability
Power Distribution,Frequency deviation – possible generator instability,Frequency deviation – possible generator instability,Frequency deviation – possible generator instability,0.901,Frequency deviation – possible generator instability
Power Distribution,Undervoltage under high load – possible transformer degradation,Frequency deviation – possible generator instability,,0.379,Frequency deviation – possible generator instability
Power Distribution,Frequency deviation – possible generator instability,Frequency deviation – possible generator instability,Frequency deviation – possible generator instability,0.904,Frequency deviation – possible generator instability
Power Distribution,Frequency deviation – possible generator instability,Frequency deviation – possible generator instability,Frequency deviation – possible generator instability,0.674,Frequency deviation – possible generator instability
Power Distribution,Frequency deviation – possible generator instability,Frequency deviation – possible generator instability,Frequency deviation – possible generator instability,0.762,Frequency deviation – possible generator instability
Power Distribution,Undervoltage under high load – possible transformer degradation,Frequency deviation – possible generator instability,Undervoltage under high load – possible transformer degradation,0.787,Frequency deviation – possible generator instability
Power Distribution,Frequency deviation – possible generator instability,Frequency deviation – possible generator instability,Frequency deviation – possible generator instability,0.803,Frequency deviation – possible generator instability
Power Distribution,Frequency deviation – possible generator instability,Frequency deviation – possible generator instability,Frequency deviation – possible generator instability,0.747,Frequency deviation – possible generator instability
Power Distribution,Frequency deviation – possible generator instability,Frequency deviation – possible generator instability,Frequency deviation – possible generator instability,0.859,Frequency deviation – possible generator instability
Power Distribution,Frequency deviation – possible generator instability,Frequency deviation – possible generator instability,Frequency deviation – possible generator instability,0.914,Frequency deviation – possible generator instability
Power Distribution,Frequency deviation – possible generator instability,Frequency deviation – possible generator instability,,0.355,Frequency deviation – possible generator instability
Power Distribution,Frequency deviation – possible generator instability,Frequency deviation – possible generator instability,Frequency deviation – possible generator instability,0.634,Frequency deviation – possible generator instability
Power Distribution,Frequency deviation – possible generator instability,Frequency deviation – possible generator instability,Frequency deviation – possible generator instability,0.817,Frequency deviation – possible generator instability
Power Distribution,Frequency deviation – possible generator instability,Frequency deviation – possible generator instability,,0.244,Frequency deviation – possible generator instability
Power Distribution,Frequency deviation – possible generator instability,Frequency deviation – possible generator instability,Frequency deviation – possible generator instability,0.826,Frequency deviation – possible generator instability
Power Distribution,Frequency deviation – possible generator instability,Frequency deviation – possible generator instability,Sensor calibration issue,0.309,Frequency deviation – possible generator instability
Power Distribution,Frequency deviation – possible generator instability,Frequency deviation – possible generator instability,Frequency deviation – possible generator instability,0.818,Frequency deviation – possible generator instability
Power Distribution,Frequency deviation – possible generator instability,Frequency deviation – possible generator instability,Frequency deviation – possible generator instability,0.897,Frequency deviation – possible generator instability
Power Distribution,Undervoltage under high load – possible transformer degradation,Frequency deviation – possible generator instability,Undervoltage under high load – possible transformer degradation,0.876,Frequency deviation – possible generator instability
Power Distribution,Frequency deviation – possible generator instability,Frequency deviation – possible generator instability,Frequency deviation – possible generator instability,0.697,Frequency deviation – possible generator instability
Power Distribution,Undervoltage under high load – possible transformer degradation,Undervoltage under high load – possible transformer degradation,Undervoltage under high load – possible transformer degradation,0.768,Undervoltage under high load – possible transformer degradation
Power Distribution,Frequency deviation – possible generator instability,Frequency deviation – possible generator instability,Frequency deviation – possible generator instability,0.854,Frequency deviation – possible generator instability
Power Distribution,Frequency deviation – possible generator instability,Frequency deviation – possible generator instability,Frequency deviation – possible generator instability,0.94,Frequency deviation – possible generator instability
Power Distribution,Frequency deviation – possible generator instability,Frequency deviation – possible generator instability,Frequency deviation – possible generator instability,0.738,Frequency deviation – possible generator instability
Power Distribution,Frequency deviation – possible generator instability,Frequency deviation – possible generator instability,Frequency deviation – possible generator instability,0.777,Frequency deviation – possible generator instability
Power Distribution,Frequency deviation – possible generator instability,Frequency deviation – possible generator instability,Frequency deviation – possible generator instability,0.611,Frequency deviation – possible generator instability
Power Distribution,Frequency deviation – possible generator instability,Frequency deviation – possible generator instability,General performance degradation,0.46,Frequency deviation – possible generator instability
Power Distribution,Frequency deviation – possible generator instability,Frequency deviation – possible generator instability,Frequency deviation – possible generator instability,0.649,Frequency deviation – possible generator instability
Power Distribution,Undervoltage under high load – possible transformer degradation,Undervoltage under high load – possible transformer degradation,Undervoltage under high load – possible transformer degradation,0.634,Undervoltage under high load – possible transformer degradation
Power Distribution,Undervoltage under high load – possible transformer degradation,Undervoltage under high load – possible transformer degradation,Undervoltage under high load – possible transformer degradation,0.762,Undervoltage under high load – possible transformer degradation
Power Distribution,Frequency deviation – possible generator instability,Frequency deviation – possible generator instability,Frequency deviation – possible generator instability,0.921,Frequency deviation – possible generator instability
Power Distribution,Frequency deviation – possible generator instability,Frequency deviation – possible generator instability,Frequency deviation – possible generator instability,0.82,Frequency deviation – possible generator instability
Power Distribution,Frequency deviation – possible generator instability,Frequency deviation – possible generator instability,Frequency deviation – possible generator instability,0.749,Frequency deviation – possible generator instability
Power Distribution,Undervoltage under high load – possible transformer degradation,Undervoltage under high load – possible transformer degradation,Undervoltage under high load – possible transformer degradation,0.736,Undervoltage under high load – possible transformer degradation
Power Distribution,Frequency deviation – possible generator instability,Frequency deviation – possible generator instability,Frequency deviation – possible generator instability,0.86,Frequency deviation – possible generator instability
Power Distribution,Frequency deviation – possible generator instability,Frequency deviation – possible generator instability,Frequency deviation – possible generator instability,0.697,Frequency deviation – possible generator instability
Power Distribution,Frequency deviation – possible generator instability,Frequency deviation – possible generator instability,Frequency deviation – possible generator instability,0.79,Frequency deviation – possible generator instability
Power Distribution,Frequency deviation – possible generator instability,Frequency deviation – possible generator instability,Frequency deviation – possible generator instability,0.823,Frequency deviation – possible generator instability
Power Distribution,Frequency deviation – possible generator instability,Frequency deviation – possible generator instability,Frequency deviation – possible generator instability,0.909,Frequency deviation – possible generator instability
Power Distribution,Frequency deviation – possible generator instability,Frequency deviation – possible generator instability,Frequency deviation – possible generator instability,0.877,Frequency deviation – possible generator instability
Power Distribution,Frequency deviation – possible generator instability,Frequency deviation – possible generator instability,Frequency deviation – possible generator instability,0.737,Frequency deviation – possible generator instability
Power Distribution,Frequency deviation – possible generator instability,Frequency deviation – possible generator instability,Frequency deviation – possible generator instability,0.888,Frequency deviation – possible generator instability
Power Distribution,Frequency deviation – possible generator instability,Frequency deviation – possible generator instability,Frequency deviation – possible generator instability,0.912,Frequency deviation – possible generator instability
Power Distribution,Frequency deviation – possible generator instability,Undervoltage under high load – possible transformer degradation,Frequency deviation – possible generator instability,0.601,Undervoltage under high load – possible transformer degradation
Power Distribution,Frequency deviation – possible generator instability,Frequency deviation – possible generator instability,Frequency deviation – possible generator instability,0.726,Frequency deviation – possible generator instability
Power Distribution,Frequency deviation – possible generator instability,Frequency deviation – possible generator instability,Frequency deviation – possible generator instability,0.9,Frequency deviation – possible generator instability
Power Distribution,Frequency deviation – possible generator instability,Frequency deviation – possible generator instability,Frequency deviation – possible generator instability,0.881,Frequency deviation – possible generator instability
Power Distribution,Frequency deviation – possible generator instability,Undervoltage under high load – possible transformer degradation,Frequency deviation – possible generator instability,0.693,Undervoltage under high load – possible transformer degradation
Power Distribution,Frequency deviation – possible generator instability,Frequency deviation – possible generator instability,,0.379,Frequency deviation – possible generator instability
Power Distribution,Frequency deviation – possible generator instability,Frequency deviation – possible generator instability,Frequency deviation – possible generator instability,0.936,Frequency deviation – possible generator instability
Power Distribution,Frequency deviation – possible generator instability,Frequency deviation – possible generator instability,Frequency deviation – possible generator instability,0.664,Frequency deviation – possible generator instability
Power Distribution,Frequency deviation – possible generator instability,Frequency deviation – possible generator instability,Frequency deviation – possible generator instability,0.642,Frequency deviation – possible generator instability
Power Distribution,Frequency deviation – possible generator instability,Frequency deviation – possible generator instability,Frequency deviation – possible generator instability,0.765,Frequency deviation – possible generator instability
Power Distribution,Frequency deviation – possible generator instability,Frequency deviation – possible generator instability,Frequency deviation – possible generator instability,0.751,Frequency deviation – possible generator instability
Power Distribution,Frequency deviation – possible generator instability,Frequency deviation – possible generator instability,Frequency deviation – possible generator instability,0.836,Frequency deviation – possible generator instability
Power Distribution,Frequency deviation – possible generator instability,Frequency deviation – possible generator instability,Frequency deviation – possible generator instability,0.78,Frequency deviation – possible generator instability
Power Distribution,Frequency deviation – possible generator instability,Frequency deviation – possible generator instability,Frequency deviation – possible generator instability,0.894,Frequency deviation – possible generator instability
Power Distribution,Frequency deviation – possible generator instability,Frequency deviation – possible generator instability,Frequency deviation – possible generator instability,0.76,Frequency deviation – possible generator instability
Power Distribution,Frequency deviation – possible generator instability,Frequency deviation – possible generator instability,Frequency deviation – possible generator instability,0.771,Frequency deviation – possible generator instability
Power Distribution,Frequency deviation – possible generator instability,Frequency deviation – possible generator instability,Frequency deviation – possible generator instability,0.9,Frequency deviation – possible generator instability
Power Distribution,Frequency deviation – possible generator instability,Frequency deviation – possible generator instability,Frequency deviation – possible generator instability,0.844,Frequency deviation – possible generator instability
Power Distribution,Undervoltage under high load – possible transformer degradation,Undervoltage under high load – possible transformer degradation,Undervoltage under high load – possible transformer degradation,0.652,Undervoltage under high load – possible transformer degradation
Power Distribution,Frequency deviation – possible generator instability,Frequency deviation – possible generator instability,Frequency deviation – possible generator instability,0.717,Frequency deviation – possible generator instability
Power Distribution,Frequency deviation – possible generator instability,Frequency deviation – possible generator instability,Frequency deviation – possible generator instability,0.902,Frequency deviation – possible generator instability
Power Distribution,Frequency deviation – possible generator instability,Frequency deviation – possible generator instability,Frequency deviation – possible generator instability,0.892,Frequency deviation – possible generator instability
Power Distribution,Frequency deviation – possible generator instability,Frequency deviation – possible generator instability,Frequency deviation – possible generator instability,0.611,Frequency deviation – possible generator instability
Power Distribution,Frequency deviation – possible generator instability,Frequency deviation – possible generator instability,Frequency deviation – possible generator instability,0.752,Frequency deviation – possible generator instability
Power Distribution,Undervoltage under high load – possible transformer degradation,Frequency deviation – possible generator instability,Undervoltage under high load – possible transformer degradation,0.842,Frequency deviation – possible generator instability
Power Distribution,Undervoltage under high load – possible transformer degradation,Undervoltage under high load – possible transformer degradation,Undervoltage under high load – possible transformer degradation,0.622,Undervoltage under high load – possible transformer degradation
Power Distribution,Frequency deviation – possible generator instability,Frequency deviation – possible generator instability,Frequency deviation – possible generator instability,0.879,Frequency deviation – possible generator instability
Power Distribution,Frequency deviation – possible generator instability,Frequency deviation – possible generator instability,Frequency deviation – possible generator instability,0.815,Frequency deviation – possible generator instability
Power Distribution,Frequency deviation – possible generator instability,Frequency deviation – possible generator instability,Frequency deviation – possible generator instability,0.791,Frequency deviation – possible generator instability
Power Distribution,Undervoltage under high load – possible transformer degradation,Undervoltage under high load – possible transformer degradation,Undervoltage under high load – possible transformer degradation,0.704,Undervoltage under high load – possible transformer degradation
Power Distribution,Frequency deviation – possible generator instability,Frequency deviation – possible generator instability,Frequency deviation – possible generator instability,0.735,Frequency deviation – possible generator instability
Power Distribution,Frequency deviation – possible generator instability,Frequency deviation – possible generator instability,Frequency deviation – possible generator instability,0.633,Frequency deviation – possible generator instability
Power Distribution,Undervoltage under high load – possible transformer degradation,Undervoltage under high load – possible transformer degradation,Undervoltage under high load – possible transformer degradation,0.881,Undervoltage under high load – possible transformer degradation
Power Distribution,Frequency deviation – possible generator instability,Frequency deviation – possible generator instability,,0.277,Frequency deviation – possible generator instability
Power Distribution,Frequency deviation – possible generator instability,Frequency deviation – possible generator instability,,0.261,Frequency deviation – possible generator instability
Power Distribution,Frequency deviation – possible generator instability,Frequency deviation – possible generator instability,Frequency deviation – possible generator instability,0.912,Frequency deviation – possible generator instability
Power Distribution,Frequency deviation – possible generator instability,Frequency deviation – possible generator instability,,0.333,Frequency deviation – possible generator instability
Power Distribution,Frequency deviation – possible generator instability,Frequency deviation – possible generator instability,Frequency deviation – possible generator instability,0.818,Frequency deviation – possible generator instability
Power Distribution,Frequency deviation – possible generator instability,Frequency deviation – possible generator instability,Frequency deviation – possible generator instability,0.684,Frequency deviation – possible generator instability
Power Distribution,Frequency deviation – possible generator instability,Frequency deviation – possible generator instability,Frequency deviation – possible generator instability,0.903,Frequency deviation – possible generator instability
Power Distribution,Frequency deviation – possible generator instability,Frequency deviation – possible generator instability,Frequency deviation – possible generator instability,0.801,Frequency deviation – possible generator instability
Power Distribution,Frequency deviation – possible generator instability,Frequency deviation – possible generator instability,Frequency deviation – possible generator instability,0.778,Frequency deviation – possible generator instability
Power Distribution,Frequency deviation – possible generator instability,Frequency deviation – possible generator instability,Frequency deviation – possible generator instability,0.874,Frequency deviation – possible generator instability
Power Distribution,Frequency deviation – possible generator instability,Frequency deviation – possible generator instability,Frequency deviation – possible generator instability,0.696,Frequency deviation – possible generator instability
Power Distribution,Frequency deviation – possible generator instability,Frequency deviation – possible generator instability,Frequency deviation – possible generator instability,0.794,Frequency deviation – possible generator instability
Power Distribution,Frequency deviation – possible generator instability,Frequency deviation – possible generator instability,,0.315,Frequency deviation – possible generator instability
Power Distribution,Frequency deviation – possible generator instability,Frequency deviation – possible generator instability,Frequency deviation – possible generator instability,0.728,Frequency deviation – possible generator instability
Power Distribution,Frequency deviation – possible generator instability,Frequency deviation – possible generator instability,Frequency deviation – possible generator instability,0.667,Frequency deviation – possible generator instability
Power Distribution,Undervoltage under high load – possible transformer degradation,Undervoltage under high load – possible transformer degradation,,0.368,Undervoltage under high load – possible transformer degradation
Power Distribution,Frequency deviation – possible generator instability,Frequency deviation – possible generator instability,Frequency deviation – possible generator instability,0.893,Frequency deviation – possible generator instability
Power Distribution,Frequency deviation – possible generator instability,Frequency deviation – possible generator instability,Control system instability,0.383,Frequency deviation – possible generator instability
Power Distribution,Undervoltage under high load – possible transformer degradation,Undervoltage under high load – possible transformer degradation,Undervoltage under high load – possible transformer degradation,0.753,Undervoltage under high load – possible transformer degradation
Power Distribution,Frequency deviation – possible generator instability,Frequency deviation – possible generator instability,Frequency deviation – possible generator instability,0.841,Frequency deviation – possible generator instability
Power Distribution,Undervoltage under high load – possible transformer degradation,Undervoltage under high load – possible transformer degradation,Undervoltage under high load – possible transformer degradation,0.855,Undervoltage under high load – possible transformer degradation
Power Distribution,Frequency deviation – possible generator instability,Frequency deviation – possible generator instability,Frequency deviation – possible generator instability,0.843,Frequency deviation – possible generator instability
Power Distribution,Frequency deviation – possible generator instability,Frequency deviation – possible generator instability,Frequency deviation – possible generator instability,0.847,Frequency deviation – possible generator instability
Power Distribution,Undervoltage under high load – possible transformer degradation,Frequency deviation – possible generator instability,Undervoltage under high load – possible transformer degradation,0.608,Frequency deviation – possible generator instability
Power Distribution,Frequency deviation – possible generator instability,Frequency deviation – possible generator instability,Frequency deviation – possible generator instability,0.89,Frequency deviation – possible generator instability
Power Distribution,Frequency deviation – possible generator instability,Frequency deviation – possible generator instability,Frequency deviation – possible generator instability,0.731,Frequency deviation – possible generator instability
Power Distribution,Frequency deviation – possible generator instability,Frequency deviation – possible generator instability,Frequency deviation – possible generator instability,0.829,Frequency deviation – possible generator instability
Power Distribution,Frequency deviation – possible generator instability,Frequency deviation – possible generator instability,Frequency deviation – possible generator instability,0.82,Frequency deviation – possible generator instability
Power Distribution,Frequency deviation – possible generator instability,Frequency deviation – possible generator instability,Unexpected power fluctuation,0.396,Frequency deviation – possible generator instability
Power Distribution,Frequency deviation – possible generator instability,Frequency deviation – possible generator instability,Frequency deviation – possible generator instability,0.894,Frequency deviation – possible generator instability
Power Distribution,Frequency deviation – possible generator instability,Frequency deviation – possible generator instability,Frequency deviation – possible generator instability,0.899,Frequency deviation – possible generator instability
Power Distribution,Frequency deviation – possible generator instability,Frequency deviation – possible generator instability,Frequency deviation – possible generator instability,0.904,Frequency deviation – possible generator instability
Power Distribution,Frequency deviation – possible generator instability,Frequency deviation – possible generator instability,Frequency deviation – possible generator instability,0.878,Frequency deviation – possible generator instability
Power Distribution,Frequency deviation – possible generator instability,Frequency deviation – possible generator instability,Frequency deviation – possible generator instability,0.912,Frequency deviation – possible generator instability
Power Distribution,Frequency deviation – possible generator instability,Frequency deviation – possible generator instability,Frequency deviation – possible generator instability,0.651,Frequency deviation – possible generator instability
Power Distribution,Frequency deviation – possible generator instability,Frequency deviation – possible generator instability,Frequency deviation – possible generator instability,0.782,Frequency deviation – possible generator instability
Power Distribution,Frequency deviation – possible generator instability,Frequency deviation – possible generator instability,Frequency deviation – possible generator instability,0.919,Frequency deviation – possible generator instability
Power Distribution,Frequency deviation – possible generator instability,Frequency deviation – possible generator instability,Frequency deviation – possible generator instability,0.724,Frequency deviation – possible generator instability
Power Distribution,Frequency deviation – possible generator instability,Frequency deviation – possible generator instability,Frequency deviation – possible generator instability,0.895,Frequency deviation – possible generator instability
Power Distribution,Undervoltage under high load – possible transformer degradation,Undervoltage under high load – possible transformer degradation,Undervoltage under high load – possible transformer degradation,0.83,Undervoltage under high load – possible transformer degradation
Power Distribution,Frequency deviation – possible generator instability,Frequency deviation – possible generator instability,Frequency deviation – possible generator instability,0.637,Frequency deviation – possible generator instability
Power Distribution,Frequency deviation – possible generator instability,Frequency deviation – possible generator instability,Frequency deviation – possible generator instability,0.849,Frequency deviation – possible generator instability
Power Distribution,Frequency deviation – possible generator instability,Frequency deviation – possible generator instability,,0.254,Frequency deviation – possible generator instability
Power Distribution,Frequency deviation – possible generator instability,Frequency deviation – possible generator instability,,0.357,Frequency deviation – possible generator instability
Power Distribution,Frequency deviation – possible generator instability,Frequency deviation – possible generator instability,Frequency deviation – possible generator instability,0.891,Frequency deviation – possible generator instability
Power Distribution,Frequency deviation – possible generator instability,Frequency deviation – possible generator instability,Frequency deviation – possible generator instability,0.644,Frequency deviation – possible generator instability
Power Distribution,Frequency deviation – possible generator instability,Frequency deviation – possible generator instability,Frequency deviation – possible generator instability,0.752,Frequency deviation – possible generator instability
Power Distribution,Frequency deviation – possible generator instability,Frequency deviation – possible generator instability,Frequency deviation – possible generator instability,0.638,Frequency deviation – possible generator instability
Power Distribution,Frequency deviation – possible generator instability,Frequency deviation – possible generator instability,Frequency deviation – possible generator instability,0.816,Frequency deviation – possible generator instability
Power Distribution,Undervoltage under high load – possible transformer degradation,Undervoltage under high load – possible transformer degradation,Undervoltage under high load – possible transformer degradation,0.682,Undervoltage under high load – possible transformer degradation
Power Distribution,Frequency deviation – possible generator instability,Frequency deviation – possible generator instability,Frequency deviation – possible generator instability,0.642,Frequency deviation – possible generator instability
Power Distribution,Frequency deviation – possible generator instability,Frequency deviation – possible generator instability,Frequency deviation – possible generator instability,0.936,Frequency deviation – possible generator instability
Power Distribution,Frequency deviation – possible generator instability,Frequency deviation – possible generator instability,Frequency deviation – possible generator instability,0.846,Frequency deviation – possible generator instability
Power Distribution,Frequency deviation – possible generator instability,Frequency deviation – possible generator instability,Unexpected power fluctuation,0.44,Frequency deviation – possible generator instability
Power Distribution,Frequency deviation – possible generator instability,Frequency deviation – possible generator instability,,0.282,Frequency deviation – possible generator instability
Power Distribution,Frequency deviation – possible generator instability,Frequency deviation – possible generator instability,Frequency deviation – possible generator instability,0.767,Frequency deviation – possible generator instability
Power Distribution,Frequency deviation – possible generator instability,Frequency deviation – possible generator instability,Frequency deviation – possible generator instability,0.81,Frequency deviation – possible generator instability
Power Distribution,Frequency deviation – possible generator instability,Frequency deviation – possible generator instability,,0.337,Frequency deviation – possible generator instability
Power Distribution,Frequency deviation – possible generator instability,Frequency deviation – possible generator instability,Frequency deviation – possible generator instability,0.852,Frequency deviation – possible generator instability
Power Distribution,Frequency deviation – possible generator instability,Frequency deviation – possible generator instability,Frequency deviation – possible generator instability,0.62,Frequency deviation – possible generator instability
Power Distribution,Frequency deviation – possible generator instability,Frequency deviation – possible generator instability,Frequency deviation – possible generator instability,0.614,Frequency deviation – possible generator instability
Power Distribution,Frequency deviation – possible generator instability,Frequency deviation – possible generator instability,Frequency deviation – possible generator instability,0.832,Frequency deviation – possible generator instability
Power Distribution,Frequency deviation – possible generator instability,Frequency deviation – possible generator instability,Frequency deviation – possible generator instability,0.77,Frequency deviation – possible generator instability
Power Distribution,Frequency deviation – possible generator instability,Frequency deviation – possible generator instability,,0.334,Frequency deviation – possible generator instability
Power Distribution,Frequency deviation – possible generator instability,Frequency deviation – possible generator instability,Frequency deviation – possible generator instability,0.95,Frequency deviation – possible generator instability
Power Distribution,Frequency deviation – possible generator instability,Frequency deviation – possible generator instability,Frequency deviation – possible generator instability,0.677,Frequency deviation – possible generator instability
Power Distribution,Frequency deviation – possible generator instability,Frequency deviation – possible generator instability,Frequency deviation – possible generator instability,0.853,Frequency deviation – possible generator instability
Power Distribution,Frequency deviation – possible generator instability,Frequency deviation – possible generator instability,Frequency deviation – possible generator instability,0.747,Frequency deviation – possible generator instability
Power Distribution,Frequency deviation – possible generator instability,Frequency deviation – possible generator instability,Frequency deviation – possible generator instability,0.612,Frequency deviation – possible generator instability
Power Distribution,Frequency deviation – possible generator instability,Frequency deviation – possible generator instability,Frequency deviation – possible generator instability,0.788,Frequency deviation – possible generator instability
Power Distribution,Frequency deviation – possible generator instability,Frequency deviation – possible generator instability,Frequency deviation – possible generator instability,0.6,Frequency deviation – possible generator instability
Power Distribution,Frequency deviation – possible generator instability,Frequency deviation – possible generator instability,Frequency deviation – possible generator instability,0.856,Frequency deviation – possible generator instability
Power Distribution,Frequency deviation – possible generator instability,Frequency deviation – possible generator instability,Frequency deviation – possible generator instability,0.845,Frequency deviation – possible generator instability
Power Distribution,Frequency deviation – possible generator instability,Frequency deviation – possible generator instability,Frequency deviation – possible generator instability,0.804,Frequency deviation – possible generator instability
Power Distribution,Frequency deviation – possible generator instability,Frequency deviation – possible generator instability,Frequency deviation – possible generator instability,0.813,Frequency deviation – possible generator instability
Power Distribution,Frequency deviation – possible generator instability,Frequency deviation – possible generator instability,Frequency deviation – possible generator instability,0.846,Frequency deviation – possible generator instability
Power Distribution,Frequency deviation – possible generator instability,Frequency deviation – possible generator instability,Frequency deviation – possible generator instability,0.622,Frequency deviation – possible generator instability
Power Distribution,Frequency deviation – possible generator instability,Frequency deviation – possible generator instability,Frequency deviation – possible generator instability,0.756,Frequency deviation – possible generator instability
Power Distribution,Frequency deviation – possible generator instability,Frequency deviation – possible generator instability,Frequency deviation – possible generator instability,0.705,Frequency deviation – possible generator instability
Power Distribution,Frequency deviation – possible generator instability,Frequency deviation – possible generator instability,Frequency deviation – possible generator instability,0.666,Frequency deviation – possible generator instability
Power Distribution,Frequency deviation – possible generator instability,Frequency deviation – possible generator instability,Frequency deviation – possible generator instability,0.63,Frequency deviation – possible generator instability
Power Distribution,Frequency deviation – possible generator instability,Frequency deviation – possible generator instability,Frequency deviation – possible generator instability,0.723,Frequency deviation – possible generator instability
Power Distribution,Frequency deviation – possible generator instability,Frequency deviation – possible generator instability,Frequency deviation – possible generator instability,0.858,Frequency deviation – possible generator instability
Power Distribution,Frequency deviation – possible generator instability,Frequency deviation – possible generator instability,Frequency deviation – possible generator instability,0.787,Frequency deviation – possible generator instability
Power Distribution,Frequency deviation – possible generator instability,Frequency deviation – possible generator instability,,0.293,Frequency deviation – possible generator instability
Power Distribution,Frequency deviation – possible generator instability,Frequency deviation – possible generator instability,,0.339,Frequency deviation – possible generator instability
Power Distribution,Frequency deviation – possible generator instability,Frequency deviation – possible generator instability,Frequency deviation – possible generator instability,0.896,Frequency deviation – possible generator instability
Power Distribution,Undervoltage under high load – possible transformer degradation,Undervoltage under high load – possible transformer degradation,Sensor calibration issue,0.452,Undervoltage under high load – possible transformer degradation
Power Distribution,Frequency deviation – possible generator instability,Frequency deviation – possible generator instability,Frequency deviation – possible generator instability,0.723,Frequency deviation – possible generator instability
Power Distribution,Frequency deviation – possible generator instability,Frequency deviation – possible generator instability,,0.318,Frequency deviation – possible generator instability
Power Distribution,Frequency deviation – possible generator instability,Frequency deviation – possible generator instability,,0.251,Frequency deviation – possible generator instability
Power Distribution,Frequency deviation – possible generator instability,Frequency deviation – possible generator instability,Frequency deviation – possible generator instability,0.924,Frequency deviation – possible generator instability
Power Distribution,Frequency deviation – possible generator instability,Frequency deviation – possible generator instability,Frequency deviation – possible generator instability,0.892,Frequency deviation – possible generator instability
Power Distribution,Undervoltage under high load – possible transformer degradation,Undervoltage under high load – possible transformer degradation,Undervoltage under high load – possible transformer degradation,0.643,Undervoltage under high load – possible transformer degradation
Power Distribution,Frequency deviation – possible generator instability,Frequency deviation – possible generator instability,Frequency deviation – possible generator instability,0.854,Frequency deviation – possible generator instability
Power Distribution,Frequency deviation – possible generator instability,Frequency deviation – possible generator instability,Frequency deviation – possible generator instability,0.614,Frequency deviation – possible generator instability
Power Distribution,Frequency deviation – possible generator instability,Frequency deviation – possible generator instability,Frequency deviation – possible generator instability,0.853,Frequency deviation – possible generator instability
Power Distribution,Frequency deviation – possible generator instability,Frequency deviation – possible generator instability,,0.301,Frequency deviation – possible generator instability
Power Distribution,Frequency deviation – possible generator instability,Frequency deviation – possible generator instability,Frequency deviation – possible generator instability,0.939,Frequency deviation – possible generator instability
Power Distribution,Frequency deviation – possible generator instability,Frequency deviation – possible generator instability,Frequency deviation – possible generator instability,0.826,Frequency deviation – possible generator instability
Power Distribution,Frequency deviation – possible generator instability,Frequency deviation – possible generator instability,Frequency deviation – possible generator instability,0.865,Frequency deviation – possible generator instability
Power Distribution,Frequency deviation – possible generator instability,Frequency deviation – possible generator instability,Frequency deviation – possible generator instability,0.759,Frequency deviation – possible generator instability
Power Distribution,Frequency deviation – possible generator instability,Frequency deviation – possible generator instability,Frequency deviation – possible generator instability,0.653,Frequency deviation – possible generator instability
Power Distribution,Frequency deviation – possible generator instability,Frequency deviation – possible generator instability,Frequency deviation – possible generator instability,0.716,Frequency deviation – possible generator instability
Power Distribution,Frequency deviation – possible generator instability,Frequency deviation – possible generator instability,Frequency deviation – possible generator instability,0.89,Frequency deviation – possible generator instability
Power Distribution,Frequency deviation – possible generator instability,Frequency deviation – possible generator instability,Frequency deviation – possible generator instability,0.672,Frequency deviation – possible generator instability
Power Distribution,Frequency deviation – possible generator instability,Undervoltage under high load – possible transformer degradation,Frequency deviation – possible generator instability,0.616,Undervoltage under high load – possible transformer degradation
Power Distribution,Frequency deviation – possible generator instability,Frequency deviation – possible generator instability,Frequency deviation – possible generator instability,0.909,Frequency deviation – possible generator instability
Power Distribution,Frequency deviation – possible generator instability,Undervoltage under high load – possible transformer degradation,Frequency deviation – possible generator instability,0.766,Undervoltage under high load – possible transformer degradation
Power Distribution,Frequency deviation – possible generator instability,Frequency deviation – possible generator instability,Frequency deviation – possible generator instability,0.746,Frequency deviation – possible generator instability
Power Distribution,Frequency deviation – possible generator instability,Undervoltage under high load – possible transformer degradation,Frequency deviation – possible generator instability,0.831,Undervoltage under high load – possible transformer degradation
Power Distribution,Frequency deviation – possible generator instability,Frequency deviation – possible generator instability,Frequency deviation – possible generator instability,0.801,Frequency deviation – possible generator instability
Power Distribution,Frequency deviation – possible generator instability,Frequency deviation – possible generator instability,Frequency deviation – possible generator instability,0.804,Frequency deviation – possible generator instability
Power Distribution,Frequency deviation – possible generator instability,Frequency deviation – possible generator instability,Frequency deviation – possible generator instability,0.74,Frequency deviation – possible generator instability
Power Distribution,Frequency deviation – possible generator instability,Undervoltage under high load – possible transformer degradation,Frequency deviation – possible generator instability,0.714,Undervoltage under high load – possible transformer degradation
Power Distribution,Frequency deviation – possible generator instability,Frequency deviation – possible generator instability,Frequency deviation – possible generator instability,0.633,Frequency deviation – possible generator instability
Power Distribution,Frequency deviation – possible generator instability,Frequency deviation – possible generator instability,Frequency deviation – possible generator instability,0.703,Frequency deviation – possible generator instability
Power Distribution,Frequency deviation – possible generator instability,Frequency deviation – possible generator instability,,0.273,Frequency deviation – possible generator instability
Power Distribution,Frequency deviation – possible generator instability,Frequency deviation – possible generator instability,Frequency deviation – possible generator instability,0.728,Frequency deviation – possible generator instability
Power Distribution,Undervoltage under high load – possible transformer degradation,Frequency deviation – possible generator instability,Undervoltage under high load – possible transformer degradation,0.832,Frequency deviation – possible generator instability
Power Distribution,Frequency deviation – possible generator instability,Frequency deviation – possible generator instability,Frequency deviation – possible generator instability,0.614,Frequency deviation – possible generator instability
Power Distribution,Frequency deviation – possible generator instability,Frequency deviation – possible generator instability,Frequency deviation – possible generator instability,0.655,Frequency deviation – possible generator instability
Power Distribution,Frequency deviation – possible generator instability,Frequency deviation – possible generator instability,Frequency deviation – possible generator instability,0.742,Frequency deviation – possible generator instability
Power Distribution,Frequency deviation – possible generator instability,Frequency deviation – possible generator instability,Frequency deviation – possible generator instability,0.769,Frequency deviation – possible generator instability
Power Distribution,Frequency deviation – possible generator instability,Frequency deviation – possible generator instability,,0.305,Frequency deviation – possible generator instability
Power Distribution,Frequency deviation – possible generator instability,Frequency deviation – possible generator instability,Frequency deviation – possible generator instability,0.932,Frequency deviation – possible generator instability
Power Distribution,Frequency deviation – possible generator instability,Frequency deviation – possible generator instability,Frequency deviation – possible generator instability,0.882,Frequency deviation – possible generator instability
Power Distribution,Frequency deviation – possible generator instability,Frequency deviation – possible generator instability,Frequency deviation – possible generator instability,0.945,Frequency deviation – possible generator instability
Power Distribution,Frequency deviation – possible generator instability,Frequency deviation – possible generator instability,Frequency deviation – possible generator instability,0.634,Frequency deviation – possible generator instability
Power Distribution,Frequency deviation – possible generator instability,Frequency deviation – possible generator instability,Frequency deviation – possible generator instability,0.94,Frequency deviation – possible generator instability
Power Distribution,Frequency deviation – possible generator instability,Frequency deviation – possible generator instability,Frequency deviation – possible generator instability,0.801,Frequency deviation – possible generator instability
Power Distribution,Frequency deviation – possible generator instability,Frequency deviation – possible generator instability,Frequency deviation – possible generator instability,0.672,Frequency deviation – possible generator instability
Power Distribution,Frequency deviation – possible generator instability,Frequency deviation – possible generator instability,Frequency deviation – possible generator instability,0.842,Frequency deviation – possible generator instability
Power Distribution,Frequency deviation – possible generator instability,Frequency deviation – possible generator instability,Frequency deviation – possible generator instability,0.659,Frequency deviation – possible generator instability
Power Distribution,Frequency deviation – possible generator instability,Frequency deviation – possible generator instability,Frequency deviation – possible generator instability,0.702,Frequency deviation – possible generator instability
Power Distribution,Frequency deviation – possible generator instability,Frequency deviation – possible generator instability,Frequency deviation – possible generator instability,0.707,Frequency deviation – possible generator instability
Power Distribution,Frequency deviation – possible generator instability,Frequency deviation – possible generator instability,Frequency deviation – possible generator instability,0.897,Frequency deviation – possible generator instability
Power Distribution,Frequency deviation – possible generator instability,Frequency deviation – possible generator instability,Unexpected power fluctuation,0.319,Frequency deviation – possible generator instability
Power Distribution,Frequency deviation – possible generator instability,Frequency deviation – possible generator instability,Frequency deviation – possible generator instability,0.742,Frequency deviation – possible generator instability
Power Distribution,Frequency deviation – possible generator instability,Frequency deviation – possible generator instability,Frequency deviation – possible generator instability,0.925,Frequency deviation – possible generator instability
Power Distribution,Frequency deviation – possible generator instability,Frequency deviation – possible generator instability,,0.26,Frequency deviation – possible generator instability
Power Distribution,Frequency deviation – possible generator instability,Frequency deviation – possible generator instability,Frequency deviation – possible generator instability,0.91,Frequency deviation – possible generator instability
Power Distribution,Frequency deviation – possible generator instability,Frequency deviation – possible generator instability,Frequency deviation – possible generator instability,0.894,Frequency deviation – possible generator instability
Power Distribution,Frequency deviation – possible generator instability,Frequency deviation – possible generator instability,Frequency deviation – possible generator instability,0.823,Frequency deviation – possible generator instability
Power Distribution,Frequency deviation – possible generator instability,Frequency deviation – possible generator instability,Frequency deviation – possible generator instability,0.696,Frequency deviation – possible generator instability
Power Distribution,Frequency deviation – possible generator instability,Frequency deviation – possible generator instability,,0.332,Frequency deviation – possible generator instability
Power Distribution,Frequency deviation – possible generator instability,Frequency deviation – possible generator instability,Frequency deviation – possible generator instability,0.67,Frequency deviation – possible generator instability
Power Distribution,Frequency deviation – possible generator instability,Frequency deviation – possible generator instability,Frequency deviation – possible generator instability,0.731,Frequency deviation – possible generator instability
Power Distribution,Undervoltage under high load – possible transformer degradation,Undervoltage under high load – possible transformer degradation,Undervoltage under high load – possible transformer degradation,0.706,Undervoltage under high load – possible transformer degradation
Power Distribution,Frequency deviation – possible generator instability,Frequency deviation – possible generator instability,Control system instability,0.372,Frequency deviation – possible generator instability
Power Distribution,Frequency deviation – possible generator instability,Frequency deviation – possible generator instability,Frequency deviation – possible generator instability,0.735,Frequency deviation – possible generator instability
Power Distribution,Frequency deviation – possible generator instability,Frequency deviation – possible generator instability,Frequency deviation – possible generator instability,0.929,Frequency deviation – possible generator instability
Power Distribution,Frequency deviation – possible generator instability,Frequency deviation – possible generator instability,Frequency deviation – possible generator instability,0.721,Frequency deviation – possible generator instability
Power Distribution,Frequency deviation – possible generator instability,Frequency deviation – possible generator instability,Frequency deviation – possible generator instability,0.845,Frequency deviation – possible generator instability
Power Distribution,Undervoltage under high load – possible transformer degradation,Frequency deviation – possible generator instability,Undervoltage under high load – possible transformer degradation,0.924,Frequency deviation – possible generator instability
Power Distribution,Frequency deviation – possible generator instability,Frequency deviation – possible generator instability,Frequency deviation – possible generator instability,0.784,Frequency deviation – possible generator instability
Power Distribution,Frequency deviation – possible generator instability,Frequency deviation – possible generator instability,Frequency deviation – possible generator instability,0.824,Frequency deviation – possible generator instability
Power Distribution,Frequency deviation – possible generator instability,Frequency deviation – possible generator instability,Frequency deviation – possible generator instability,0.657,Frequency deviation – possible generator instability
Power Distribution,Frequency deviation – possible generator instability,Frequency deviation – possible generator instability,General performance degradation,0.357,Frequency deviation – possible generator instability
Power Distribution,Frequency deviation – possible generator instability,Frequency deviation – possible generator instability,Frequency deviation – possible generator instability,0.937,Frequency deviation – possible generator instability
Power Distribution,Frequency deviation – possible generator instability,Frequency deviation – possible generator instability,Frequency deviation – possible generator instability,0.754,Frequency deviation – possible generator instability
Power Distribution,Frequency deviation – possible generator instability,Frequency deviation – possible generator instability,Frequency deviation – possible generator instability,0.648,Frequency deviation – possible generator instability
Power Distribution,Frequency deviation – possible generator instability,Frequency deviation – possible generator instability,Frequency deviation – possible generator instability,0.934,Frequency deviation – possible generator instability
Power Distribution,Frequency deviation – possible generator instability,Frequency deviation – possible generator instability,General performance degradation,0.321,Frequency deviation – possible generator instability
Power Distribution,Frequency deviation – possible generator instability,Frequency deviation – possible generator instability,Frequency deviation – possible generator instability,0.701,Frequency deviation – possible generator instability
Power Distribution,Frequency deviation – possible generator instability,Frequency deviation – possible generator instability,Control system instability,0.367,Frequency deviation – possible generator instability
Power Distribution,Frequency deviation – possible generator instability,Frequency deviation – possible generator instability,Frequency deviation – possible generator instability,0.897,Frequency deviation – possible generator instability
Power Distribution,Frequency deviation – possible generator instability,Frequency deviation – possible generator instability,Frequency deviation – possible generator instability,0.684,Frequency deviation – possible generator instability
Power Distribution,Frequency deviation – possible generator instability,Frequency deviation – possible generator instability,Frequency deviation – possible generator instability,0.823,Frequency deviation – possible generator instability
Power Distribution,Frequency deviation – possible generator instability,Frequency deviation – possible generator instability,Frequency deviation – possible generator instability,0.945,Frequency deviation – possible generator instability
Power Distribution,Frequency deviation – possible generator instability,Frequency deviation – possible generator instability,Frequency deviation – possible generator instability,0.613,Frequency deviation – possible generator instability
Power Distribution,Frequency deviation – possible generator instability,Frequency deviation – possible generator instability,Frequency deviation – possible generator instability,0.945,Frequency deviation – possible generator instability
Power Distribution,Frequency deviation – possible generator instability,Frequency deviation – possible generator instability,Frequency deviation – possible generator instability,0.645,Frequency deviation – possible generator instability
Power Distribution,Frequency deviation – possible generator instability,Undervoltage under high load – possible transformer degradation,Control system instability,0.417,Undervoltage under high load – possible transformer degradation
Power Distribution,Undervoltage under high load – possible transformer degradation,Frequency deviation – possible generator instability,Undervoltage under high load – possible transformer degradation,0.605,Frequency deviation – possible generator instability
Power Distribution,Frequency deviation – possible generator instability,Frequency deviation – possible generator instability,Frequency deviation – possible generator instability,0.691,Frequency deviation – possible generator instability
Power Distribution,Frequency deviation – possible generator instability,Frequency deviation – possible generator instability,Frequency deviation – possible generator instability,0.72,Frequency deviation – possible generator instability
Power Distribution,Undervoltage under high load – possible transformer degradation,Undervoltage under high load – possible transformer degradation,,0.286,Undervoltage under high load – possible transformer degradation
Power Distribution,Frequency deviation – possible generator instability,Frequency deviation – possible generator instability,Frequency deviation – possible generator instability,0.801,Frequency deviation – possible generator instability
Power Distribution,Frequency deviation – possible generator instability,Frequency deviation – possible generator instability,Frequency deviation – possible generator instability,0.623,Frequency deviation – possible generator instability
Power Distribution,Undervoltage under high load – possible transformer degradation,Undervoltage under high load – possible transformer degradation,Undervoltage under high load – possible transformer degradation,0.656,Undervoltage under high load – possible transformer degradation
Power Distribution,Frequency deviation – possible generator instability,Frequency deviation – possible generator instability,Frequency deviation – possible generator instability,0.878,Frequency deviation – possible generator instability
Power Distribution,Frequency deviation – possible generator instability,Frequency deviation – possible generator instability,Frequency deviation – possible generator instability,0.738,Frequency deviation – possible generator instability
Power Distribution,Frequency deviation – possible generator instability,Frequency deviation – possible generator instability,Frequency deviation – possible generator instability,0.818,Frequency deviation – possible generator instability
Power Distribution,Undervoltage under high load – possible transformer degradation,Undervoltage under high load – possible transformer degradation,Undervoltage under high load – possible transformer degradation,0.936,Undervoltage under high load – possible transformer degradation
Power Distribution,Undervoltage under high load – possible transformer degradation,Frequency deviation – possible generator instability,Undervoltage under high load – possible transformer degradation,0.8,Frequency deviation – possible generator instability
Power Distribution,Frequency deviation – possible generator instability,Frequency deviation – possible generator instability,Sensor calibration issue,0.396,Frequency deviation – possible generator instability
Power Distribution,Frequency deviation – possible generator instability,Frequency deviation – possible generator instability,Frequency deviation – possible generator instability,0.744,Frequency deviation – possible generator instability
Power Distribution,Frequency deviation – possible generator instability,Frequency deviation – possible generator instability,Frequency deviation – possible generator instability,0.841,Frequency deviation – possible generator instability
Power Distribution,Frequency deviation – possible generator instability,Frequency deviation – possible generator instability,Frequency deviation – possible generator instability,0.666,Frequency deviation – possible generator instability
Power Distribution,Frequency deviation – possible generator instability,Frequency deviation – possible generator instability,Frequency deviation – possible generator instability,0.939,Frequency deviation – possible generator instability
Power Distribution,Frequency deviation – possible generator instability,Frequency deviation – possible generator instability,Frequency deviation – possible generator instability,0.78,Frequency deviation – possible generator instability
Power Distribution,Frequency deviation – possible generator instability,Frequency deviation – possible generator instability,Frequency deviation – possible generator instability,0.752,Frequency deviation – possible generator instability
Power Distribution,Frequency deviation – possible generator instability,Frequency deviation – possible generator instability,Frequency deviation – possible generator instability,0.648,Frequency deviation – possible generator instability
Power Distribution,Frequency deviation – possible generator instability,Frequency deviation – possible generator instability,Frequency deviation – possible generator instability,0.713,Frequency deviation – possible generator instability
Power Distribution,Frequency deviation – possible generator instability,Frequency deviation – possible generator instability,Frequency deviation – possible generator instability,0.715,Frequency deviation – possible generator instability
Power Distribution,Frequency deviation – possible generator instability,Frequency deviation – possible generator instability,Frequency deviation – possible generator instability,0.919,Frequency deviation – possible generator instability
Power Distribution,Frequency deviation – possible generator instability,Undervoltage under high load – possible transformer degradation,Frequency deviation – possible generator instability,0.717,Undervoltage under high load – possible transformer degradation
Power Distribution,Frequency deviation – possible generator instability,Frequency deviation – possible generator instability,Frequency deviation – possible generator instability,0.923,Frequency deviation – possible generator instability
Power Distribution,Undervoltage under high load – possible transformer degradation,Frequency deviation – possible generator instability,,0.372,Frequency deviation – possible generator instability
Power Distribution,Frequency deviation – possible generator instability,Frequency deviation – possible generator instability,Frequency deviation – possible generator instability,0.756,Frequency deviation – possible generator instability
Power Distribution,Frequency deviation – possible generator instability,Frequency deviation – possible generator instability,Frequency deviation – possible generator instability,0.943,Frequency deviation – possible generator instability
Power Distribution,Frequency deviation – possible generator instability,Frequency deviation – possible generator instability,Frequency deviation – possible generator instability,0.776,Frequency deviation – possible generator instability
Power Distribution,Frequency deviation – possible generator instability,Frequency deviation – possible generator instability,Frequency deviation – possible generator instability,0.616,Frequency deviation – possible generator instability
Power Distribution,Frequency deviation – possible generator instability,Frequency deviation – possible generator instability,Frequency deviation – possible generator instability,0.894,Frequency deviation – possible generator instability
Power Distribution,Frequency deviation – possible generator instability,Frequency deviation – possible generator instability,Sensor calibration issue,0.404,Frequency deviation – possible generator instability
Power Distribution,Frequency deviation – possible generator instability,Frequency deviation – possible generator instability,Frequency deviation – possible generator instability,0.652,Frequency deviation – possible generator instability
Power Distribution,Frequency deviation – possible generator instability,Frequency deviation – possible generator instability,General performance degradation,0.303,Frequency deviation – possible generator instability
Power Distribution,Frequency deviation – possible generator instability,Frequency deviation – possible generator instability,Frequency deviation – possible generator instability,0.616,Frequency deviation – possible generator instability
Power Distribution,Frequency deviation – possible generator instability,Frequency deviation – possible generator instability,Frequency deviation – possible generator instability,0.694,Frequency deviation – possible generator instability
Power Distribution,Frequency deviation – possible generator instability,Frequency deviation – possible generator instability,Frequency deviation – possible generator instability,0.81,Frequency deviation – possible generator instability
Power Distribution,Frequency deviation – possible generator instability,Frequency deviation – possible generator instability,Frequency deviation – possible generator instability,0.721,Frequency deviation – possible generator instability
Power Distribution,Frequency deviation – possible generator instability,Frequency deviation – possible generator instability,Frequency deviation – possible generator instability,0.672,Frequency deviation – possible generator instability
Power Distribution,Frequency deviation – possible generator instability,Frequency deviation – possible generator instability,Frequency deviation – possible generator instability,0.767,Frequency deviation – possible generator instability
Power Distribution,Frequency deviation – possible generator instability,Frequency deviation – possible generator instability,Frequency deviation – possible generator instability,0.879,Frequency deviation – possible generator instability
Power Distribution,Frequency deviation – possible generator instability,Frequency deviation – possible generator instability,Frequency deviation – possible generator instability,0.743,Frequency deviation – possible generator instability
Power Distribution,Frequency deviation – possible generator instability,Frequency deviation – possible generator instability,Frequency deviation – possible generator instability,0.764,Frequency deviation – possible generator instability
Power Distribution,Frequency deviation – possible generator instability,Frequency deviation – possible generator instability,Frequency deviation – possible generator instability,0.762,Frequency deviation – possible generator instability
Power Distribution,Frequency deviation – possible generator instability,Undervoltage under high load – possible transformer degradation,,0.336,Undervoltage under high load – possible transformer degradation
Power Distribution,Frequency deviation – possible generator instability,Frequency deviation – possible generator instability,Frequency deviation – possible generator instability,0.798,Frequency deviation – possible generator instability
Power Distribution,Frequency deviation – possible generator instability,Frequency deviation – possible generator instability,Frequency deviation – possible generator instability,0.645,Frequency deviation – possible generator instability
Power Distribution,Frequency deviation – possible generator instability,Frequency deviation – possible generator instability,Frequency deviation – possible generator instability,0.838,Frequency deviation – possible generator instability
Power Distribution,Frequency deviation – possible generator instability,Frequency deviation – possible generator instability,Frequency deviation – possible generator instability,0.666,Frequency deviation – possible generator instability
Power Distribution,Frequency deviation – possible generator instability,Frequency deviation – possible generator instability,Frequency deviation – possible generator instability,0.613,Frequency deviation – possible generator instability
Power Distribution,Frequency deviation – possible generator instability,Frequency deviation – possible generator instability,Frequency deviation – possible generator instability,0.949,Frequency deviation – possible generator instability
Power Distribution,Frequency deviation – possible generator instability,Frequency deviation – possible generator instability,Frequency deviation – possible generator instability,0.881,Frequency deviation – possible generator instability
Power Distribution,Frequency deviation – possible generator instability,Frequency deviation – possible generator instability,,0.338,Frequency deviation – possible generator instability
Power Distribution,Frequency deviation – possible generator instability,Frequency deviation – possible generator instability,Frequency deviation – possible generator instability,0.862,Frequency deviation – possible generator instability
Power Distribution,Undervoltage under high load – possible transformer degradation,Frequency deviation – possible generator instability,Sensor calibration issue,0.386,Frequency deviation – possible generator instability
Power Distribution,Undervoltage under high load – possible transformer degradation,Undervoltage under high load – possible transformer degradation,Undervoltage under high load – possible transformer degradation,0.739,Undervoltage under high load – possible transformer degradation
Power Distribution,Frequency deviation – possible generator instability,Frequency deviation – possible generator instability,Frequency deviation – possible generator instability,0.744,Frequency deviation – possible generator instability
Power Distribution,Frequency deviation – possible generator instability,Frequency deviation – possible generator instability,Frequency deviation – possible generator instability,0.725,Frequency deviation – possible generator instability
Power Distribution,Frequency deviation – possible generator instability,Frequency deviation – possible generator instability,,0.324,Frequency deviation – possible generator instability
Power Distribution,Frequency deviation – possible generator instability,Frequency deviation – possible generator instability,Frequency deviation – possible generator instability,0.829,Frequency deviation – possible generator instability
Power Distribution,Frequency deviation – possible generator instability,Frequency deviation – possible generator instability,Frequency deviation – possible generator instability,0.757,Frequency deviation – possible generator instability
Power Distribution,Frequency deviation – possible generator instability,Undervoltage under high load – possible transformer degradation,Frequency deviation – possible generator instability,0.86,Undervoltage under high load – possible transformer degradation
Power Distribution,Frequency deviation – possible generator instability,Frequency deviation – possible generator instability,Frequency deviation – possible generator instability,0.775,Frequency deviation – possible generator instability
Power Distribution,Frequency deviation – possible generator instability,Frequency deviation – possible generator instability,Frequency deviation – possible generator instability,0.606,Frequency deviation – possible generator instability
Power Distribution,Frequency deviation – possible generator instability,Frequency deviation – possible generator instability,Frequency deviation – possible generator instability,0.749,Frequency deviation – possible generator instability
Power Distribution,Frequency deviation – possible generator instability,Frequency deviation – possible generator instability,Frequency deviation – possible generator instability,0.753,Frequency deviation – possible generator instability
Power Distribution,Frequency deviation – possible generator instability,Frequency deviation – possible generator instability,Frequency deviation – possible generator instability,0.755,Frequency deviation – possible generator instability
Power Distribution,Frequency deviation – possible generator instability,Frequency deviation – possible generator instability,Frequency deviation – possible generator instability,0.855,Frequency deviation – possible generator instability
Power Distribution,Frequency deviation – possible generator instability,Frequency deviation – possible generator instability,Frequency deviation – possible generator instability,0.775,Frequency deviation – possible generator instability
Power Distribution,Frequency deviation – possible generator instability,Frequency deviation – possible generator instability,Frequency deviation – possible generator instability,0.713,Frequency deviation – possible generator instability
Power Distribution,Frequency deviation – possible generator instability,Frequency deviation – possible generator instability,Frequency deviation – possible generator instability,0.925,Frequency deviation – possible generator instability
Power Distribution,Frequency deviation – possible generator instability,Undervoltage under high load – possible transformer degradation,Frequency deviation – possible generator instability,0.625,Undervoltage under high load – possible transformer degradation
Power Distribution,Frequency deviation – possible generator instability,Frequency deviation – possible generator instability,Frequency deviation – possible generator instability,0.603,Frequency deviation – possible generator instability
Power Distribution,Frequency deviation – possible generator instability,Frequency deviation – possible generator instability,Frequency deviation – possible generator instability,0.688,Frequency deviation – possible generator instability
Power Distribution,Frequency deviation – possible generator instability,Frequency deviation – possible generator instability,Frequency deviation – possible generator instability,0.868,Frequency deviation – possible generator instability
Power Distribution,Frequency deviation – possible generator instability,Frequency deviation – possible generator instability,Unexpected power fluctuation,0.321,Frequency deviation – possible generator instability
Power Distribution,Undervoltage under high load – possible transformer degradation,Frequency deviation – possible generator instability,Undervoltage under high load – possible transformer degradation,0.657,Frequency deviation – possible generator instability
Power Distribution,Frequency deviation – possible generator instability,Frequency deviation – possible generator instability,Frequency deviation – possible generator instability,0.843,Frequency deviation – possible generator instability
Power Distribution,Undervoltage under high load – possible transformer degradation,Undervoltage under high load – possible transformer degradation,Undervoltage under high load – possible transformer degradation,0.848,Undervoltage under high load – possible transformer degradation
Power Distribution,Frequency deviation – possible generator instability,Frequency deviation – possible generator instability,Frequency deviation – possible generator instability,0.848,Frequency deviation – possible generator instability
Power Distribution,Frequency deviation – possible generator instability,Frequency deviation – possible generator instability,Frequency deviation – possible generator instability,0.603,Frequency deviation – possible generator instability
Power Distribution,Undervoltage under high load – possible transformer degradation,Undervoltage under high load – possible transformer degradation,Undervoltage under high load – possible transformer degradation,0.72,Undervoltage under high load – possible transformer degradation
Power Distribution,Frequency deviation – possible generator instability,Undervoltage under high load – possible transformer degradation,Frequency deviation – possible generator instability,0.9,Undervoltage under high load – possible transformer degradation
Power Distribution,Frequency deviation – possible generator instability,Frequency deviation – possible generator instability,Frequency deviation – possible generator instability,0.778,Frequency deviation – possible generator instability
Power Distribution,Frequency deviation – possible generator instability,Frequency deviation – possible generator instability,Frequency deviation – possible generator instability,0.856,Frequency deviation – possible generator instability
Power Distribution,Frequency deviation – possible generator instability,Frequency deviation – possible generator instability,Frequency deviation – possible generator instability,0.892,Frequency deviation – possible generator instability
Power Distribution,Frequency deviation – possible generator instability,Frequency deviation – possible generator instability,Frequency deviation – possible generator instability,0.612,Frequency deviation – possible generator instability
Power Distribution,Frequency deviation – possible generator instability,Frequency deviation – possible generator instability,Frequency deviation – possible generator instability,0.944,Frequency deviation – possible generator instability
Power Distribution,Frequency deviation – possible generator instability,Frequency deviation – possible generator instability,Frequency deviation – possible generator instability,0.612,Frequency deviation – possible generator instability
Power Distribution,Frequency deviation – possible generator instability,Frequency deviation – possible generator instability,Frequency deviation – possible generator instability,0.882,Frequency deviation – possible generator instability
Power Distribution,Frequency deviation – possible generator instability,Frequency deviation – possible generator instability,Frequency deviation – possible generator instability,0.769,Frequency deviation – possible generator instability
Power Distribution,Frequency deviation – possible generator instability,Frequency deviation – possible generator instability,Frequency deviation – possible generator instability,0.89,Frequency deviation – possible generator instability
Power Distribution,Frequency deviation – possible generator instability,Undervoltage under high load – possible transformer degradation,Frequency deviation – possible generator instability,0.852,Undervoltage under high load – possible transformer degradation
Power Distribution,Frequency deviation – possible generator instability,Frequency deviation – possible generator instability,,0.25,Frequency deviation – possible generator instability
Power Distribution,Frequency deviation – possible generator instability,Frequency deviation – possible generator instability,Frequency deviation – possible generator instability,0.838,Frequency deviation – possible generator instability
Power Distribution,Frequency deviation – possible generator instability,Frequency deviation – possible generator instability,Frequency deviation – possible generator instability,0.901,Frequency deviation – possible generator instability
Power Distribution,Frequency deviation – possible generator instability,Frequency deviation – possible generator instability,Frequency deviation – possible generator instability,0.754,Frequency deviation – possible generator instability
Power Distribution,Frequency deviation – possible generator instability,Frequency deviation – possible generator instability,Frequency deviation – possible generator instability,0.88,Frequency deviation – possible generator instability
Power Distribution,Frequency deviation – possible generator instability,Frequency deviation – possible generator instability,Frequency deviation – possible generator instability,0.745,Frequency deviation – possible generator instability
Power Distribution,Frequency deviation – possible generator instability,Frequency deviation – possible generator instability,Frequency deviation – possible generator instability,0.862,Frequency deviation – possible generator instability
Power Distribution,Frequency deviation – possible generator instability,Frequency deviation – possible generator instability,Frequency deviation – possible generator instability,0.615,Frequency deviation – possible generator instability
Power Distribution,Frequency deviation – possible generator instability,Frequency deviation – possible generator instability,Frequency deviation – possible generator instability,0.787,Frequency deviation – possible generator instability
Power Distribution,Frequency deviation – possible generator instability,Frequency deviation – possible generator instability,Frequency deviation – possible generator instability,0.722,Frequency deviation – possible generator instability
Power Distribution,Frequency deviation – possible generator instability,Frequency deviation – possible generator instability,Frequency deviation – possible generator instability,0.616,Frequency deviation – possible generator instability
Power Distribution,Undervoltage under high load – possible transformer degradation,Frequency deviation – possible generator instability,,0.365,Frequency deviation – possible generator instability
Power Distribution,Undervoltage under high load – possible transformer degradation,Frequency deviation – possible generator instability,Undervoltage under high load – possible transformer degradation,0.85,Frequency deviation – possible generator instability
Power Distribution,Frequency deviation – possible generator instability,Frequency deviation – possible generator instability,,0.262,Frequency deviation – possible generator instability
Power Distribution,Frequency deviation – possible generator instability,Frequency deviation – possible generator instability,Frequency deviation – possible generator instability,0.934,Frequency deviation – possible generator instability
Power Distribution,Frequency deviation – possible generator instability,Frequency deviation – possible generator instability,Frequency deviation – possible generator instability,0.611,Frequency deviation – possible generator instability
Power Distribution,Frequency deviation – possible generator instability,Frequency deviation – possible generator instability,Frequency deviation – possible generator instability,0.935,Frequency deviation – possible generator instability
Power Distribution,Frequency deviation – possible generator instability,Frequency deviation – possible generator instability,Frequency deviation – possible generator instability,0.942,Frequency deviation – possible generator instability
Power Distribution,Frequency deviation – possible generator instability,Frequency deviation – possible generator instability,Frequency deviation – possible generator instability,0.742,Frequency deviation – possible generator instability
Power Distribution,Frequency deviation – possible generator instability,Frequency deviation – possible generator instability,Frequency deviation – possible generator instability,0.764,Frequency deviation – possible generator instability
Power Distribution,Frequency deviation – possible generator instability,Frequency deviation – possible generator instability,Frequency deviation – possible generator instability,0.697,Frequency deviation – possible generator instability
Power Distribution,Frequency deviation – possible generator instability,Frequency deviation – possible generator instability,Frequency deviation – possible generator instability,0.879,Frequency deviation – possible generator instability
Power Distribution,Frequency deviation – possible generator instability,Frequency deviation – possible generator instability,,0.273,Frequency deviation – possible generator instability
Power Distribution,Frequency deviation – possible generator instability,Frequency deviation – possible generator instability,Frequency deviation – possible generator instability,0.604,Frequency deviation – possible generator instability
Power Distribution,Undervoltage under high load – possible transformer degradation,Frequency deviation – possible generator instability,Undervoltage under high load – possible transformer degradation,0.678,Frequency deviation – possible generator instability
Power Distribution,Frequency deviation – possible generator instability,Frequency deviation – possible generator instability,Frequency deviation – possible generator instability,0.932,Frequency deviation – possible generator instability
Power Distribution,Frequency deviation – possible generator instability,Frequency deviation – possible generator instability,Frequency deviation – possible generator instability,0.723,Frequency deviation – possible generator instability
Power Distribution,Frequency deviation – possible generator instability,Frequency deviation – possible generator instability,Frequency deviation – possible generator instability,0.648,Frequency deviation – possible generator instability
Power Distribution,Frequency deviation – possible generator instability,Frequency deviation – possible generator instability,Frequency deviation – possible generator instability,0.859,Frequency deviation – possible generator instability
Power Distribution,Frequency deviation – possible generator instability,Frequency deviation – possible generator instability,Frequency deviation – possible generator instability,0.879,Frequency deviation – possible generator instability
Power Distribution,Frequency deviation – possible generator instability,Frequency deviation – possible generator instability,Frequency deviation – possible generator instability,0.618,Frequency deviation – possible generator instability
Power Distribution,Frequency deviation – possible generator instability,Frequency deviation – possible generator instability,Frequency deviation – possible generator instability,0.804,Frequency deviation – possible generator instability
Power Distribution,Frequency deviation – possible generator instability,Frequency deviation – possible generator instability,Frequency deviation – possible generator instability,0.907,Frequency deviation – possible generator instability
Power Distribution,Frequency deviation – possible generator instability,Frequency deviation – possible generator instability,Frequency deviation – possible generator instability,0.762,Frequency deviation – possible generator instability
Power Distribution,Frequency deviation – possible generator instability,Frequency deviation – possible generator instability,Frequency deviation – possible generator instability,0.844,Frequency deviation – possible generator instability
Power Distribution,Frequency deviation – possible generator instability,Frequency deviation – possible generator instability,Frequency deviation – possible generator instability,0.815,Frequency deviation – possible generator instability
Power Distribution,Frequency deviation – possible generator instability,Frequency deviation – possible generator instability,Frequency deviation – possible generator instability,0.736,Frequency deviation – possible generator instability
Power Distribution,Frequency deviation – possible generator instability,Frequency deviation – possible generator instability,Frequency deviation – possible generator instability,0.815,Frequency deviation – possible generator instability
Power Distribution,Frequency deviation – possible generator instability,Frequency deviation – possible generator instability,Frequency deviation – possible generator instability,0.697,Frequency deviation – possible generator instability
Power Distribution,Frequency deviation – possible generator instability,Frequency deviation – possible generator instability,Frequency deviation – possible generator instability,0.68,Frequency deviation – possible generator instability
Power Distribution,Frequency deviation – possible generator instability,Frequency deviation – possible generator instability,Frequency deviation – possible generator instability,0.859,Frequency deviation – possible generator instability
Power Distribution,Frequency deviation – possible generator instability,Frequency deviation – possible generator instability,,0.376,Frequency deviation – possible generator instability
Power Distribution,Frequency deviation – possible generator instability,Frequency deviation – possible generator instability,Frequency deviation – possible generator instability,0.773,Frequency deviation – possible generator instability
Power Distribution,Frequency deviation – possible generator instability,Frequency deviation – possible generator instability,Frequency deviation – possible generator instability,0.768,Frequency deviation – possible generator instability
Power Distribution,Frequency deviation – possible generator instability,Frequency deviation – possible generator instability,Unexpected power fluctuation,0.311,Frequency deviation – possible generator instability
Power Distribution,Frequency deviation – possible generator instability,Frequency deviation – possible generator instability,Sensor calibration issue,0.396,Frequency deviation – possible generator instability
Power Distribution,Frequency deviation – possible generator instability,Frequency deviation – possible generator instability,Frequency deviation – possible generator instability,0.81,Frequency deviation – possible generator instability
Power Distribution,Frequency deviation – possible generator instability,Frequency deviation – possible generator instability,Frequency deviation – possible generator instability,0.77,Frequency deviation – possible generator instability
Power Distribution,Frequency deviation – possible generator instability,Frequency deviation – possible generator instability,Frequency deviation – possible generator instability,0.706,Frequency deviation – possible generator instability
Power Distribution,Frequency deviation – possible generator instability,Frequency deviation – possible generator instability,Frequency deviation – possible generator instability,0.827,Frequency deviation – possible generator instability
Power Distribution,Frequency deviation – possible generator instability,Frequency deviation – possible generator instability,Frequency deviation – possible generator instability,0.918,Frequency deviation – possible generator instability
Power Distribution,Frequency deviation – possible generator instability,Frequency deviation – possible generator instability,Frequency deviation – possible generator instability,0.843,Frequency deviation – possible generator instability
Power Distribution,Frequency deviation – possible generator instability,Frequency deviation – possible generator instability,Frequency deviation – possible generator instability,0.864,Frequency deviation – possible generator instability
Power Distribution,Frequency deviation – possible generator instability,Frequency deviation – possible generator instability,Frequency deviation – possible generator instability,0.628,Frequency deviation – possible generator instability
Power Distribution,Frequency deviation – possible generator instability,Frequency deviation – possible generator instability,Frequency deviation – possible generator instability,0.848,Frequency deviation – possible generator instability
Power Distribution,Frequency deviation – possible generator instability,Frequency deviation – possible generator instability,Frequency deviation – possible generator instability,0.717,Frequency deviation – possible generator instability
Power Distribution,Frequency deviation – possible generator instability,Frequency deviation – possible generator instability,Frequency deviation – possible generator instability,0.636,Frequency deviation – possible generator instability
Power Distribution,Frequency deviation – possible generator instability,Frequency deviation – possible generator instability,Frequency deviation – possible generator instability,0.627,Frequency deviation – possible generator instability
Power Distribution,Frequency deviation – possible generator instability,Frequency deviation – possible generator instability,Frequency deviation – possible generator instability,0.684,Frequency deviation – possible generator instability
Power Distribution,Frequency deviation – possible generator instability,Frequency deviation – possible generator instability,Frequency deviation – possible generator instability,0.923,Frequency deviation – possible generator instability
Power Distribution,Frequency deviation – possible generator instability,Frequency deviation – possible generator instability,Frequency deviation – possible generator instability,0.722,Frequency deviation – possible generator instability
Power Distribution,Frequency deviation – possible generator instability,Frequency deviation – possible generator instability,Frequency deviation – possible generator instability,0.936,Frequency deviation – possible generator instability
Power Distribution,Frequency deviation – possible generator instability,Frequency deviation – possible generator instability,Frequency deviation – possible generator instability,0.616,Frequency deviation – possible generator instability
Power Distribution,Frequency deviation – possible generator instability,Frequency deviation – possible generator instability,,0.327,Frequency deviation – possible generator instability
Power Distribution,Frequency deviation – possible generator instability,Frequency deviation – possible generator instability,Frequency deviation – possible generator instability,0.867,Frequency deviation – possible generator instability
Power Distribution,Frequency deviation – possible generator instability,Frequency deviation – possible generator instability,Frequency deviation – possible generator instability,0.842,Frequency deviation – possible generator instability
Power Distribution,Frequency deviation – possible generator instability,Frequency deviation – possible generator instability,Frequency deviation – possible generator instability,0.784,Frequency deviation – possible generator instability
Power Distribution,Frequency deviation – possible generator instability,Frequency deviation – possible generator instability,Frequency deviation – possible generator instability,0.825,Frequency deviation – possible generator instability
Power Distribution,Frequency deviation – possible generator instability,Frequency deviation – possible generator instability,Frequency deviation – possible generator instability,0.794,Frequency deviation – possible generator instability
Power Distribution,Frequency deviation – possible generator instability,Frequency deviation – possible generator instability,Frequency deviation – possible generator instability,0.812,Frequency deviation – possible generator instability
Power Distribution,Frequency deviation – possible generator instability,Frequency deviation – possible generator instability,Frequency deviation – possible generator instability,0.834,Frequency deviation – possible generator instability
Power Distribution,Frequency deviation – possible generator instability,Frequency deviation – possible generator instability,Frequency deviation – possible generator instability,0.933,Frequency deviation – possible generator instability
Power Distribution,Frequency deviation – possible generator instability,Frequency deviation – possible generator instability,Frequency deviation – possible generator instability,0.916,Frequency deviation – possible generator instability
Power Distribution,Frequency deviation – possible generator instability,Undervoltage under high load – possible transformer degradation,Frequency deviation – possible generator instability,0.835,Undervoltage under high load – possible transformer degradation
Power Distribution,Frequency deviation – possible generator instability,Frequency deviation – possible generator instability,Frequency deviation – possible generator instability,0.7,Frequency deviation – possible generator instability
Power Distribution,Frequency deviation – possible generator instability,Frequency deviation – possible generator instability,Frequency deviation – possible generator instability,0.633,Frequency deviation – possible generator instability
Power Distribution,Undervoltage under high load – possible transformer degradation,Undervoltage under high load – possible transformer degradation,Undervoltage under high load – possible transformer degradation,0.62,Undervoltage under high load – possible transformer degradation
Power Distribution,Undervoltage under high load – possible transformer degradation,Undervoltage under high load – possible transformer degradation,Undervoltage under high load – possible transformer degradation,0.712,Undervoltage under high load – possible transformer degradation
Power Distribution,Frequency deviation – possible generator instability,Frequency deviation – possible generator instability,Frequency deviation – possible generator instability,0.767,Frequency deviation – possible generator instability
Power Distribution,Frequency deviation – possible generator instability,Frequency deviation – possible generator instability,Frequency deviation – possible generator instability,0.784,Frequency deviation – possible generator instability
Power Distribution,Frequency deviation – possible generator instability,Frequency deviation – possible generator instability,Frequency deviation – possible generator instability,0.805,Frequency deviation – possible generator instability
Power Distribution,Frequency deviation – possible generator instability,Frequency deviation – possible generator instability,Frequency deviation – possible generator instability,0.852,Frequency deviation – possible generator instability
Power Distribution,Undervoltage under high load – possible transformer degradation,Frequency deviation – possible generator instability,Undervoltage under high load – possible transformer degradation,0.827,Frequency deviation – possible generator instability
Power Distribution,Frequency deviation – possible generator instability,Frequency deviation – possible generator instability,,0.372,Frequency deviation – possible generator instability
Power Distribution,Undervoltage under high load – possible transformer degradation,Undervoltage under high load – possible transformer degradation,Undervoltage under high load – possible transformer degradation,0.829,Undervoltage under high load – possible transformer degradation
Power Distribution,Frequency deviation – possible generator instability,Undervoltage under high load – possible transformer degradation,Frequency deviation – possible generator instability,0.658,Undervoltage under high load – possible transformer degradation
Power Distribution,Frequency deviation – possible generator instability,Frequency deviation – possible generator instability,Frequency deviation – possible generator instability,0.829,Frequency deviation – possible generator instability
Power Distribution,Frequency deviation – possible generator instability,Frequency deviation – possible generator instability,Frequency deviation – possible generator instability,0.639,Frequency deviation – possible generator instability
Power Distribution,Frequency deviation – possible generator instability,Frequency deviation – possible generator instability,Frequency deviation – possible generator instability,0.61,Frequency deviation – possible generator instability
Power Distribution,Frequency deviation – possible generator instability,Frequency deviation – possible generator instability,Frequency deviation – possible generator instability,0.7,Frequency deviation – possible generator instability
Power Distribution,Frequency deviation – possible generator instability,Frequency deviation – possible generator instability,Frequency deviation – possible generator instability,0.887,Frequency deviation – possible generator instability
Power Distribution,Frequency deviation – possible generator instability,Frequency deviation – possible generator instability,Unexpected power fluctuation,0.303,Frequency deviation – possible generator instability
Power Distribution,Frequency deviation – possible generator instability,Frequency deviation – possible generator instability,,0.377,Frequency deviation – possible generator instability
Power Distribution,Frequency deviation – possible generator instability,Frequency deviation – possible generator instability,,0.342,Frequency deviation – possible generator instability
Power Distribution,Undervoltage under high load – possible transformer degradation,Undervoltage under high load – possible transformer degradation,Undervoltage under high load – possible transformer degradation,0.685,Undervoltage under high load – possible transformer degradation
Power Distribution,Frequency deviation – possible generator instability,Frequency deviation – possible generator instability,Frequency deviation – possible generator instability,0.645,Frequency deviation – possible generator instability
Power Distribution,Frequency deviation – possible generator instability,Frequency deviation – possible generator instability,Frequency deviation – possible generator instability,0.712,Frequency deviation – possible generator instability
Power Distribution,Frequency deviation – possible generator instability,Frequency deviation – possible generator instability,Frequency deviation – possible generator instability,0.79,Frequency deviation – possible generator instability
Power Distribution,Frequency deviation – possible generator instability,Frequency deviation – possible generator instability,Frequency deviation – possible generator instability,0.753,Frequency deviation – possible generator instability
Power Distribution,Undervoltage under high load – possible transformer degradation,Undervoltage under high load – possible transformer degradation,Undervoltage under high load – possible transformer degradation,0.689,Undervoltage under high load – possible transformer degradation
Power Distribution,Frequency deviation – possible generator instability,Frequency deviation – possible generator instability,Frequency deviation – possible generator instability,0.729,Frequency deviation – possible generator instability
Power Distribution,Frequency deviation – possible generator instability,Frequency deviation – possible generator instability,Frequency deviation – possible generator instability,0.933,Frequency deviation – possible generator instability
Power Distribution,Frequency deviation – possible generator instability,Frequency deviation – possible generator instability,Frequency deviation – possible generator instability,0.925,Frequency deviation – possible generator instability
Power Distribution,Frequency deviation – possible generator instability,Frequency deviation – possible generator instability,Frequency deviation – possible generator instability,0.74,Frequency deviation – possible generator instability
Power Distribution,Frequency deviation – possible generator instability,Frequency deviation – possible generator instability,Frequency deviation – possible generator instability,0.835,Frequency deviation – possible generator instability
Power Distribution,Frequency deviation – possible generator instability,Frequency deviation – possible generator instability,Frequency deviation – possible generator instability,0.659,Frequency deviation – possible generator instability
Power Distribution,Frequency deviation – possible generator instability,Frequency deviation – possible generator instability,Frequency deviation – possible generator instability,0.742,Frequency deviation – possible generator instability
Power Distribution,Frequency deviation – possible generator instability,Frequency deviation – possible generator instability,Frequency deviation – possible generator instability,0.64,Frequency deviation – possible generator instability
Power Distribution,Frequency deviation – possible generator instability,Frequency deviation – possible generator instability,Frequency deviation – possible generator instability,0.676,Frequency deviation – possible generator instability
Power Distribution,Frequency deviation – possible generator instability,Frequency deviation – possible generator instability,Frequency deviation – possible generator instability,0.676,Frequency deviation – possible generator instability
Power Distribution,Frequency deviation – possible generator instability,Frequency deviation – possible generator instability,Frequency deviation – possible generator instability,0.916,Frequency deviation – possible generator instability
Power Distribution,Frequency deviation – possible generator instability,Frequency deviation – possible generator instability,Frequency deviation – possible generator instability,0.817,Frequency deviation – possible generator instability
Power Distribution,Frequency deviation – possible generator instability,Frequency deviation – possible generator instability,Frequency deviation – possible generator instability,0.913,Frequency deviation – possible generator instability
Power Distribution,Frequency deviation – possible generator instability,Frequency deviation – possible generator instability,Frequency deviation – possible generator instability,0.733,Frequency deviation – possible generator instability
Power Distribution,Frequency deviation – possible generator instability,Frequency deviation – possible generator instability,Frequency deviation – possible generator instability,0.798,Frequency deviation – possible generator instability
Power Distribution,Frequency deviation – possible generator instability,Frequency deviation – possible generator instability,Frequency deviation – possible generator instability,0.624,Frequency deviation – possible generator instability
Power Distribution,Frequency deviation – possible generator instability,Frequency deviation – possible generator instability,Frequency deviation – possible generator instability,0.646,Frequency deviation – possible generator instability
Power Distribution,Frequency deviation – possible generator instability,Frequency deviation – possible generator instability,Frequency deviation – possible generator instability,0.889,Frequency deviation – possible generator instability
Power Distribution,Frequency deviation – possible generator instability,Frequency deviation – possible generator instability,Frequency deviation – possible generator instability,0.928,Frequency deviation – possible generator instability
Power Distribution,Frequency deviation – possible generator instability,Frequency deviation – possible generator instability,Sensor calibration issue,0.402,Frequency deviation – possible generator instability
Power Distribution,Frequency deviation – possible generator instability,Frequency deviation – possible generator instability,Frequency deviation – possible generator instability,0.782,Frequency deviation – possible generator instability
Power Distribution,Frequency deviation – possible generator instability,Frequency deviation – possible generator instability,Frequency deviation – possible generator instability,0.729,Frequency deviation – possible generator instability
Power Distribution,Frequency deviation – possible generator instability,Frequency deviation – possible generator instability,Frequency deviation – possible generator instability,0.73,Frequency deviation – possible generator instability
Power Distribution,Frequency deviation – possible generator instability,Frequency deviation – possible generator instability,Frequency deviation – possible generator instability,0.835,Frequency deviation – possible generator instability
Power Distribution,Frequency deviation – possible generator instability,Frequency deviation – possible generator instability,Frequency deviation – possible generator instability,0.915,Frequency deviation – possible generator instability
Power Distribution,Frequency deviation – possible generator instability,Frequency deviation – possible generator instability,Frequency deviation – possible generator instability,0.755,Frequency deviation – possible generator instability
Power Distribution,Frequency deviation – possible generator instability,Frequency deviation – possible generator instability,Frequency deviation – possible generator instability,0.607,Frequency deviation – possible generator instability
Power Distribution,Frequency deviation – possible generator instability,Frequency deviation – possible generator instability,Frequency deviation – possible generator instability,0.721,Frequency deviation – possible generator instability
Power Distribution,Frequency deviation – possible generator instability,Undervoltage under high load – possible transformer degradation,Frequency deviation – possible generator instability,0.802,Undervoltage under high load – possible transformer degradation
Power Distribution,Frequency deviation – possible generator instability,Frequency deviation – possible generator instability,,0.303,Frequency deviation – possible generator instability
Power Distribution,Frequency deviation – possible generator instability,Frequency deviation – possible generator instability,Frequency deviation – possible generator instability,0.618,Frequency deviation – possible generator instability
Power Distribution,Frequency deviation – possible generator instability,Frequency deviation – possible generator instability,Frequency deviation – possible generator instability,0.668,Frequency deviation – possible generator instability
Power Distribution,Frequency deviation – possible generator instability,Frequency deviation – possible generator instability,Frequency deviation – possible generator instability,0.874,Frequency deviation – possible generator instability
Power Distribution,Frequency deviation – possible generator instability,Frequency deviation – possible generator instability,Frequency deviation – possible generator instability,0.637,Frequency deviation – possible generator instability
Power Distribution,Frequency deviation – possible generator instability,Frequency deviation – possible generator instability,Frequency deviation – possible generator instability,0.626,Frequency deviation – possible generator instability
Power Distribution,Frequency deviation – possible generator instability,Frequency deviation – possible generator instability,,0.272,Frequency deviation – possible generator instability
Power Distribution,Frequency deviation – possible generator instability,Frequency deviation – possible generator instability,Control system instability,0.447,Frequency deviation – possible generator instability
Power Distribution,Frequency deviation – possible generator instability,Frequency deviation – possible generator instability,Frequency deviation – possible generator instability,0.647,Frequency deviation – possible generator instability
Power Distribution,Undervoltage under high load – possible transformer degradation,Frequency deviation – possible generator instability,Undervoltage under high load – possible transformer degradation,0.677,Frequency deviation – possible generator instability
Power Distribution,Frequency deviation – possible generator instability,Frequency deviation – possible generator instability,Frequency deviation – possible generator instability,0.642,Frequency deviation – possible generator instability
Power Distribution,Frequency deviation – possible generator instability,Frequency deviation – possible generator instability,General performance degradation,0.452,Frequency deviation – possible generator instability
Power Distribution,Frequency deviation – possible generator instability,Frequency deviation – possible generator instability,Frequency deviation – possible generator instability,0.603,Frequency deviation – possible generator instability
Power Distribution,Frequency deviation – possible generator instability,Frequency deviation – possible generator instability,,0.364,Frequency deviation – possible generator instability
Power Distribution,Frequency deviation – possible generator instability,Frequency deviation – possible generator instability,Frequency deviation – possible generator instability,0.948,Frequency deviation – possible generator instability
Power Distribution,Undervoltage under high load – possible transformer degradation,Undervoltage under high load – possible transformer degradation,Undervoltage under high load – possible transformer degradation,0.924,Undervoltage under high load – possible transformer degradation
Power Distribution,Frequency deviation – possible generator instability,Frequency deviation – possible generator instability,Frequency deviation – possible generator instability,0.623,Frequency deviation – possible generator instability
Power Distribution,Frequency deviation – possible generator instability,Frequency deviation – possible generator instability,Frequency deviation – possible generator instability,0.899,Frequency deviation – possible generator instability
Power Distribution,Frequency deviation – possible generator instability,Undervoltage under high load – possible transformer degradation,Frequency deviation – possible generator instability,0.64,Undervoltage under high load – possible transformer degradation
Power Distribution,Frequency deviation – possible generator instability,Frequency deviation – possible generator instability,Frequency deviation – possible generator instability,0.889,Frequency deviation – possible generator instability
Power Distribution,Frequency deviation – possible generator instability,Frequency deviation – possible generator instability,Frequency deviation – possible generator instability,0.614,Frequency deviation – possible generator instability
Power Distribution,Frequency deviation – possible generator instability,Frequency deviation – possible generator instability,Frequency deviation – possible generator instability,0.725,Frequency deviation – possible generator instability
Power Distribution,Frequency deviation – possible generator instability,Frequency deviation – possible generator instability,Frequency deviation – possible generator instability,0.909,Frequency deviation – possible generator instability
Power Distribution,Frequency deviation – possible generator instability,Frequency deviation – possible generator instability,Frequency deviation – possible generator instability,0.673,Frequency deviation – possible generator instability
Power Distribution,Undervoltage under high load – possible transformer degradation,Undervoltage under high load – possible transformer degradation,Undervoltage under high load – possible transformer degradation,0.619,Undervoltage under high load – possible transformer degradation
Power Distribution,Frequency deviation – possible generator instability,Frequency deviation – possible generator instability,Frequency deviation – possible generator instability,0.887,Frequency deviation – possible generator instability
Power Distribution,Frequency deviation – possible generator instability,Frequency deviation – possible generator instability,Frequency deviation – possible generator instability,0.654,Frequency deviation – possible generator instability
Power Distribution,Frequency deviation – possible generator instability,Frequency deviation – possible generator instability,General performance degradation,0.451,Frequency deviation – possible generator instability
Power Distribution,Frequency deviation – possible generator instability,Frequency deviation – possible generator instability,Frequency deviation – possible generator instability,0.622,Frequency deviation – possible generator instability
Power Distribution,Frequency deviation – possible generator instability,Frequency deviation – possible generator instability,Frequency deviation – possible generator instability,0.933,Frequency deviation – possible generator instability
Power Distribution,Frequency deviation – possible generator instability,Frequency deviation – possible generator instability,Frequency deviation – possible generator instability,0.942,Frequency deviation – possible generator instability
Power Distribution,Frequency deviation – possible generator instability,Frequency deviation – possible generator instability,Frequency deviation – possible generator instability,0.64,Frequency deviation – possible generator instability
Power Distribution,Frequency deviation – possible generator instability,Frequency deviation – possible generator instability,Frequency deviation – possible generator instability,0.922,Frequency deviation – possible generator instability
Power Distribution,Frequency deviation – possible generator instability,Frequency deviation – possible generator instability,Frequency deviation – possible generator instability,0.68,Frequency deviation – possible generator instability
Power Distribution,Frequency deviation – possible generator instability,Frequency deviation – possible generator instability,Frequency deviation – possible generator instability,0.911,Frequency deviation – possible generator instability
Power Distribution,Frequency deviation – possible generator instability,Frequency deviation – possible generator instability,Frequency deviation – possible generator instability,0.64,Frequency deviation – possible generator instability
Power Distribution,Frequency deviation – possible generator instability,Frequency deviation – possible generator instability,Frequency deviation – possible generator instability,0.673,Frequency deviation – possible generator instability
Power Distribution,Undervoltage under high load – possible transformer degradation,Undervoltage under high load – possible transformer degradation,Undervoltage under high load – possible transformer degradation,0.625,Undervoltage under high load – possible transformer degradation
Power Distribution,Frequency deviation – possible generator instability,Frequency deviation – possible generator instability,Frequency deviation – possible generator instability,0.672,Frequency deviation – possible generator instability
Power Distribution,Frequency deviation – possible generator instability,Frequency deviation – possible generator instability,Frequency deviation – possible generator instability,0.723,Frequency deviation – possible generator instability
Power Distribution,Frequency deviation – possible generator instability,Frequency deviation – possible generator instability,Sensor calibration issue,0.406,Frequency deviation – possible generator instability
Power Distribution,Frequency deviation – possible generator instability,Undervoltage under high load – possible transformer degradation,Frequency deviation – possible generator instability,0.602,Undervoltage under high load – possible transformer degradation
Power Distribution,Frequency deviation – possible generator instability,Frequency deviation – possible generator instability,Frequency deviation – possible generator instability,0.716,Frequency deviation – possible generator instability
Power Distribution,Frequency deviation – possible generator instability,Frequency deviation – possible generator instability,Unexpected power fluctuation,0.403,Frequency deviation – possible generator instability
Power Distribution,Frequency deviation – possible generator instability,Frequency deviation – possible generator instability,Frequency deviation – possible generator instability,0.748,Frequency deviation – possible generator instability
Power Distribution,Undervoltage under high load – possible transformer degradation,Undervoltage under high load – possible transformer degradation,Undervoltage under high load – possible transformer degradation,0.802,Undervoltage under high load – possible transformer degradation
Power Distribution,Frequency deviation – possible generator instability,Frequency deviation – possible generator instability,Frequency deviation – possible generator instability,0.755,Frequency deviation – possible generator instability
Power Distribution,Frequency deviation – possible generator instability,Frequency deviation – possible generator instability,Frequency deviation – possible generator instability,0.631,Frequency deviation – possible generator instability
Power Distribution,Frequency deviation – possible generator instability,Frequency deviation – possible generator instability,Frequency deviation – possible generator instability,0.665,Frequency deviation – possible generator instability
Power Distribution,Frequency deviation – possible generator instability,Frequency deviation – possible generator instability,Frequency deviation – possible generator instability,0.717,Frequency deviation – possible generator instability
Power Distribution,Frequency deviation – possible generator instability,Frequency deviation – possible generator instability,Frequency deviation – possible generator instability,0.636,Frequency deviation – possible generator instability
Power Distribution,Frequency deviation – possible generator instability,Frequency deviation – possible generator instability,Frequency deviation – possible generator instability,0.94,Frequency deviation – possible generator instability
Power Distribution,Frequency deviation – possible generator instability,Frequency deviation – possible generator instability,Frequency deviation – possible generator instability,0.798,Frequency deviation – possible generator instability
Power Distribution,Frequency deviation – possible generator instability,Frequency deviation – possible generator instability,Frequency deviation – possible generator instability,0.756,Frequency deviation – possible generator instability
Power Distribution,Frequency deviation – possible generator instability,Frequency deviation – possible generator instability,,0.373,Frequency deviation – possible generator instability
Power Distribution,Frequency deviation – possible generator instability,Frequency deviation – possible generator instability,General performance degradation,0.377,Frequency deviation – possible generator instability
Power Distribution,Frequency deviation – possible generator instability,Frequency deviation – possible generator instability,Frequency deviation – possible generator instability,0.88,Frequency deviation – possible generator instability
Power Distribution,Frequency deviation – possible generator instability,Frequency deviation – possible generator instability,Frequency deviation – possible generator instability,0.723,Frequency deviation – possible generator instability
Power Distribution,Frequency deviation – possible generator instability,Frequency deviation – possible generator instability,Frequency deviation – possible generator instability,0.858,Frequency deviation – possible generator instability
Power Distribution,Frequency deviation – possible generator instability,Frequency deviation – possible generator instability,Frequency deviation – possible generator instability,0.668,Frequency deviation – possible generator instability
Power Distribution,Frequency deviation – possible generator instability,Frequency deviation – possible generator instability,Frequency deviation – possible generator instability,0.746,Frequency deviation – possible generator instability
Power Distribution,Frequency deviation – possible generator instability,Frequency deviation – possible generator instability,,0.305,Frequency deviation – possible generator instability
Power Distribution,Frequency deviation – possible generator instability,Frequency deviation – possible generator instability,Frequency deviation – possible generator instability,0.603,Frequency deviation – possible generator instability
Power Distribution,Frequency deviation – possible generator instability,Frequency deviation – possible generator instability,Frequency deviation – possible generator instability,0.906,Frequency deviation – possible generator instability
Power Distribution,Frequency deviation – possible generator instability,Frequency deviation – possible generator instability,,0.363,Frequency deviation – possible generator instability
Power Distribution,Frequency deviation – possible generator instability,Frequency deviation – possible generator instability,Frequency deviation – possible generator instability,0.641,Frequency deviation – possible generator instability
Power Distribution,Frequency deviation – possible generator instability,Frequency deviation – possible generator instability,Frequency deviation – possible generator instability,0.905,Frequency deviation – possible generator instability
Power Distribution,Frequency deviation – possible generator instability,Frequency deviation – possible generator instability,Frequency deviation – possible generator instability,0.641,Frequency deviation – possible generator instability
Power Distribution,Frequency deviation – possible generator instability,Frequency deviation – possible generator instability,Frequency deviation – possible generator instability,0.624,Frequency deviation – possible generator instability
Power Distribution,Frequency deviation – possible generator instability,Frequency deviation – possible generator instability,Frequency deviation – possible generator instability,0.678,Frequency deviation – possible generator instability
Power Distribution,Frequency deviation – possible generator instability,Frequency deviation – possible generator instability,Frequency deviation – possible generator instability,0.735,Frequency deviation – possible generator instability
Power Distribution,Frequency deviation – possible generator instability,Frequency deviation – possible generator instability,Frequency deviation – possible generator instability,0.906,Frequency deviation – possible generator instability
Power Distribution,Frequency deviation – possible generator instability,Frequency deviation – possible generator instability,Frequency deviation – possible generator instability,0.645,Frequency deviation – possible generator instability
Power Distribution,Frequency deviation – possible generator instability,Frequency deviation – possible generator instability,Frequency deviation – possible generator instability,0.887,Frequency deviation – possible generator instability
Power Distribution,Frequency deviation – possible generator instability,Frequency deviation – possible generator instability,Frequency deviation – possible generator instability,0.844,Frequency deviation – possible generator instability
Power Distribution,Frequency deviation – possible generator instability,Frequency deviation – possible generator instability,Frequency deviation – possible generator instability,0.898,Frequency deviation – possible generator instability
Power Distribution,Frequency deviation – possible generator instability,Frequency deviation – possible generator instability,Frequency deviation – possible generator instability,0.725,Frequency deviation – possible generator instability
Power Distribution,Frequency deviation – possible generator instability,Frequency deviation – possible generator instability,Frequency deviation – possible generator instability,0.702,Frequency deviation – possible generator instability
Power Distribution,Frequency deviation – possible generator instability,Frequency deviation – possible generator instability,Frequency deviation – possible generator instability,0.69,Frequency deviation – possible generator instability
Power Distribution,Frequency deviation – possible generator instability,Frequency deviation – possible generator instability,Frequency deviation – possible generator instability,0.68,Frequency deviation – possible generator instability
Power Distribution,Undervoltage under high load – possible transformer degradation,Frequency deviation – possible generator instability,Undervoltage under high load – possible transformer degradation,0.695,Frequency deviation – possible generator instability
Power Distribution,Frequency deviation – possible generator instability,Frequency deviation – possible generator instability,Frequency deviation – possible generator instability,0.894,Frequency deviation – possible generator instability
Power Distribution,Frequency deviation – possible generator instability,Frequency deviation – possible generator instability,Frequency deviation – possible generator instability,0.603,Frequency deviation – possible generator instability
Power Distribution,Frequency deviation – possible generator instability,Frequency deviation – possible generator instability,Frequency deviation – possible generator instability,0.852,Frequency deviation – possible generator instability
Power Distribution,Frequency deviation – possible generator instability,Frequency deviation – possible generator instability,Frequency deviation – possible generator instability,0.866,Frequency deviation – possible generator instability
Power Distribution,Frequency deviation – possible generator instability,Frequency deviation – possible generator instability,Frequency deviation – possible generator instability,0.635,Frequency deviation – possible generator instability
Power Distribution,Frequency deviation – possible generator instability,Frequency deviation – possible generator instability,Frequency deviation – possible generator instability,0.721,Frequency deviation – possible generator instability
Power Distribution,Frequency deviation – possible generator instability,Undervoltage under high load – possible transformer degradation,Frequency deviation – possible generator instability,0.784,Undervoltage under high load – possible transformer degradation
Power Distribution,Frequency deviation – possible generator instability,Frequency deviation – possible generator instability,Frequency deviation – possible generator instability,0.924,Frequency deviation – possible generator instability
Power Distribution,Frequency deviation – possible generator instability,Frequency deviation – possible generator instability,Frequency deviation – possible generator instability,0.796,Frequency deviation – possible generator instability
Power Distribution,Frequency deviation – possible generator instability,Frequency deviation – possible generator instability,Frequency deviation – possible generator instability,0.901,Frequency deviation – possible generator instability
Power Distribution,Frequency deviation – possible generator instability,Frequency deviation – possible generator instability,Frequency deviation – possible generator instability,0.764,Frequency deviation – possible generator instability
Power Distribution,Undervoltage under high load – possible transformer degradation,Undervoltage under high load – possible transformer degradation,Undervoltage under high load – possible transformer degradation,0.742,Undervoltage under high load – possible transformer degradation
Power Distribution,Undervoltage under high load – possible transformer degradation,Frequency deviation – possible generator instability,Undervoltage under high load – possible transformer degradation,0.771,Frequency deviation – possible generator instability
Power Distribution,Frequency deviation – possible generator instability,Frequency deviation – possible generator instability,Frequency deviation – possible generator instability,0.854,Frequency deviation – possible generator instability
Power Distribution,Frequency deviation – possible generator instability,Frequency deviation – possible generator instability,Frequency deviation – possible generator instability,0.906,Frequency deviation – possible generator instability
Power Distribution,Frequency deviation – possible generator instability,Frequency deviation – possible generator instability,,0.339,Frequency deviation – possible generator instability
Power Distribution,Frequency deviation – possible generator instability,Frequency deviation – possible generator instability,Frequency deviation – possible generator instability,0.803,Frequency deviation – possible generator instability
Power Distribution,Frequency deviation – possible generator instability,Frequency deviation – possible generator instability,Frequency deviation – possible generator instability,0.864,Frequency deviation – possible generator instability
Power Distribution,Frequency deviation – possible generator instability,Frequency deviation – possible generator instability,Frequency deviation – possible generator instability,0.629,Frequency deviation – possible generator instability
Power Distribution,Frequency deviation – possible generator instability,Frequency deviation – possible generator instability,Frequency deviation – possible generator instability,0.946,Frequency deviation – possible generator instability
Power Distribution,Frequency deviation – possible generator instability,Frequency deviation – possible generator instability,Frequency deviation – possible generator instability,0.78,Frequency deviation – possible generator instability
Power Distribution,Frequency deviation – possible generator instability,Frequency deviation – possible generator instability,Frequency deviation – possible generator instability,0.781,Frequency deviation – possible generator instability
Power Distribution,Frequency deviation – possible generator instability,Frequency deviation – possible generator instability,Frequency deviation – possible generator instability,0.779,Frequency deviation – possible generator instability
Power Distribution,Frequency deviation – possible generator instability,Frequency deviation – possible generator instability,Frequency deviation – possible generator instability,0.7,Frequency deviation – possible generator instability
Power Distribution,Frequency deviation – possible generator instability,Frequency deviation – possible generator instability,Frequency deviation – possible generator instability,0.627,Frequency deviation – possible generator instability
Power Distribution,Frequency deviation – possible generator instability,Frequency deviation – possible generator instability,Frequency deviation – possible generator instability,0.791,Frequency deviation – possible generator instability
Power Distribution,Frequency deviation – possible generator instability,Frequency deviation – possible generator instability,Frequency deviation – possible generator instability,0.82,Frequency deviation – possible generator instability
Power Distribution,Frequency deviation – possible generator instability,Frequency deviation – possible generator instability,Frequency deviation – possible generator instability,0.935,Frequency deviation – possible generator instability
Power Distribution,Frequency deviation – possible generator instability,Frequency deviation – possible generator instability,Frequency deviation – possible generator instability,0.899,Frequency deviation – possible generator instability
Power Distribution,Frequency deviation – possible generator instability,Undervoltage under high load – possible transformer degradation,Frequency deviation – possible generator instability,0.926,Undervoltage under high load – possible transformer degradation
Power Distribution,Frequency deviation – possible generator instability,Frequency deviation – possible generator instability,Frequency deviation – possible generator instability,0.875,Frequency deviation – possible generator instability
Power Distribution,Frequency deviation – possible generator instability,Frequency deviation – possible generator instability,Frequency deviation – possible generator instability,0.948,Frequency deviation – possible generator instability
Power Distribution,Frequency deviation – possible generator instability,Frequency deviation – possible generator instability,Frequency deviation – possible generator instability,0.771,Frequency deviation – possible generator instability
Power Distribution,Frequency deviation – possible generator instability,Frequency deviation – possible generator instability,Frequency deviation – possible generator instability,0.797,Frequency deviation – possible generator instability
Power Distribution,Frequency deviation – possible generator instability,Frequency deviation – possible generator instability,Frequency deviation – possible generator instability,0.687,Frequency deviation – possible generator instability
Power Distribution,Frequency deviation – possible generator instability,Frequency deviation – possible generator instability,Frequency deviation – possible generator instability,0.927,Frequency deviation – possible generator instability
Power Distribution,Frequency deviation – possible generator instability,Frequency deviation – possible generator instability,Frequency deviation – possible generator instability,0.908,Frequency deviation – possible generator instability
Power Distribution,Frequency deviation – possible generator instability,Frequency deviation – possible generator instability,Frequency deviation – possible generator instability,0.837,Frequency deviation – possible generator instability
Power Distribution,Frequency deviation – possible generator instability,Frequency deviation – possible generator instability,Frequency deviation – possible generator instability,0.853,Frequency deviation – possible generator instability
Power Distribution,Undervoltage under high load – possible transformer degradation,Undervoltage under high load – possible transformer degradation,Unexpected power fluctuation,0.329,Undervoltage under high load – possible transformer degradation
Power Distribution,Undervoltage under high load – possible transformer degradation,Undervoltage under high load – possible transformer degradation,Undervoltage under high load – possible transformer degradation,0.63,Undervoltage under high load – possible transformer degradation
Power Distribution,Frequency deviation – possible generator instability,Frequency deviation – possible generator instability,Frequency deviation – possible generator instability,0.671,Frequency deviation – possible generator instability
Power Distribution,Frequency deviation – possible generator instability,Frequency deviation – possible generator instability,Frequency deviation – possible generator instability,0.888,Frequency deviation – possible generator instability
Power Distribution,Undervoltage under high load – possible transformer degradation,Undervoltage under high load – possible transformer degradation,Undervoltage under high load – possible transformer degradation,0.794,Undervoltage under high load – possible transformer degradation
Power Distribution,Frequency deviation – possible generator instability,Frequency deviation – possible generator instability,Frequency deviation – possible generator instability,0.653,Frequency deviation – possible generator instability
Power Distribution,Frequency deviation – possible generator instability,Frequency deviation – possible generator instability,Sensor calibration issue,0.357,Frequency deviation – possible generator instability
Power Distribution,Frequency deviation – possible generator instability,Frequency deviation – possible generator instability,Frequency deviation – possible generator instability,0.866,Frequency deviation – possible generator instability
Power Distribution,Frequency deviation – possible generator instability,Frequency deviation – possible generator instability,Frequency deviation – possible generator instability,0.818,Frequency deviation – possible generator instability
Power Distribution,Frequency deviation – possible generator instability,Frequency deviation – possible generator instability,Frequency deviation – possible generator instability,0.688,Frequency deviation – possible generator instability
Power Distribution,Frequency deviation – possible generator instability,Frequency deviation – possible generator instability,Frequency deviation – possible generator instability,0.819,Frequency deviation – possible generator instability
Power Distribution,Frequency deviation – possible generator instability,Frequency deviation – possible generator instability,Frequency deviation – possible generator instability,0.881,Frequency deviation – possible generator instability
Power Distribution,Frequency deviation – possible generator instability,Frequency deviation – possible generator instability,Frequency deviation – possible generator instability,0.909,Frequency deviation – possible generator instability
Power Distribution,Frequency deviation – possible generator instability,Frequency deviation – possible generator instability,Frequency deviation – possible generator instability,0.917,Frequency deviation – possible generator instability
Power Distribution,Frequency deviation – possible generator instability,Frequency deviation – possible generator instability,Frequency deviation – possible generator instability,0.852,Frequency deviation – possible generator instability
Power Distribution,Undervoltage under high load – possible transformer degradation,Frequency deviation – possible generator instability,Undervoltage under high load – possible transformer degradation,0.786,Frequency deviation – possible generator instability
Power Distribution,Frequency deviation – possible generator instability,Undervoltage under high load – possible transformer degradation,Frequency deviation – possible generator instability,0.913,Undervoltage under high load – possible transformer degradation
Power Distribution,Frequency deviation – possible generator instability,Frequency deviation – possible generator instability,Frequency deviation – possible generator instability,0.876,Frequency deviation – possible generator instability
Power Distribution,Frequency deviation – possible generator instability,Frequency deviation – possible generator instability,Frequency deviation – possible generator instability,0.79,Frequency deviation – possible generator instability
Power Distribution,Frequency deviation – possible generator instability,Frequency deviation – possible generator instability,Frequency deviation – possible generator instability,0.667,Frequency deviation – possible generator instability
Power Distribution,Frequency deviation – possible generator instability,Frequency deviation – possible generator instability,Frequency deviation – possible generator instability,0.78,Frequency deviation – possible generator instability
Power Distribution,Frequency deviation – possible generator instability,Frequency deviation – possible generator instability,Frequency deviation – possible generator instability,0.849,Frequency deviation – possible generator instability
Power Distribution,Frequency deviation – possible generator instability,Frequency deviation – possible generator instability,Frequency deviation – possible generator instability,0.748,Frequency deviation – possible generator instability
Power Distribution,Frequency deviation – possible generator instability,Frequency deviation – possible generator instability,Frequency deviation – possible generator instability,0.65,Frequency deviation – possible generator instability
Power Distribution,Frequency deviation – possible generator instability,Frequency deviation – possible generator instability,Frequency deviation – possible generator instability,0.796,Frequency deviation – possible generator instability
Power Distribution,Frequency deviation – possible generator instability,Frequency deviation – possible generator instability,,0.329,Frequency deviation – possible generator instability
Power Distribution,Frequency deviation – possible generator instability,Frequency deviation – possible generator instability,Frequency deviation – possible generator instability,0.948,Frequency deviation – possible generator instability
Power Distribution,Frequency deviation – possible generator instability,Frequency deviation – possible generator instability,Frequency deviation – possible generator instability,0.688,Frequency deviation – possible generator instability
Power Distribution,Undervoltage under high load – possible transformer degradation,Undervoltage under high load – possible transformer degradation,Undervoltage under high load – possible transformer degradation,0.78,Undervoltage under high load – possible transformer degradation
Power Distribution,Frequency deviation – possible generator instability,Frequency deviation – possible generator instability,Frequency deviation – possible generator instability,0.804,Frequency deviation – possible generator instability
Power Distribution,Frequency deviation – possible generator instability,Frequency deviation – possible generator instability,Frequency deviation – possible generator instability,0.859,Frequency deviation – possible generator instability
Power Distribution,Frequency deviation – possible generator instability,Frequency deviation – possible generator instability,,0.27,Frequency deviation – possible generator instability
Power Distribution,Frequency deviation – possible generator instability,Frequency deviation – possible generator instability,Frequency deviation – possible generator instability,0.929,Frequency deviation – possible generator instability
Power Distribution,Frequency deviation – possible generator instability,Frequency deviation – possible generator instability,Frequency deviation – possible generator instability,0.807,Frequency deviation – possible generator instability
Power Distribution,Frequency deviation – possible generator instability,Frequency deviation – possible generator instability,Frequency deviation – possible generator instability,0.771,Frequency deviation – possible generator instability
Power Distribution,Frequency deviation – possible generator instability,Frequency deviation – possible generator instability,Frequency deviation – possible generator instability,0.791,Frequency deviation – possible generator instability
Power Distribution,Frequency deviation – possible generator instability,Frequency deviation – possible generator instability,Frequency deviation – possible generator instability,0.731,Frequency deviation – possible generator instability
Power Distribution,Frequency deviation – possible generator instability,Frequency deviation – possible generator instability,Frequency deviation – possible generator instability,0.817,Frequency deviation – possible generator instability
Power Distribution,Undervoltage under high load – possible transformer degradation,Frequency deviation – possible generator instability,Undervoltage under high load – possible transformer degradation,0.709,Frequency deviation – possible generator instability
Power Distribution,Frequency deviation – possible generator instability,Frequency deviation – possible generator instability,Frequency deviation – possible generator instability,0.768,Frequency deviation – possible generator instability
Power Distribution,Frequency deviation – possible generator instability,Frequency deviation – possible generator instability,Frequency deviation – possible generator instability,0.625,Frequency deviation – possible generator instability
Power Distribution,Frequency deviation – possible generator instability,Frequency deviation – possible generator instability,Frequency deviation – possible generator instability,0.809,Frequency deviation – possible generator instability
Power Distribution,Frequency deviation – possible generator instability,Undervoltage under high load – possible transformer degradation,Frequency deviation – possible generator instability,0.786,Undervoltage under high load – possible transformer degradation
Power Distribution,Frequency deviation – possible generator instability,Frequency deviation – possible generator instability,Frequency deviation – possible generator instability,0.922,Frequency deviation – possible generator instability
Power Distribution,Frequency deviation – possible generator instability,Frequency deviation – possible generator instability,Frequency deviation – possible generator instability,0.665,Frequency deviation – possible generator instability
Power Distribution,Frequency deviation – possible generator instability,Frequency deviation – possible generator instability,Frequency deviation – possible generator instability,0.719,Frequency deviation – possible generator instability
Power Distribution,Frequency deviation – possible generator instability,Frequency deviation – possible generator instability,Sensor calibration issue,0.465,Frequency deviation – possible generator instability
Power Distribution,Frequency deviation – possible generator instability,Frequency deviation – possible generator instability,Frequency deviation – possible generator instability,0.6,Frequency deviation – possible generator instability
Power Distribution,Frequency deviation – possible generator instability,Frequency deviation – possible generator instability,Frequency deviation – possible generator instability,0.614,Frequency deviation – possible generator instability
Power Distribution,Undervoltage under high load – possible transformer degradation,Undervoltage under high load – possible transformer degradation,Undervoltage under high load – possible transformer degradation,0.687,Undervoltage under high load – possible transformer degradation
Power Distribution,Frequency deviation – possible generator instability,Frequency deviation – possible generator instability,Frequency deviation – possible generator instability,0.762,Frequency deviation – possible generator instability
Power Distribution,Frequency deviation – possible generator instability,Frequency deviation – possible generator instability,Frequency deviation – possible generator instability,0.749,Frequency deviation – possible generator instability
Power Distribution,Undervoltage under high load – possible transformer degradation,Frequency deviation – possible generator instability,Control system instability,0.444,Frequency deviation – possible generator instability
Power Distribution,Frequency deviation – possible generator instability,Frequency deviation – possible generator instability,Frequency deviation – possible generator instability,0.834,Frequency deviation – possible generator instability
Power Distribution,Undervoltage under high load – possible transformer degradation,Undervoltage under high load – possible transformer degradation,Undervoltage under high load – possible transformer degradation,0.712,Undervoltage under high load – possible transformer degradation
Power Distribution,Frequency deviation – possible generator instability,Frequency deviation – possible generator instability,Frequency deviation – possible generator instability,0.918,Frequency deviation – possible generator instability
Power Distribution,Frequency deviation – possible generator instability,Frequency deviation – possible generator instability,,0.292,Frequency deviation – possible generator instability
Power Distribution,Frequency deviation – possible generator instability,Frequency deviation – possible generator instability,Frequency deviation – possible generator instability,0.709,Frequency deviation – possible generator instability
Power Distribution,Frequency deviation – possible generator instability,Frequency deviation – possible generator instability,,0.327,Frequency deviation – possible generator instability
Power Distribution,Frequency deviation – possible generator instability,Frequency deviation – possible generator instability,Frequency deviation – possible generator instability,0.694,Frequency deviation – possible generator instability
Power Distribution,Frequency deviation – possible generator instability,Frequency deviation – possible generator instability,Frequency deviation – possible generator instability,0.85,Frequency deviation – possible generator instability
Power Distribution,Frequency deviation – possible generator instability,Frequency deviation – possible generator instability,Frequency deviation – possible generator instability,0.682,Frequency deviation – possible generator instability
Power Distribution,Frequency deviation – possible generator instability,Frequency deviation – possible generator instability,,0.348,Frequency deviation – possible generator instability
Power Distribution,Frequency deviation – possible generator instability,Frequency deviation – possible generator instability,Frequency deviation – possible generator instability,0.627,Frequency deviation – possible generator instability
Power Distribution,Frequency deviation – possible generator instability,Frequency deviation – possible generator instability,,0.365,Frequency deviation – possible generator instability
Power Distribution,Frequency deviation – possible generator instability,Frequency deviation – possible generator instability,Frequency deviation – possible generator instability,0.732,Frequency deviation – possible generator instability
Power Distribution,Frequency deviation – possible generator instability,Frequency deviation – possible generator instability,Frequency deviation – possible generator instability,0.758,Frequency deviation – possible generator instability
Power Distribution,Frequency deviation – possible generator instability,Frequency deviation – possible generator instability,Frequency deviation – possible generator instability,0.8,Frequency deviation – possible generator instability
Power Distribution,Undervoltage under high load – possible transformer degradation,Undervoltage under high load – possible transformer degradation,Undervoltage under high load – possible transformer degradation,0.824,Undervoltage under high load – possible transformer degradation
Power Distribution,Frequency deviation – possible generator instability,Frequency deviation – possible generator instability,Unexpected power fluctuation,0.347,Frequency deviation – possible generator instability
Power Distribution,Frequency deviation – possible generator instability,Frequency deviation – possible generator instability,,0.377,Frequency deviation – possible generator instability
Power Distribution,Frequency deviation – possible generator instability,Frequency deviation – possible generator instability,Frequency deviation – possible generator instability,0.769,Frequency deviation – possible generator instability
Power Distribution,Frequency deviation – possible generator instability,Frequency deviation – possible generator instability,General performance degradation,0.309,Frequency deviation – possible generator instability
Power Distribution,Undervoltage under high load – possible transformer degradation,Frequency deviation – possible generator instability,Undervoltage under high load – possible transformer degradation,0.831,Frequency deviation – possible generator instability
Power Distribution,Frequency deviation – possible generator instability,Frequency deviation – possible generator instability,,0.274,Frequency deviation – possible generator instability
Power Distribution,Frequency deviation – possible generator instability,Frequency deviation – possible generator instability,Frequency deviation – possible generator instability,0.789,Frequency deviation – possible generator instability
Power Distribution,Frequency deviation – possible generator instability,Frequency deviation – possible generator instability,Frequency deviation – possible generator instability,0.659,Frequency deviation – possible generator instability
Power Distribution,Undervoltage under high load – possible transformer degradation,Frequency deviation – possible generator instability,,0.369,Frequency deviation – possible generator instability
Power Distribution,Frequency deviation – possible generator instability,Frequency deviation – possible generator instability,Frequency deviation – possible generator instability,0.93,Frequency deviation – possible generator instability
Power Distribution,Frequency deviation – possible generator instability,Frequency deviation – possible generator instability,,0.36,Frequency deviation – possible generator instability
Power Distribution,Undervoltage under high load – possible transformer degradation,Undervoltage under high load – possible transformer degradation,,0.258,Undervoltage under high load – possible transformer degradation
Water Supply,High water temperature – possible heat exchanger fouling,High water temperature – possible heat exchanger fouling,,0.317,High water temperature – possible heat exchanger fouling
Water Supply,,,,0.694,
Water Supply,High water temperature – possible heat exchanger fouling,High water temperature – possible heat exchanger fouling,High water temperature – possible heat exchanger fouling,0.676,High water temperature – possible heat exchanger fouling
Water Supply,,,,0.936,
Water Supply,High water temperature – possible heat exchanger fouling,High water temperature – possible heat exchanger fouling,High water temperature – possible heat exchanger fouling,0.682,High water temperature – possible heat exchanger fouling
Water Supply,,,,0.254,
Water Supply,,,,0.613,
Water Supply,,,,0.863,
Water Supply,High water temperature – possible heat exchanger fouling,High water temperature – possible heat exchanger fouling,High water temperature – possible heat exchanger fouling,0.945,High water temperature – possible heat exchanger fouling
Water Supply,,,,0.354,
Water Supply,,,,0.74,
Water Supply,,,General performance degradation,0.386,General performance degradation
Water Supply,,,,0.68,
Water Supply,High water temperature – possible heat exchanger fouling,High water temperature – possible heat exchanger fouling,High water temperature – possible heat exchanger fouling,0.698,High water temperature – possible heat exchanger fouling
Water Supply,High water temperature – possible heat exchanger fouling,High water temperature – possible heat exchanger fouling,High water temperature – possible heat exchanger fouling,0.704,High water temperature – possible heat exchanger fouling
Water Supply,High water temperature – possible heat exchanger fouling,High water temperature – possible heat exchanger fouling,High water temperature – possible heat exchanger fouling,0.724,High water temperature – possible heat exchanger fouling
Water Supply,,,,0.668,
Water Supply,,,,0.859,
Water Supply,High water temperature – possible heat exchanger fouling,High water temperature – possible heat exchanger fouling,High water temperature – possible heat exchanger fouling,0.929,High water temperature – possible heat exchanger fouling
Water Supply,High water temperature – possible heat exchanger fouling,High water temperature – possible heat exchanger fouling,High water temperature – possible heat exchanger fouling,0.906,High water temperature – possible heat exchanger fouling
Water Supply,High water temperature – possible heat exchanger fouling,High water temperature – possible heat exchanger fouling,High water temperature – possible heat exchanger fouling,0.836,High water temperature – possible heat exchanger fouling
Water Supply,High water temperature – possible heat exchanger fouling,High water temperature – possible heat exchanger fouling,Control system instability,0.37,High water temperature – possible heat exchanger fouling
Water Supply,,,,0.867,
Water Supply,,,,0.848,
Water Supply,,,,0.612,
Water Supply,,,,0.779,
Water Supply,,,,0.678,
Water Supply,,,,0.681,
Water Supply,,,,0.746,
Water Supply,High water temperature – possible heat exchanger fouling,High water temperature – possible heat exchanger fouling,High water temperature – possible heat exchanger fouling,0.79,High water temperature – possible heat exchanger fouling
Water Supply,High water temperature – possible heat exchanger fouling,High water temperature – possible heat exchanger fouling,High water temperature – possible heat exchanger fouling,0.9,High water temperature – possible heat exchanger fouling
Water Supply,,,,0.294,
Water Supply,High water temperature – possible heat exchanger fouling,High water temperature – possible heat exchanger fouling,High water temperature – possible heat exchanger fouling,0.828,High water temperature – possible heat exchanger fouling
Water Supply,High water temperature – possible heat exchanger fouling,High water temperature – possible heat exchanger fouling,High water temperature – possible heat exchanger fouling,0.718,High water temperature – possible heat exchanger fouling
Water Supply,High water temperature – possible heat exchanger fouling,High water temperature – possible heat exchanger fouling,High water temperature – possible heat exchanger fouling,0.859,High water temperature – possible heat exchanger fouling
Water Supply,High water temperature – possible heat exchanger fouling,High water temperature – possible heat exchanger fouling,High water temperature – possible heat exchanger fouling,0.822,High water temperature – possible heat exchanger fouling
Water Supply,,,,0.904,
Water Supply,High water temperature – possible heat exchanger fouling,High water temperature – possible heat exchanger fouling,High water temperature – possible heat exchanger fouling,0.838,High water temperature – possible heat exchanger fouling
Water Supply,High water temperature – possible heat exchanger fouling,High water temperature – possible heat exchanger fouling,High water temperature – possible heat exchanger fouling,0.788,High water temperature – possible heat exchanger fouling
Water Supply,High water temperature – possible heat exchanger fouling,High water temperature – possible heat exchanger fouling,High water temperature – possible heat exchanger fouling,0.847,High water temperature – possible heat exchanger fouling
Water Supply,,,,0.862,
Water Supply,,,Control system instability,0.3,Control system instability
Water Supply,,,,0.706,
Water Supply,High water temperature – possible heat exchanger fouling,High water temperature – possible heat exchanger fouling,High water temperature – possible heat exchanger fouling,0.665,High water temperature – possible heat exchanger fouling
Water Supply,,,,0.91,
Water Supply,High water temperature – possible heat exchanger fouling,High water temperature – possible heat exchanger fouling,High water temperature – possible heat exchanger fouling,0.653,High water temperature – possible heat exchanger fouling
Water Supply,,,,0.668,
Water Supply,,,Unexpected power fluctuation,0.416,Unexpected power fluctuation
Water Supply,,,,0.698,
Water Supply,,,,0.631,
Water Supply,High water temperature – possible heat exchanger fouling,High water temperature – possible heat exchanger fouling,High water temperature – possible heat exchanger fouling,0.622,High water temperature – possible heat exchanger fouling
Water Supply,,,,0.753,
Water Supply,,,,0.871,
Water Supply,,,,0.775,
Water Supply,,,,0.648,
Water Supply,,,,0.86,
Water Supply,,,General performance degradation,0.402,General performance degradation
Water Supply,,,,0.88,
Water Supply,,,,0.674,
Water Supply,High water temperature – possible heat exchanger fouling,High water temperature – possible heat exchanger fouling,High water temperature – possible heat exchanger fouling,0.67,High water temperature – possible heat exchanger fouling
Water Supply,,,,0.632,
Water Supply,,,,0.74,
Water Supply,,,,0.949,
Water Supply,High water temperature – possible heat exchanger fouling,High water temperature – possible heat exchanger fouling,General performance degradation,0.378,High water temperature – possible heat exchanger fouling
Water Supply,High water temperature – possible heat exchanger fouling,High water temperature – possible heat exchanger fouling,High water temperature – possible heat exchanger fouling,0.761,High water temperature – possible heat exchanger fouling
Water Supply,,,,0.803,
Water Supply,,,,0.926,
Water Supply,,,,0.796,
Water Supply,,,,0.901,
Water Supply,High water temperature – possible heat exchanger fouling,High water temperature – possible heat exchanger fouling,High water temperature – possible heat exchanger fouling,0.87,High water temperature – possible heat exchanger fouling
Water Supply,High water temperature – possible heat exchanger fouling,High water temperature – possible heat exchanger fouling,High water temperature – possible heat exchanger fouling,0.936,High water temperature – possible heat exchanger fouling
Water Supply,High water temperature – possible heat exchanger fouling,High water temperature – possible heat exchanger fouling,High water temperature – possible heat exchanger fouling,0.891,High water temperature – possible heat exchanger fouling
Water Supply,,,,0.737,
Water Supply,,,,0.898,
Water Supply,High water temperature – possible heat exchanger fouling,High water temperature – possible heat exchanger fouling,High water temperature – possible heat exchanger fouling,0.611,High water temperature – possible heat exchanger fouling
Water Supply,,,,0.936,
Water Supply,High water temperature – possible heat exchanger fouling,High water temperature – possible heat exchanger fouling,,0.266,High water temperature – possible heat exchanger fouling
Water Supply,High water temperature – possible heat exchanger fouling,High water temperature – possible heat exchanger fouling,High water temperature – possible heat exchanger fouling,0.914,High water temperature – possible heat exchanger fouling
Water Supply,,,,0.665,
Water Supply,,,,0.366,
Water Supply,,,,0.749,
Water Supply,,,,0.76,
Water Supply,,,,0.673,
Water Supply,,,,0.294,
Water Supply,,,,0.883,
Water Supply,High water temperature – possible heat exchanger fouling,High water temperature – possible heat exchanger fouling,Sensor calibration issue,0.38,High water temperature – possible heat exchanger fouling
Water Supply,,,,0.858,
Water Supply,High water temperature – possible heat exchanger fouling,High water temperature – possible heat exchanger fouling,High water temperature – possible heat exchanger fouling,0.935,High water temperature – possible heat exchanger fouling
Water Supply,,,,0.8,
Water Supply,,,,0.273,
Water Supply,,,,0.837,
Water Supply,High water temperature – possible heat exchanger fouling,High water temperature – possible heat exchanger fouling,Control system instability,0.38,High water temperature – possible heat exchanger fouling
Water Supply,,,,0.738,
Water Supply,,,,0.747,
Water Supply,High water temperature – possible heat exchanger fouling,High water temperature – possible heat exchanger fouling,High water temperature – possible heat exchanger fouling,0.733,High water temperature – possible heat exchanger fouling
Water Supply,,,,0.853,
Water Supply,,,,0.935,
Water Supply,,,,0.746,
Water Supply,,,,0.81,
Water Supply,,,,0.935,
Water Supply,High water temperature – possible heat exchanger fouling,High water temperature – possible heat exchanger fouling,High water temperature – possible heat exchanger fouling,0.701,High water temperature – possible heat exchanger fouling
Water Supply,,,,0.837,
Water Supply,,,,0.8,
Water Supply,,,,0.939,
Water Supply,,,,0.63,
Water Supply,,,,0.771,
Water Supply,,,,0.8,
Water Supply,,,,0.295,
Water Supply,High water temperature – possible heat exchanger fouling,High water temperature – possible heat exchanger fouling,High water temperature – possible heat exchanger fouling,0.898,High water temperature – possible heat exchanger fouling
Water Supply,,,,0.747,
Water Supply,,,,0.879,
Water Supply,High water temperature – possible heat exchanger fouling,High water temperature – possible heat exchanger fouling,High water temperature – possible heat exchanger fouling,0.894,High water temperature – possible heat exchanger fouling
Water Supply,,,,0.75,
Water Supply,,,,0.881,
Water Supply,High water temperature – possible heat exchanger fouling,High water temperature – possible heat exchanger fouling,High water temperature – possible heat exchanger fouling,0.88,High water temperature – possible heat exchanger fouling
Water Supply,,,,0.349,
Water Supply,High water temperature – possible heat exchanger fouling,High water temperature – possible heat exchanger fouling,High water temperature – possible heat exchanger fouling,0.811,High water temperature – possible heat exchanger fouling
Water Supply,,,,0.602,
Water Supply,High water temperature – possible heat exchanger fouling,High water temperature – possible heat exchanger fouling,High water temperature – possible heat exchanger fouling,0.615,High water temperature – possible heat exchanger fouling
Water Supply,,,,0.862,
Water Supply,,,,0.831,
Water Supply,High water temperature – possible heat exchanger fouling,High water temperature – possible heat exchanger fouling,High water temperature – possible heat exchanger fouling,0.937,High water temperature – possible heat exchanger fouling
Water Supply,High water temperature – possible heat exchanger fouling,High water temperature – possible heat exchanger fouling,High water temperature – possible heat exchanger fouling,0.885,High water temperature – possible heat exchanger fouling
Water Supply,,,,0.889,
Water Supply,,,,0.68,
Water Supply,,,,0.783,
Water Supply,,,,0.857,
Water Supply,High water temperature – possible heat exchanger fouling,High water temperature – possible heat exchanger fouling,High water temperature – possible heat exchanger fouling,0.707,High water temperature – possible heat exchanger fouling
Water Supply,,,,0.87,
Water Supply,,,,0.934,
Water Supply,,,,0.636,
Water Supply,,,,0.839,
Water Supply,High water temperature – possible heat exchanger fouling,High water temperature – possible heat exchanger fouling,High water temperature – possible heat exchanger fouling,0.817,High water temperature – possible heat exchanger fouling
Water Supply,,,,0.849,
Water Supply,,,,0.643,
Water Supply,High water temperature – possible heat exchanger fouling,High water temperature – possible heat exchanger fouling,High water temperature – possible heat exchanger fouling,0.641,High water temperature – possible heat exchanger fouling
Water Supply,,,,0.654,
Water Supply,,,,0.727,
Water Supply,,,,0.246,
Water Supply,,,,0.745,
Water Supply,,,,0.892,
Water Supply,,,,0.934,
Water Supply,,,,0.886,
Water Supply,,,,0.614,
Water Supply,,,,0.81,
Water Supply,,,,0.682,
Water Supply,,,,0.808,
Water Supply,,,Control system instability,0.406,Control system instability
Water Supply,,,,0.676,
Water Supply,,,,0.787,
Water Supply,,,,0.266,
Water Supply,High water temperature – possible heat exchanger fouling,High water temperature – possible heat exchanger fouling,High water temperature – possible heat exchanger fouling,0.622,High water temperature – possible heat exchanger fouling
Water Supply,High water temperature – possible heat exchanger fouling,High water temperature – possible heat exchanger fouling,High water temperature – possible heat exchanger fouling,0.833,High water temperature – possible heat exchanger fouling
Water Supply,,,,0.797,
Water Supply,,,,0.807,
Water Supply,High water temperature – possible heat exchanger fouling,High water temperature – possible heat exchanger fouling,High water temperature – possible heat exchanger fouling,0.907,High water temperature – possible heat exchanger fouling
Water Supply,,,,0.248,
Water Supply,High water temperature – possible heat exchanger fouling,High water temperature – possible heat exchanger fouling,High water temperature – possible heat exchanger fouling,0.735,High water temperature – possible heat exchanger fouling
Water Supply,,,,0.269,
Water Supply,,,,0.76,
Water Supply,,,,0.62,
Water Supply,High water temperature – possible heat exchanger fouling,High water temperature – possible heat exchanger fouling,High water temperature – possible heat exchanger fouling,0.659,High water temperature – possible heat exchanger fouling
Water Supply,,,Unexpected power fluctuation,0.35,Unexpected power fluctuation
Water Supply,,,,0.923,
Water Supply,,,,0.897,
Water Supply,,,,0.95,
Water Supply,,,,0.761,
Water Supply,High water temperature – possible heat exchanger fouling,High water temperature – possible heat exchanger fouling,High water temperature – possible heat exchanger fouling,0.691,High water temperature – possible heat exchanger fouling
Water Supply,,,,0.623,
Water Supply,High water temperature – possible heat exchanger fouling,High water temperature – possible heat exchanger fouling,High water temperature – possible heat exchanger fouling,0.789,High water temperature – possible heat exchanger fouling
Water Supply,,,Control system instability,0.452,Control system instability
Water Supply,,,,0.867,
Water Supply,High water temperature – possible heat exchanger fouling,High water temperature – possible heat exchanger fouling,High water temperature – possible heat exchanger fouling,0.683,High water temperature – possible heat exchanger fouling
Water Supply,,,,0.615,
Water Supply,,,,0.613,
Water Supply,,,,0.67,
Water Supply,High water temperature – possible heat exchanger fouling,High water temperature – possible heat exchanger fouling,High water temperature – possible heat exchanger fouling,0.625,High water temperature – possible heat exchanger fouling
Water Supply,High water temperature – possible heat exchanger fouling,High water temperature – possible heat exchanger fouling,High water temperature – possible heat exchanger fouling,0.625,High water temperature – possible heat exchanger fouling
Water Supply,,,,0.664,
Water Supply,,,,0.949,
Water Supply,,,,0.928,
Water Supply,,,,0.786,
Water Supply,,,,0.784,
Water Supply,,,,0.608,
Water Supply,,,,0.895,
Water Supply,,,,0.303,
Water Supply,,,,0.335,
Water Supply,High water temperature – possible heat exchanger fouling,High water temperature – possible heat exchanger fouling,High water temperature – possible heat exchanger fouling,0.912,High water temperature – possible heat exchanger fouling
Water Supply,,,,0.806,
Water Supply,,,,0.895,
Water Supply,,,,0.317,
Water Supply,,,,0.816,
Water Supply,,,,0.81,
Water Supply,,,,0.741,
Water Supply,,,,0.321,
Water Supply,,,,0.307,
Water Supply,,,,0.909,
Water Supply,,,Sensor calibration issue,0.436,Sensor calibration issue
Water Supply,,,,0.734,
Water Supply,,,,0.73,
Water Supply,,,,0.338,
Water Supply,,,,0.754,
Water Supply,,,,0.903,
Water Supply,High water temperature – possible heat exchanger fouling,High water temperature – possible heat exchanger fouling,,0.308,High water temperature – possible heat exchanger fouling
Water Supply,,,,0.753,
Water Supply,,,,0.831,
Water Supply,,,,0.828,
Water Supply,,,,0.896,
Water Supply,High water temperature – possible heat exchanger fouling,High water temperature – possible heat exchanger fouling,High water temperature – possible heat exchanger fouling,0.938,High water temperature – possible heat exchanger fouling
Water Supply,,,,0.793,
Water Supply,,,,0.617,
Water Supply,,,,0.377,
Water Supply,High water temperature – possible heat exchanger fouling,High water temperature – possible heat exchanger fouling,High water temperature – possible heat exchanger fouling,0.725,High water temperature – possible heat exchanger fouling
Water Supply,High water temperature – possible heat exchanger fouling,High water temperature – possible heat exchanger fouling,High water temperature – possible heat exchanger fouling,0.776,High water temperature – possible heat exchanger fouling
Water Supply,,,,0.722,
Water Supply,,,,0.717,
Water Supply,High water temperature – possible heat exchanger fouling,High water temperature – possible heat exchanger fouling,Control system instability,0.349,High water temperature – possible heat exchanger fouling
Water Supply,,,,0.739,
Water Supply,High water temperature – possible heat exchanger fouling,High water temperature – possible heat exchanger fouling,High water temperature – possible heat exchanger fouling,0.634,High water temperature – possible heat exchanger fouling
Water Supply,,,,0.783,
Water Supply,,,,0.893,
Water Supply,,,,0.27,
Water Supply,,,,0.682,
Water Supply,High water temperature – possible heat exchanger fouling,High water temperature – possible heat exchanger fouling,High water temperature – possible heat exchanger fouling,0.905,High water temperature – possible heat exchanger fouling
Water Supply,,,,0.259,
Water Supply,High water temperature – possible heat exchanger fouling,High water temperature – possible heat exchanger fouling,High water temperature – possible heat exchanger fouling,0.783,High water temperature – possible heat exchanger fouling
Water Supply,,,,0.603,
Water Supply,,,,0.654,
Water Supply,,,,0.842,
Water Supply,,,,0.693,
Water Supply,High water temperature – possible heat exchanger fouling,High water temperature – possible heat exchanger fouling,,0.328,High water temperature – possible heat exchanger fouling
Water Supply,,,,0.824,
Water Supply,,,,0.822,
Water Supply,High water temperature – possible heat exchanger fouling,High water temperature – possible heat exchanger fouling,,0.343,High water temperature – possible heat exchanger fouling
Water Supply,,,,0.793,
Water Supply,,,,0.745,
Water Supply,,,,0.71,
Water Supply,,,,0.75,
Water Supply,,,,0.838,
Water Supply,High water temperature – possible heat exchanger fouling,High water temperature – possible heat exchanger fouling,High water temperature – possible heat exchanger fouling,0.76,High water temperature – possible heat exchanger fouling
Water Supply,,,,0.877,
Water Supply,,,,0.875,
Water Supply,,,,0.601,
Water Supply,,,,0.726,
Water Supply,,,,0.777,
Water Supply,High water temperature – possible heat exchanger fouling,High water temperature – possible heat exchanger fouling,General performance degradation,0.392,High water temperature – possible heat exchanger fouling
Water Supply,,,,0.633,
Water Supply,,,,0.8,
Water Supply,,,,0.243,
Water Supply,,,,0.638,
Water Supply,,,,0.626,
Water Supply,,,,0.908,
Water Supply,High water temperature – possible heat exchanger fouling,High water temperature – possible heat exchanger fouling,,0.273,High water temperature – possible heat exchanger fouling
Water Supply,,,,0.684,
Water Supply,,,,0.667,
Water Supply,,,,0.801,
Water Supply,,,,0.833,
Water Supply,,,,0.69,
Water Supply,,,,0.681,
Water Supply,High water temperature – possible heat exchanger fouling,High water temperature – possible heat exchanger fouling,High water temperature – possible heat exchanger fouling,0.715,High water temperature – possible heat exchanger fouling
Water Supply,,,,0.732,
Water Supply,,,,0.85,
Water Supply,,,,0.824,
Water Supply,,,,0.73,
Water Supply,,,,0.925,
Water Supply,,,,0.693,
Water Supply,High water temperature – possible heat exchanger fouling,High water temperature – possible heat exchanger fouling,High water temperature – possible heat exchanger fouling,0.873,High water temperature – possible heat exchanger fouling
Water Supply,,,,0.618,
Water Supply,,,,0.655,
Water Supply,,,General performance degradation,0.381,General performance degradation
Water Supply,,,,0.367,
Water Supply,,,,0.665,
Water Supply,,,,0.602,
Water Supply,,,,0.602,
Water Supply,High water temperature – possible heat exchanger fouling,High water temperature – possible heat exchanger fouling,High water temperature – possible heat exchanger fouling,0.928,High water temperature – possible heat exchanger fouling
Water Supply,,,,0.605,
Water Supply,,,,0.611,
Water Supply,High water temperature – possible heat exchanger fouling,High water temperature – possible heat exchanger fouling,,0.324,High water temperature – possible heat exchanger fouling
Water Supply,,,,0.84,
Water Supply,,,,0.285,
Water Supply,High water temperature – possible heat exchanger fouling,High water temperature – possible heat exchanger fouling,High water temperature – possible heat exchanger fouling,0.878,High water temperature – possible heat exchanger fouling
Water Supply,,,,0.812,
Water Supply,,,,0.73,
Water Supply,,,,0.339,
Water Supply,,,,0.67,
Water Supply,,,,0.85,
Water Supply,,,,0.6,
Water Supply,,,,0.746,
Water Supply,,,Control system instability,0.323,Control system instability
Water Supply,,,,0.791,
Water Supply,High water temperature – possible heat exchanger fouling,High water temperature – possible heat exchanger fouling,High water temperature – possible heat exchanger fouling,0.629,High water temperature – possible heat exchanger fouling
Water Supply,,,,0.651,
Water Supply,,,,0.716,
Water Supply,,,,0.94,
Water Supply,Low pressure and flow – possible pipe blockage,Low pressure and flow – possible pipe blockage,Low pressure and flow – possible pipe blockage,0.653,Low pressure and flow – possible pipe blockage
Water Supply,,,,0.838,
Water Supply,,,,0.735,
Water Supply,,,,0.869,
Water Supply,High water temperature – possible heat exchanger fouling,High water temperature – possible heat exchanger fouling,High water temperature – possible heat exchanger fouling,0.661,High water temperature – possible heat exchanger fouling
Water Supply,,,,0.741,
Water Supply,,,,0.641,
Water Supply,,,,0.772,
Water Supply,,,,0.738,
Water Supply,,,General performance degradation,0.439,General performance degradation
Water Supply,,,,0.818,
Water Supply,,,,0.94,
Water Supply,,,,0.779,
Water Supply,,,,0.778,
Water Supply,,,,0.27,
Water Supply,High water temperature – possible heat exchanger fouling,High water temperature – possible heat exchanger fouling,High water temperature – possible heat exchanger fouling,0.696,High water temperature – possible heat exchanger fouling
Water Supply,,,,0.881,
Water Supply,,,,0.905,
Water Supply,,,,0.73,
Water Supply,High water temperature – possible heat exchanger fouling,High water temperature – possible heat exchanger fouling,High water temperature – possible heat exchanger fouling,0.626,High water temperature – possible heat exchanger fouling
Water Supply,,,,0.646,
Water Supply,,,,0.641,
Water Supply,,,,0.714,
Water Supply,,,,0.902,
Water Supply,High water temperature – possible heat exchanger fouling,High water temperature – possible heat exchanger fouling,High water temperature – possible heat exchanger fouling,0.776,High water temperature – possible heat exchanger fouling
Water Supply,,,,0.917,
Water Supply,High water temperature – possible heat exchanger fouling,High water temperature – possible heat exchanger fouling,,0.321,High water temperature – possible heat exchanger fouling
Water Supply,,,,0.939,
Water Supply,,,,0.805,
Water Supply,,,,0.852,
Water Supply,High water temperature – possible heat exchanger fouling,High water temperature – possible heat exchanger fouling,High water temperature – possible heat exchanger fouling,0.936,High water temperature – possible heat exchanger fouling
Water Supply,,,,0.718,
Water Supply,,,,0.672,
Water Supply,,,,0.365,
Water Supply,,,,0.686,
Water Supply,,,,0.89,
Water Supply,,,,0.715,
Water Supply,Low pressure and flow – possible pipe blockage,Low pressure and flow – possible pipe blockage,Low pressure and flow – possible pipe blockage,0.819,Low pressure and flow – possible pipe blockage
Water Supply,,,,0.903,
Water Supply,,,,0.68,
Water Supply,,,,0.758,
Water Supply,,,,0.841,
Water Supply,,,,0.692,
Water Supply,,,,0.752,
Water Supply,,,,0.629,
Water Supply,,,,0.63,
Water Supply,,,,0.836,
Water Supply,,,,0.822,
Water Supply,,,,0.656,
Water Supply,,,,0.885,
Water Supply,,,,0.613,
Water Supply,,,Control system instability,0.322,Control system instability
Water Supply,High water temperature – possible heat exchanger fouling,High water temperature – possible heat exchanger fouling,High water temperature – possible heat exchanger fouling,0.889,High water temperature – possible heat exchanger fouling
Water Supply,,,,0.942,
Water Supply,,,,0.747,
Water Supply,,,,0.859,
Water Supply,,,Unexpected power fluctuation,0.416,Unexpected power fluctuation
Water Supply,High water temperature – possible heat exchanger fouling,High water temperature – possible heat exchanger fouling,High water temperature – possible heat exchanger fouling,0.788,High water temperature – possible heat exchanger fouling
Water Supply,,,,0.943,
Water Supply,,,,0.797,
Water Supply,Low pressure and flow – possible pipe blockage,Low pressure and flow – possible pipe blockage,Low pressure and flow – possible pipe blockage,0.622,Low pressure and flow – possible pipe blockage
Water Supply,,,,0.933,
Water Supply,High water temperature – possible heat exchanger fouling,High water temperature – possible heat exchanger fouling,High water temperature – possible heat exchanger fouling,0.648,High water temperature – possible heat exchanger fouling
Water Supply,High water temperature – possible heat exchanger fouling,High water temperature – possible heat exchanger fouling,High water temperature – possible heat exchanger fouling,0.726,High water temperature – possible heat exchanger fouling
Water Supply,,,,0.908,
Water Supply,Low pressure and flow – possible pipe blockage,Low pressure and flow – possible pipe blockage,Low pressure and flow – possible pipe blockage,0.7,Low pressure and flow – possible pipe blockage
Water Supply,High water temperature – possible heat exchanger fouling,High water temperature – possible heat exchanger fouling,High water temperature – possible heat exchanger fouling,0.709,High water temperature – possible heat exchanger fouling
Water Supply,High water temperature – possible heat exchanger fouling,High water temperature – possible heat exchanger fouling,High water temperature – possible heat exchanger fouling,0.654,High water temperature – possible heat exchanger fouling
Water Supply,High water temperature – possible heat exchanger fouling,High water temperature – possible heat exchanger fouling,High water temperature – possible heat exchanger fouling,0.782,High water temperature – possible heat exchanger fouling
Water Supply,,,,0.684,
Water Supply,,,,0.614,
Water Supply,,,,0.798,
Water Supply,High water temperature – possible heat exchanger fouling,High water temperature – possible heat exchanger fouling,High water temperature – possible heat exchanger fouling,0.629,High water temperature – possible heat exchanger fouling
Water Supply,,,,0.791,
Water Supply,High water temperature – possible heat exchanger fouling,High water temperature – possible heat exchanger fouling,High water temperature – possible heat exchanger fouling,0.705,High water temperature – possible heat exchanger fouling
Water Supply,,,,0.889,
Water Supply,High water temperature – possible heat exchanger fouling,High water temperature – possible heat exchanger fouling,High water temperature – possible heat exchanger fouling,0.885,High water temperature – possible heat exchanger fouling
Water Supply,High water temperature – possible heat exchanger fouling,High water temperature – possible heat exchanger fouling,Unexpected power fluctuation,0.314,High water temperature – possible heat exchanger fouling
Water Supply,High water temperature – possible heat exchanger fouling,High water temperature – possible heat exchanger fouling,High water temperature – possible heat exchanger fouling,0.881,High water temperature – possible heat exchanger fouling
Water Supply,,,,0.372,
Water Supply,,,,0.706,
Water Supply,,,,0.818,
Water Supply,,,,0.659,
Water Supply,,,,0.807,
Water Supply,High water temperature – possible heat exchanger fouling,High water temperature – possible heat exchanger fouling,High water temperature – possible heat exchanger fouling,0.618,High water temperature – possible heat exchanger fouling
Water Supply,,,Sensor calibration issue,0.356,Sensor calibration issue
Water Supply,,,,0.786,
Water Supply,High water temperature – possible heat exchanger fouling,High water temperature – possible heat exchanger fouling,,0.365,High water temperature – possible heat exchanger fouling
Water Supply,,,,0.876,
Water Supply,,,,0.877,
Water Supply,,,,0.894,
Water Supply,,,,0.65,
Water Supply,High water temperature – possible heat exchanger fouling,High water temperature – possible heat exchanger fouling,High water temperature – possible heat exchanger fouling,0.767,High water temperature – possible heat exchanger fouling
Water Supply,,,,0.759,
Water Supply,High water temperature – possible heat exchanger fouling,High water temperature – possible heat exchanger fouling,,0.289,High water temperature – possible heat exchanger fouling
Water Supply,,,,0.279,
Water Supply,High water temperature – possible heat exchanger fouling,High water temperature – possible heat exchanger fouling,High water temperature – possible heat exchanger fouling,0.708,High water temperature – possible heat exchanger fouling
Water Supply,,,,0.609,
Water Supply,,,Control system instability,0.436,Control system instability
Water Supply,High water temperature – possible heat exchanger fouling,High water temperature – possible heat exchanger fouling,High water temperature – possible heat exchanger fouling,0.915,High water temperature – possible heat exchanger fouling
Water Supply,,,,0.72,
Water Supply,,,,0.332,
Water Supply,,,,0.608,
Water Supply,,,,0.377,
Water Supply,High water temperature – possible heat exchanger fouling,High water temperature – possible heat exchanger fouling,High water temperature – possible heat exchanger fouling,0.66,High water temperature – possible heat exchanger fouling
Water Supply,,,Unexpected power fluctuation,0.326,Unexpected power fluctuation
Water Supply,,,,0.686,
Water Supply,,,,0.612,
Water Supply,,,,0.863,
Water Supply,High water temperature – possible heat exchanger fouling,High water temperature – possible heat exchanger fouling,High water temperature – possible heat exchanger fouling,0.873,High water temperature – possible heat exchanger fouling
Water Supply,,,,0.766,
Water Supply,,,,0.669,
Water Supply,,,,0.289,
Water Supply,,,Control system instability,0.337,Control system instability
Water Supply,,,,0.646,
Water Supply,,,,0.884,
Water Supply,Low pressure and flow – possible pipe blockage,Low pressure and flow – possible pipe blockage,Low pressure and flow – possible pipe blockage,0.729,Low pressure and flow – possible pipe blockage
Water Supply,,,,0.601,
Water Supply,,,,0.891,
Water Supply,High water temperature – possible heat exchanger fouling,High water temperature – possible heat exchanger fouling,High water temperature – possible heat exchanger fouling,0.704,High water temperature – possible heat exchanger fouling
Water Supply,,,,0.656,
Water Supply,,,,0.757,
Water Supply,,,,0.746,
Water Supply,,,,0.702,
Water Supply,,,,0.919,
Water Supply,,,,0.245,
Water Supply,High water temperature – possible heat exchanger fouling,High water temperature – possible heat exchanger fouling,High water temperature – possible heat exchanger fouling,0.807,High water temperature – possible heat exchanger fouling
Water Supply,,,,0.927,
Water Supply,,,,0.801,
Water Supply,High water temperature – possible heat exchanger fouling,High water temperature – possible heat exchanger fouling,,0.26,High water temperature – possible heat exchanger fouling
Water Supply,High water temperature – possible heat exchanger fouling,High water temperature – possible heat exchanger fouling,High water temperature – possible heat exchanger fouling,0.678,High water temperature – possible heat exchanger fouling
Water Supply,High water temperature – possible heat exchanger fouling,High water temperature – possible heat exchanger fouling,High water temperature – possible heat exchanger fouling,0.943,High water temperature – possible heat exchanger fouling
Water Supply,High water temperature – possible heat exchanger fouling,High water temperature – possible heat exchanger fouling,High water temperature – possible heat exchanger fouling,0.887,High water temperature – possible heat exchanger fouling
Water Supply,,,,0.629,
Water Supply,High water temperature – possible heat exchanger fouling,High water temperature – possible heat exchanger fouling,High water temperature – possible heat exchanger fouling,0.766,High water temperature – possible heat exchanger fouling
Water Supply,Low pressure and flow – possible pipe blockage,Low pressure and flow – possible pipe blockage,Low pressure and flow – possible pipe blockage,0.625,Low pressure and flow – possible pipe blockage
Water Supply,,,,0.743,
Water Supply,,,,0.677,
Water Supply,High water temperature – possible heat exchanger fouling,High water temperature – possible heat exchanger fouling,High water temperature – possible heat exchanger fouling,0.948,High water temperature – possible heat exchanger fouling
Water Supply,,,,0.766,
Water Supply,,,,0.843,
Water Supply,,,,0.887,
Water Supply,High water temperature – possible heat exchanger fouling,High water temperature – possible heat exchanger fouling,High water temperature – possible heat exchanger fouling,0.865,High water temperature – possible heat exchanger fouling
Water Supply,,,,0.846,
Water Supply,,,,0.62,
Water Supply,,,,0.68,
Water Supply,,,,0.614,
Water Supply,,,,0.622,
Water Supply,,,,0.694,
Water Supply,,,,0.689,
Water Supply,,,,0.856,
Water Supply,,,,0.915,
Water Supply,,,,0.663,
Water Supply,,,,0.821,
Water Supply,High water temperature – possible heat exchanger fouling,High water temperature – possible heat exchanger fouling,High water temperature – possible heat exchanger fouling,0.692,High water temperature – possible heat exchanger fouling
Water Supply,,,,0.67,
Water Supply,High water temperature – possible heat exchanger fouling,High water temperature – possible heat exchanger fouling,,0.328,High water temperature – possible heat exchanger fouling
Water Supply,,,,0.85,
Water Supply,,,,0.88,
Water Supply,,,,0.618,
Water Supply,High water temperature – possible heat exchanger fouling,High water temperature – possible heat exchanger fouling,High water temperature – possible heat exchanger fouling,0.883,High water temperature – possible heat exchanger fouling
Water Supply,High water temperature – possible heat exchanger fouling,High water temperature – possible heat exchanger fouling,High water temperature – possible heat exchanger fouling,0.899,High water temperature – possible heat exchanger fouling
Water Supply,,,,0.776,
Water Supply,,,,0.845,
Water Supply,,,,0.921,
Water Supply,,,,0.314,
Water Supply,,,,0.31,
Water Supply,,,,0.801,
Water Supply,,,,0.715,
Water Supply,High water temperature – possible heat exchanger fouling,High water temperature – possible heat exchanger fouling,High water temperature – possible heat exchanger fouling,0.891,High water temperature – possible heat exchanger fouling
Water Supply,,,,0.292,
Water Supply,High water temperature – possible heat exchanger fouling,High water temperature – possible heat exchanger fouling,High water temperature – possible heat exchanger fouling,0.807,High water temperature – possible heat exchanger fouling
Water Supply,,,,0.691,
Water Supply,,,,0.246,
Water Supply,High water temperature – possible heat exchanger fouling,High water temperature – possible heat exchanger fouling,High water temperature – possible heat exchanger fouling,0.746,High water temperature – possible heat exchanger fouling
Water Supply,High water temperature – possible heat exchanger fouling,High water temperature – possible heat exchanger fouling,High water temperature – possible heat exchanger fouling,0.824,High water temperature – possible heat exchanger fouling
Water Supply,,,,0.277,
Water Supply,,,,0.632,
Water Supply,High water temperature – possible heat exchanger fouling,High water temperature – possible heat exchanger fouling,High water temperature – possible heat exchanger fouling,0.637,High water temperature – possible heat exchanger fouling
Water Supply,,,,0.614,
Water Supply,Low pressure and flow – possible pipe blockage,Low pressure and flow – possible pipe blockage,Low pressure and flow – possible pipe blockage,0.931,Low pressure and flow – possible pipe blockage
Water Supply,High water temperature – possible heat exchanger fouling,High water temperature – possible heat exchanger fouling,,0.289,High water temperature – possible heat exchanger fouling
Water Supply,,,,0.713,
Water Supply,,,,0.846,
Water Supply,High water temperature – possible heat exchanger fouling,High water temperature – possible heat exchanger fouling,High water temperature – possible heat exchanger fouling,0.822,High water temperature – possible heat exchanger fouling
Water Supply,,,,0.95,
Water Supply,,,,0.62,
Water Supply,,,,0.671,
Water Supply,High water temperature – possible heat exchanger fouling,High water temperature – possible heat exchanger fouling,High water temperature – possible heat exchanger fouling,0.907,High water temperature – possible heat exchanger fouling
Water Supply,,,,0.73,
Water Supply,,,,0.277,
Water Supply,,,,0.281,
Water Supply,,,,0.667,
Water Supply,,,,0.66,
Water Supply,,,,0.624,
Water Supply,,,,0.869,
Water Supply,,,,0.928,
Water Supply,,,,0.322,
Water Supply,,,,0.873,
Water Supply,,,,0.893,
Water Supply,High water temperature – possible heat exchanger fouling,High water temperature – possible heat exchanger fouling,,0.32,High water temperature – possible heat exchanger fouling
Water Supply,High water temperature – possible heat exchanger fouling,High water temperature – possible heat exchanger fouling,High water temperature – possible heat exchanger fouling,0.636,High water temperature – possible heat exchanger fouling
Water Supply,,,,0.68,
Water Supply,,,,0.685,
Water Supply,,,,0.842,
Water Supply,,,,0.9,
Water Supply,,,,0.32,
Water Supply,,,,0.634,
Water Supply,,,,0.601,
Water Supply,,,,0.732,
Water Supply,,,,0.943,
Water Supply,,,,0.868,
Water Supply,,,,0.931,
Water Supply,High water temperature – possible heat exchanger fouling,High water temperature – possible heat exchanger fouling,,0.295,High water temperature – possible heat exchanger fouling
Water Supply,,,,0.872,
Water Supply,High water temperature – possible heat exchanger fouling,High water temperature – possible heat exchanger fouling,High water temperature – possible heat exchanger fouling,0.737,High water temperature – possible heat exchanger fouling
Water Supply,,,,0.725,
Water Supply,,,,0.614,
Water Supply,,,,0.712,
Water Supply,High water temperature – possible heat exchanger fouling,High water temperature – possible heat exchanger fouling,High water temperature – possible heat exchanger fouling,0.919,High water temperature – possible heat exchanger fouling
Water Supply,,,,0.345,
Water Supply,High water temperature – possible heat exchanger fouling,High water temperature – possible heat exchanger fouling,High water temperature – possible heat exchanger fouling,0.741,High water temperature – possible heat exchanger fouling
Water Supply,,,,0.918,
Water Supply,,,,0.85,
Water Supply,High water temperature – possible heat exchanger fouling,High water temperature – possible heat exchanger fouling,High water temperature – possible heat exchanger fouling,0.682,High water temperature – possible heat exchanger fouling
Water Supply,,High water temperature – possible heat exchanger fouling,Control system instability,0.394,High water temperature – possible heat exchanger fouling
Water Supply,High water temperature – possible heat exchanger fouling,High water temperature – possible heat exchanger fouling,High water temperature – possible heat exchanger fouling,0.655,High water temperature – possible heat exchanger fouling
Water Supply,,,,0.873,
Water Supply,,,,0.251,
Water Supply,,,,0.755,
Water Supply,High water temperature – possible heat exchanger fouling,High water temperature – possible heat exchanger fouling,High water temperature – possible heat exchanger fouling,0.757,High water temperature – possible heat exchanger fouling
Water Supply,,,,0.75,
Water Supply,,,,0.83,
Water Supply,,,,0.685,
Water Supply,High water temperature – possible heat exchanger fouling,High water temperature – possible heat exchanger fouling,Unexpected power fluctuation,0.313,High water temperature – possible heat exchanger fouling
Water Supply,,,,0.344,
Water Supply,,,,0.93,
Water Supply,,,,0.929,
Water Supply,,,,0.712,
Water Supply,,,,0.7,
Water Supply,,,,0.257,
Water Supply,High water temperature – possible heat exchanger fouling,High water temperature – possible heat exchanger fouling,High water temperature – possible heat exchanger fouling,0.817,High water temperature – possible heat exchanger fouling
Water Supply,,,,0.601,
Water Supply,High water temperature – possible heat exchanger fouling,High water temperature – possible heat exchanger fouling,High water temperature – possible heat exchanger fouling,0.685,High water temperature – possible heat exchanger fouling
Water Supply,High water temperature – possible heat exchanger fouling,High water temperature – possible heat exchanger fouling,High water temperature – possible heat exchanger fouling,0.76,High water temperature – possible heat exchanger fouling
Water Supply,,,,0.862,
Water Supply,,,,0.812,
Water Supply,,,,0.301,
Water Supply,,,,0.662,
Water Supply,High water temperature – possible heat exchanger fouling,High water temperature – possible heat exchanger fouling,High water temperature – possible heat exchanger fouling,0.67,High water temperature – possible heat exchanger fouling
Water Supply,,,,0.939,
Water Supply,,,,0.743,
Water Supply,,,,0.822,
Water Supply,,,,0.699,
Water Supply,,,,0.663,
Water Supply,,,,0.777,
Water Supply,Low pressure and flow – possible pipe blockage,Low pressure and flow – possible pipe blockage,Low pressure and flow – possible pipe blockage,0.825,Low pressure and flow – possible pipe blockage
Water Supply,,,Control system instability,0.433,Control system instability
Water Supply,,,,0.906,
Water Supply,,,,0.641,
Water Supply,,,,0.94,
Water Supply,,,,0.809,
Water Supply,,,General performance degradation,0.454,General performance degradation
Water Supply,,,,0.834,
Water Supply,,,,0.697,
Water Supply,,,,0.716,
Water Supply,,High water temperature – possible heat exchanger fouling,,0.825,High water temperature – possible heat exchanger fouling
Water Supply,,,,0.69,
Water Supply,High water temperature – possible heat exchanger fouling,High water temperature – possible heat exchanger fouling,High water temperature – possible heat exchanger fouling,0.832,High water temperature – possible heat exchanger fouling
Water Supply,High water temperature – possible heat exchanger fouling,High water temperature – possible heat exchanger fouling,,0.356,High water temperature – possible heat exchanger fouling
Water Supply,,,,0.683,
Water Supply,,High water temperature – possible heat exchanger fouling,,0.679,High water temperature – possible heat exchanger fouling
Water Supply,High water temperature – possible heat exchanger fouling,High water temperature – possible heat exchanger fouling,High water temperature – possible heat exchanger fouling,0.687,High water temperature – possible heat exchanger fouling
Water Supply,High water temperature – possible heat exchanger fouling,High water temperature – possible heat exchanger fouling,High water temperature – possible heat exchanger fouling,0.748,High water temperature – possible heat exchanger fouling
Water Supply,,,,0.72,
Water Supply,,,,0.775,
Water Supply,,,,0.922,
Water Supply,,,,0.922,
Water Supply,High water temperature – possible heat exchanger fouling,,High water temperature – possible heat exchanger fouling,0.8,High water temperature – possible heat exchanger fouling
Water Supply,,,,0.824,
Water Supply,High water temperature – possible heat exchanger fouling,High water temperature – possible heat exchanger fouling,High water temperature – possible heat exchanger fouling,0.633,High water temperature – possible heat exchanger fouling
Water Supply,,,,0.904,
Water Supply,Low pressure and flow – possible pipe blockage,Low pressure and flow – possible pipe blockage,Low pressure and flow – possible pipe blockage,0.858,Low pressure and flow – possible pipe blockage
Water Supply,,,General performance degradation,0.41,General performance degradation
Water Supply,,,,0.729,
Water Supply,,,Sensor calibration issue,0.328,Sensor calibration issue
Water Supply,High water temperature – possible heat exchanger fouling,High water temperature – possible heat exchanger fouling,High water temperature – possible heat exchanger fouling,0.842,High water temperature – possible heat exchanger fouling
Water Supply,High water temperature – possible heat exchanger fouling,High water temperature – possible heat exchanger fouling,High water temperature – possible heat exchanger fouling,0.935,High water temperature – possible heat exchanger fouling
Water Supply,,,Unexpected power fluctuation,0.447,Unexpected power fluctuation
Water Supply,,,,0.765,
Water Supply,,,,0.619,
Water Supply,High water temperature – possible heat exchanger fouling,High water temperature – possible heat exchanger fouling,High water temperature – possible heat exchanger fouling,0.622,High water temperature – possible heat exchanger fouling
Water Supply,,,,0.345,
Water Supply,,,,0.611,
Water Supply,,,,0.833,
Water Supply,High water temperature – possible heat exchanger fouling,High water temperature – possible heat exchanger fouling,,0.356,High water temperature – possible heat exchanger fouling
Water Supply,,,,0.723,
Water Supply,,,,0.244,
Water Supply,High water temperature – possible heat exchanger fouling,High water temperature – possible heat exchanger fouling,High water temperature – possible heat exchanger fouling,0.818,High water temperature – possible heat exchanger fouling
Water Supply,High water temperature – possible heat exchanger fouling,High water temperature – possible heat exchanger fouling,High water temperature – possible heat exchanger fouling,0.772,High water temperature – possible heat exchanger fouling
Water Supply,,,,0.297,
Water Supply,,,,0.683,
Water Supply,,,,0.799,
Water Supply,,,,0.618,
Water Supply,High water temperature – possible heat exchanger fouling,High water temperature – possible heat exchanger fouling,High water temperature – possible heat exchanger fouling,0.609,High water temperature – possible heat exchanger fouling
Water Supply,,,,0.324,
Water Supply,,,,0.695,
Water Supply,High water temperature – possible heat exchanger fouling,High water temperature – possible heat exchanger fouling,High water temperature – possible heat exchanger fouling,0.653,High water temperature – possible heat exchanger fouling
Water Supply,,,,0.603,
Water Supply,,,,0.359,
Water Supply,,,,0.679,
Water Supply,,,,0.629,
Water Supply,,,,0.815,
Water Supply,,,,0.945,
Water Supply,High water temperature – possible heat exchanger fouling,High water temperature – possible heat exchanger fouling,Control system instability,0.373,High water temperature – possible heat exchanger fouling
Water Supply,,,,0.916,
Water Supply,,,,0.776,
Water Supply,,,,0.751,
Water Supply,,,,0.754,
Water Supply,,,,0.742,
Water Supply,,,,0.75,
Water Supply,High water temperature – possible heat exchanger fouling,High water temperature – possible heat exchanger fouling,High water temperature – possible heat exchanger fouling,0.934,High water temperature – possible heat exchanger fouling
Water Supply,,,,0.906,
Water Supply,,,,0.828,
Water Supply,,,,0.888,
Water Supply,,,General performance degradation,0.329,General performance degradation
Water Supply,,,,0.849,
Water Supply,,,,0.813,
Water Supply,,,,0.852,
Water Supply,High water temperature – possible heat exchanger fouling,High water temperature – possible heat exchanger fouling,High water temperature – possible heat exchanger fouling,0.827,High water temperature – possible heat exchanger fouling
Water Supply,High water temperature – possible heat exchanger fouling,High water temperature – possible heat exchanger fouling,High water temperature – possible heat exchanger fouling,0.669,High water temperature – possible heat exchanger fouling
Water Supply,,,,0.865,
Water Supply,,,,0.943,
Water Supply,High water temperature – possible heat exchanger fouling,High water temperature – possible heat exchanger fouling,High water temperature – possible heat exchanger fouling,0.877,High water temperature – possible heat exchanger fouling
Water Supply,High water temperature – possible heat exchanger fouling,High water temperature – possible heat exchanger fouling,,0.285,High water temperature – possible heat exchanger fouling
Water Supply,,,,0.657,
Water Supply,,,,0.655,
Water Supply,,,,0.742,
Water Supply,,,General performance degradation,0.327,General performance degradation
Water Supply,,,,0.663,
Water Supply,,,,0.669,
Water Supply,High water temperature – possible heat exchanger fouling,,High water temperature – possible heat exchanger fouling,0.898,High water temperature – possible heat exchanger fouling
Water Supply,,,,0.273,
Water Supply,,,,0.836,
Water Supply,,,,0.628,
Water Supply,,,,0.911,
Water Supply,High water temperature – possible heat exchanger fouling,High water temperature – possible heat exchanger fouling,High water temperature – possible heat exchanger fouling,0.794,High water temperature – possible heat exchanger fouling
Water Supply,,,,0.726,
Water Supply,,,,0.751,
Water Supply,,,,0.912,
Water Supply,,,,0.889,
Water Supply,,,,0.776,
Water Supply,High water temperature – possible heat exchanger fouling,High water temperature – possible heat exchanger fouling,High water temperature – possible heat exchanger fouling,0.636,High water temperature – possible heat exchanger fouling
Water Supply,,,,0.635,
Water Supply,,,,0.931,
Water Supply,High water temperature – possible heat exchanger fouling,High water temperature – possible heat exchanger fouling,High water temperature – possible heat exchanger fouling,0.655,High water temperature – possible heat exchanger fouling
Water Supply,High water temperature – possible heat exchanger fouling,High water temperature – possible heat exchanger fouling,High water temperature – possible heat exchanger fouling,0.602,High water temperature – possible heat exchanger fouling
Water Supply,,,,0.663,
Water Supply,,,,0.822,
Water Supply,Low pressure and flow – possible pipe blockage,Low pressure and flow – possible pipe blockage,Low pressure and flow – possible pipe blockage,0.734,Low pressure and flow – possible pipe blockage
Water Supply,,,,0.711,
Water Supply,,,,0.918,
Water Supply,,,,0.935,
Water Supply,High water temperature – possible heat exchanger fouling,High water temperature – possible heat exchanger fouling,,0.358,High water temperature – possible heat exchanger fouling
Water Supply,,,,0.785,
Water Supply,High water temperature – possible heat exchanger fouling,High water temperature – possible heat exchanger fouling,High water temperature – possible heat exchanger fouling,0.703,High water temperature – possible heat exchanger fouling
Water Supply,,High water temperature – possible heat exchanger fouling,,0.614,High water temperature – possible heat exchanger fouling
Water Supply,,,,0.763,
Water Supply,,,,0.651,
Water Supply,,,,0.672,
Water Supply,,,,0.886,
Water Supply,,,,0.7,
Water Supply,,,Sensor calibration issue,0.314,Sensor calibration issue
Water Supply,,,Control system instability,0.419,Control system instability
Water Supply,,,Control system instability,0.314,Control system instability
Water Supply,,,,0.706,
Water Supply,,,,0.719,
Water Supply,,,General performance degradation,0.366,General performance degradation
Water Supply,,,,0.605,
Water Supply,,,,0.695,
Water Supply,High water temperature – possible heat exchanger fouling,High water temperature – possible heat exchanger fouling,High water temperature – possible heat exchanger fouling,0.732,High water temperature – possible heat exchanger fouling
Water Supply,,,,0.303,
Water Supply,,,,0.706,
Water Supply,,,,0.632,
Water Supply,,,,0.809,
Water Supply,,,,0.372,
Water Supply,,,,0.647,
Water Supply,,,,0.318,
Water Supply,,,,0.619,
Water Supply,,,,0.65,
Water Supply,,,,0.376,
Water Supply,,,,0.745,
Water Supply,High water temperature – possible heat exchanger fouling,High water temperature – possible heat exchanger fouling,High water temperature – possible heat exchanger fouling,0.927,High water temperature – possible heat exchanger fouling
Water Supply,Low pressure and flow – possible pipe blockage,Low pressure and flow – possible pipe blockage,Low pressure and flow – possible pipe blockage,0.658,Low pressure and flow – possible pipe blockage
Water Supply,,,,0.898,
Water Supply,,,,0.366,
Water Supply,,,,0.911,
Water Supply,,,,0.709,
Water Supply,High water temperature – possible heat exchanger fouling,High water temperature – possible heat exchanger fouling,High water temperature – possible heat exchanger fouling,0.72,High water temperature – possible heat exchanger fouling
Water Supply,High water temperature – possible heat exchanger fouling,High water temperature – possible heat exchanger fouling,High water temperature – possible heat exchanger fouling,0.89,High water temperature – possible heat exchanger fouling
Water Supply,,,,0.797,
Water Supply,,,,0.717,
Water Supply,,,,0.248,
Water Supply,,,,0.668,
Water Supply,High water temperature – possible heat exchanger fouling,High water temperature – possible heat exchanger fouling,High water temperature – possible heat exchanger fouling,0.621,High water temperature – possible heat exchanger fouling
Water Supply,High water temperature – possible heat exchanger fouling,High water temperature – possible heat exchanger fouling,High water temperature – possible heat exchanger fouling,0.775,High water temperature – possible heat exchanger fouling
Water Supply,,,,0.621,
Water Supply,,,,0.642,
Water Supply,,,,0.947,
Water Supply,Low pressure and flow – possible pipe blockage,,,0.367,
Water Supply,High water temperature – possible heat exchanger fouling,High water temperature – possible heat exchanger fouling,,0.263,High water temperature – possible heat exchanger fouling
Water Supply,,,,0.839,
Water Supply,,,,0.301,
Water Supply,,,,0.758,
Water Supply,,,,0.705,
Water Supply,,,,0.921,
Water Supply,,,,0.919,
Water Supply,,,,0.858,
Water Supply,,,,0.699,
Water Supply,,,,0.815,
Water Supply,,,,0.855,
Water Supply,,,,0.816,
Water Supply,,,,0.941,
Water Supply,,,,0.839,
Water Supply,,,,0.765,
Water Supply,,,,0.827,
Water Supply,High water temperature – possible heat exchanger fouling,High water temperature – possible heat exchanger fouling,,0.279,High water temperature – possible heat exchanger fouling
Water Supply,,,General performance degradation,0.313,General performance degradation
Water Supply,High water temperature – possible heat exchanger fouling,High water temperature – possible heat exchanger fouling,High water temperature – possible heat exchanger fouling,0.867,High water temperature – possible heat exchanger fouling
Water Supply,,,,0.919,
Water Supply,,,,0.635,
Water Supply,,,,0.764,
Water Supply,,,,0.909,
Water Supply,,,,0.813,
Water Supply,,,,0.669,
Water Supply,,,,0.92,
Water Supply,High water temperature – possible heat exchanger fouling,High water temperature – possible heat exchanger fouling,High water temperature – possible heat exchanger fouling,0.945,High water temperature – possible heat exchanger fouling
Water Supply,High water temperature – possible heat exchanger fouling,High water temperature – possible heat exchanger fouling,High water temperature – possible heat exchanger fouling,0.86,High water temperature – possible heat exchanger fouling
Water Supply,High water temperature – possible heat exchanger fouling,High water temperature – possible heat exchanger fouling,High water temperature – possible heat exchanger fouling,0.77,High water temperature – possible heat exchanger fouling
Water Supply,,,,0.902,
Water Supply,,,,0.628,
Water Supply,High water temperature – possible heat exchanger fouling,High water temperature – possible heat exchanger fouling,High water temperature – possible heat exchanger fouling,0.623,High water temperature – possible heat exchanger fouling
Water Supply,,,,0.867,
Water Supply,,,,0.71,
Water Supply,,,,0.821,
Water Supply,,,,0.933,
Water Supply,,,Control system instability,0.327,Control system instability
Water Supply,,,,0.601,
Water Supply,,,,0.785,
Water Supply,,,,0.661,
Water Supply,,,,0.292,
Water Supply,High water temperature – possible heat exchanger fouling,High water temperature – possible heat exchanger fouling,High water temperature – possible heat exchanger fouling,0.698,High water temperature – possible heat exchanger fouling
Water Supply,,,,0.833,
Water Supply,,,,0.87,
Water Supply,,,,0.767,
Water Supply,High water temperature – possible heat exchanger fouling,High water temperature – possible heat exchanger fouling,,0.333,High water temperature – possible heat exchanger fouling
Water Supply,High water temperature – possible heat exchanger fouling,High water temperature – possible heat exchanger fouling,High water temperature – possible heat exchanger fouling,0.907,High water temperature – possible heat exchanger fouling
Water Supply,High water temperature – possible heat exchanger fouling,High water temperature – possible heat exchanger fouling,Control system instability,0.331,High water temperature – possible heat exchanger fouling
Water Supply,,,,0.648,
Water Supply,,,,0.838,
Water Supply,High water temperature – possible heat exchanger fouling,,High water temperature – possible heat exchanger fouling,0.637,High water temperature – possible heat exchanger fouling
Water Supply,,,,0.771,
Water Supply,,,,0.919,
Water Supply,,,,0.714,
Water Supply,,,,0.805,
Water Supply,,,,0.716,
Water Supply,,High water temperature – possible heat exchanger fouling,,0.66,High water temperature – possible heat exchanger fouling
Water Supply,,,,0.947,
Water Supply,,,,0.627,
Water Supply,Low pressure and flow – possible pipe blockage,Low pressure and flow – possible pipe blockage,Unexpected power fluctuation,0.456,Low pressure and flow – possible pipe blockage
Water Supply,,,,0.85,
Water Supply,,,,0.738,
Water Supply,,,,0.878,
Water Supply,,,,0.945,
Water Supply,,,,0.856,
Water Supply,,,,0.748,
Water Supply,,,,0.785,
Water Supply,,,,0.612,
Water Supply,High water temperature – possible heat exchanger fouling,High water temperature – possible heat exchanger fouling,Control system instability,0.336,High water temperature – possible heat exchanger fouling
Water Supply,High water temperature – possible heat exchanger fouling,High water temperature – possible heat exchanger fouling,High water temperature – possible heat exchanger fouling,0.777,High water temperature – possible heat exchanger fouling
Water Supply,High water temperature – possible heat exchanger fouling,High water temperature – possible heat exchanger fouling,High water temperature – possible heat exchanger fouling,0.833,High water temperature – possible heat exchanger fouling
Water Supply,High water temperature – possible heat exchanger fouling,High water temperature – possible heat exchanger fouling,High water temperature – possible heat exchanger fouling,0.63,High water temperature – possible heat exchanger fouling
Water Supply,,,,0.623,
Water Supply,,,,0.805,
Water Supply,,,,0.704,
Water Supply,High water temperature – possible heat exchanger fouling,High water temperature – possible heat exchanger fouling,High water temperature – possible heat exchanger fouling,0.761,High water temperature – possible heat exchanger fouling
Water Supply,,,,0.941,
Water Supply,,High water temperature – possible heat exchanger fouling,,0.854,High water temperature – possible heat exchanger fouling
Water Supply,,,,0.873,
Water Supply,,,,0.373,
Water Supply,,,,0.735,
Water Supply,,,,0.889,
Water Supply,High water temperature – possible heat exchanger fouling,High water temperature – possible heat exchanger fouling,High water temperature – possible heat exchanger fouling,0.834,High water temperature – possible heat exchanger fouling
Water Supply,High water temperature – possible heat exchanger fouling,High water temperature – possible heat exchanger fouling,High water temperature – possible heat exchanger fouling,0.774,High water temperature – possible heat exchanger fouling
Water Supply,,,,0.884,
Water Supply,,,,0.837,
Water Supply,High water temperature – possible heat exchanger fouling,High water temperature – possible heat exchanger fouling,High water temperature – possible heat exchanger fouling,0.94,High water temperature – possible heat exchanger fouling
Water Supply,,,,0.269,
Water Supply,Low pressure and flow – possible pipe blockage,Low pressure and flow – possible pipe blockage,Low pressure and flow – possible pipe blockage,0.884,Low pressure and flow – possible pipe blockage
Water Supply,,,,0.885,
Water Supply,High water temperature – possible heat exchanger fouling,High water temperature – possible heat exchanger fouling,,0.283,High water temperature – possible heat exchanger fouling
Water Supply,High water temperature – possible heat exchanger fouling,High water temperature – possible heat exchanger fouling,Sensor calibration issue,0.438,High water temperature – possible heat exchanger fouling
Water Supply,,,,0.631,
Water Supply,,,,0.318,
Water Supply,High water temperature – possible heat exchanger fouling,High water temperature – possible heat exchanger fouling,,0.24,High water temperature – possible heat exchanger fouling
Water Supply,,,,0.808,
Water Supply,,,,0.286,
Water Supply,High water temperature – possible heat exchanger fouling,High water temperature – possible heat exchanger fouling,High water temperature – possible heat exchanger fouling,0.752,High water temperature – possible heat exchanger fouling
Water Supply,,,Sensor calibration issue,0.35,Sensor calibration issue
Water Supply,,,,0.887,
Water Supply,High water temperature – possible heat exchanger fouling,,High water temperature – possible heat exchanger fouling,0.866,High water temperature – possible heat exchanger fouling
Water Supply,,,,0.699,
Water Supply,,,,0.874,
Water Supply,,High water temperature – possible heat exchanger fouling,,0.684,High water temperature – possible heat exchanger fouling
Water Supply,,,,0.705,
Water Supply,,High water temperature – possible heat exchanger fouling,,0.868,High water temperature – possible heat exchanger fouling
Water Supply,,,,0.609,
Water Supply,,,,0.934,
Water Supply,,,,0.728,
Water Supply,High water temperature – possible heat exchanger fouling,High water temperature – possible heat exchanger fouling,High water temperature – possible heat exchanger fouling,0.841,High water temperature – possible heat exchanger fouling
Water Supply,,,,0.846,
Water Supply,,,,0.611,
Water Supply,,,,0.699,
Water Supply,,,,0.857,
Water Supply,,,,0.865,
Water Supply,,,,0.743,
Water Supply,,,,0.71,
Water Supply,High water temperature – possible heat exchanger fouling,High water temperature – possible heat exchanger fouling,High water temperature – possible heat exchanger fouling,0.868,High water temperature – possible heat exchanger fouling
Water Supply,,,,0.282,
Water Supply,High water temperature – possible heat exchanger fouling,High water temperature – possible heat exchanger fouling,High water temperature – possible heat exchanger fouling,0.766,High water temperature – possible heat exchanger fouling
Water Supply,,,Sensor calibration issue,0.35,Sensor calibration issue
Water Supply,,,,0.929,
Water Supply,,,,0.941,
Water Supply,High water temperature – possible heat exchanger fouling,High water temperature – possible heat exchanger fouling,High water temperature – possible heat exchanger fouling,0.712,High water temperature – possible heat exchanger fouling
Water Supply,,,,0.84,
Water Supply,,,,0.782,
Water Supply,,,,0.825,
Water Supply,,,,0.626,
Water Supply,,,,0.948,
Water Supply,,,,0.766,
Water Supply,,,,0.866,
Water Supply,,,,0.904,
Water Supply,,,,0.909,
Water Supply,,,,0.79,
Water Supply,,,,0.311,
Water Supply,,,Control system instability,0.461,Control system instability
Water Supply,,,,0.878,
Water Supply,,,,0.619,
Water Supply,,,General performance degradation,0.347,General performance degradation
Water Supply,,,,0.947,
Water Supply,,,,0.636,
Water Supply,,,,0.738,
Water Supply,,,,0.923,
Water Supply,High water temperature – possible heat exchanger fouling,High water temperature – possible heat exchanger fouling,High water temperature – possible heat exchanger fouling,0.864,High water temperature – possible heat exchanger fouling
Water Supply,,,,0.774,
Water Supply,,,,0.759,
Water Supply,High water temperature – possible heat exchanger fouling,High water temperature – possible heat exchanger fouling,High water temperature – possible heat exchanger fouling,0.604,High water temperature – possible heat exchanger fouling
Water Supply,,,,0.73,
Water Supply,,,Unexpected power fluctuation,0.328,Unexpected power fluctuation
Water Supply,,,General performance degradation,0.438,General performance degradation
Water Supply,,,,0.764,
Water Supply,,,,0.701,
Water Supply,,,,0.91,
Water Supply,High water temperature – possible heat exchanger fouling,High water temperature – possible heat exchanger fouling,High water temperature – possible heat exchanger fouling,0.944,High water temperature – possible heat exchanger fouling
Water Supply,,,,0.671,
Water Supply,,,,0.668,
Water Supply,,,,0.8,
Water Supply,,,,0.791,
Water Supply,,,,0.664,
Water Supply,High water temperature – possible heat exchanger fouling,,High water temperature – possible heat exchanger fouling,0.797,High water temperature – possible heat exchanger fouling
Water Supply,,,,0.672,
Water Supply,,,,0.705,
Water Supply,,,,0.807,
Water Supply,,,,0.751,
Water Supply,High water temperature – possible heat exchanger fouling,High water temperature – possible heat exchanger fouling,,0.299,High water temperature – possible heat exchanger fouling
Water Supply,,High water temperature – possible heat exchanger fouling,,0.687,High water temperature – possible heat exchanger fouling
Water Supply,High water temperature – possible heat exchanger fouling,High water temperature – possible heat exchanger fouling,High water temperature – possible heat exchanger fouling,0.879,High water temperature – possible heat exchanger fouling
Water Supply,,,,0.798,
Water Supply,,,,0.869,
Water Supply,High water temperature – possible heat exchanger fouling,High water temperature – possible heat exchanger fouling,High water temperature – possible heat exchanger fouling,0.853,High water temperature – possible heat exchanger fouling
Water Supply,High water temperature – possible heat exchanger fouling,,High water temperature – possible heat exchanger fouling,0.881,High water temperature – possible heat exchanger fouling
Water Supply,High water temperature – possible heat exchanger fouling,High water temperature – possible heat exchanger fouling,High water temperature – possible heat exchanger fouling,0.703,High water temperature – possible heat exchanger fouling
Water Supply,,,,0.365,
Water Supply,High water temperature – possible heat exchanger fouling,High water temperature – possible heat exchanger fouling,,0.308,High water temperature – possible heat exchanger fouling
Water Supply,High water temperature – possible heat exchanger fouling,High water temperature – possible heat exchanger fouling,High water temperature – possible heat exchanger fouling,0.894,High water temperature – possible heat exchanger fouling
Water Supply,,,,0.731,
Water Supply,,,Control system instability,0.409,Control system instability
Water Supply,High water temperature – possible heat exchanger fouling,High water temperature – possible heat exchanger fouling,High water temperature – possible heat exchanger fouling,0.897,High water temperature – possible heat exchanger fouling
Water Supply,,,,0.648,
Water Supply,,,Sensor calibration issue,0.359,Sensor calibration issue
Water Supply,,,,0.91,
Water Supply,,,,0.902,
Water Supply,,,,0.716,
Water Supply,,,,0.672,
Water Supply,High water temperature – possible heat exchanger fouling,High water temperature – possible heat exchanger fouling,,0.376,High water temperature – possible heat exchanger fouling
Water Supply,,,,0.741,
Water Supply,High water temperature – possible heat exchanger fouling,High water temperature – possible heat exchanger fouling,High water temperature – possible heat exchanger fouling,0.731,High water temperature – possible heat exchanger fouling
Water Supply,,,Sensor calibration issue,0.365,Sensor calibration issue
Water Supply,,,,0.897,
Water Supply,High water temperature – possible heat exchanger fouling,High water temperature – possible heat exchanger fouling,High water temperature – possible heat exchanger fouling,0.933,High water temperature – possible heat exchanger fouling
Water Supply,,,,0.823,
Water Supply,,,,0.855,
Water Supply,High water temperature – possible heat exchanger fouling,High water temperature – possible heat exchanger fouling,High water temperature – possible heat exchanger fouling,0.705,High water temperature – possible heat exchanger fouling
Water Supply,,,Sensor calibration issue,0.416,Sensor calibration issue
Water Supply,,,,0.604,
Water Supply,,,,0.753,
Water Supply,,,,0.698,
Water Supply,,,,0.601,
Water Supply,,,,0.758,
Water Supply,,,,0.664,
Water Supply,,,,0.632,
Water Supply,,,,0.887,
Water Supply,,,,0.664,
Water Supply,,,,0.917,
Water Supply,,,,0.943,
Water Supply,,,,0.773,
Water Supply,,,,0.728,
Water Supply,,,,0.696,
Water Supply,High water temperature – possible heat exchanger fouling,High water temperature – possible heat exchanger fouling,High water temperature – possible heat exchanger fouling,0.822,High water temperature – possible heat exchanger fouling
Water Supply,High water temperature – possible heat exchanger fouling,High water temperature – possible heat exchanger fouling,High water temperature – possible heat exchanger fouling,0.891,High water temperature – possible heat exchanger fouling
Water Supply,,,,0.799,
Water Supply,,,,0.63,
Water Supply,,,,0.657,
Water Supply,,,,0.747,
Water Supply,,,,0.789,
Water Supply,,High water temperature – possible heat exchanger fouling,,0.633,High water temperature – possible heat exchanger fouling
Water Supply,High water temperature – possible heat exchanger fouling,High water temperature – possible heat exchanger fouling,High water temperature – possible heat exchanger fouling,0.902,High water temperature – possible heat exchanger fouling
Water Supply,,,,0.872,
Water Supply,High water temperature – possible heat exchanger fouling,High water temperature – possible heat exchanger fouling,High water temperature – possible heat exchanger fouling,0.639,High water temperature – possible heat exchanger fouling
Water Supply,High water temperature – possible heat exchanger fouling,High water temperature – possible heat exchanger fouling,,0.332,High water temperature – possible heat exchanger fouling
Water Supply,High water temperature – possible heat exchanger fouling,High water temperature – possible heat exchanger fouling,High water temperature – possible heat exchanger fouling,0.934,High water temperature – possible heat exchanger fouling
Water Supply,,,,0.898,
Water Supply,Low pressure and flow – possible pipe blockage,Low pressure and flow – possible pipe blockage,Low pressure and flow – possible pipe blockage,0.932,Low pressure and flow – possible pipe blockage
Water Supply,,,,0.939,
Water Supply,,,,0.702,
Water Supply,,,,0.675,
Water Supply,,,,0.782,
Water Supply,High water temperature – possible heat exchanger fouling,High water temperature – possible heat exchanger fouling,High water temperature – possible heat exchanger fouling,0.653,High water temperature – possible heat exchanger fouling
Water Supply,,,,0.376,
Water Supply,High water temperature – possible heat exchanger fouling,High water temperature – possible heat exchanger fouling,High water temperature – possible heat exchanger fouling,0.795,High water temperature – possible heat exchanger fouling
Water Supply,,,,0.818,
Water Supply,,,,0.642,
Water Supply,,,,0.937,
Water Supply,,,,0.738,
Water Supply,,,,0.291,
Water Supply,,,,0.834,
Water Supply,,,,0.814,
Water Supply,,,,0.814,
Water Supply,High water temperature – possible heat exchanger fouling,High water temperature – possible heat exchanger fouling,,0.369,High water temperature – possible heat exchanger fouling
Water Supply,High water temperature – possible heat exchanger fouling,High water temperature – possible heat exchanger fouling,High water temperature – possible heat exchanger fouling,0.757,High water temperature – possible heat exchanger fouling
Water Supply,,,,0.782,
Water Supply,High water temperature – possible heat exchanger fouling,High water temperature – possible heat exchanger fouling,High water temperature – possible heat exchanger fouling,0.707,High water temperature – possible heat exchanger fouling
Water Supply,High water temperature – possible heat exchanger fouling,High water temperature – possible heat exchanger fouling,High water temperature – possible heat exchanger fouling,0.691,High water temperature – possible heat exchanger fouling
Water Supply,,,,0.801,
Water Supply,High water temperature – possible heat exchanger fouling,High water temperature – possible heat exchanger fouling,High water temperature – possible heat exchanger fouling,0.777,High water temperature – possible heat exchanger fouling
Water Supply,,,,0.777,
Water Supply,,,,0.775,
Water Supply,,,,0.706,
Water Supply,,,,0.885,
Water Supply,High water temperature – possible heat exchanger fouling,High water temperature – possible heat exchanger fouling,High water temperature – possible heat exchanger fouling,0.621,High water temperature – possible heat exchanger fouling
Water Supply,,,,0.682,
Water Supply,,,,0.928,
Water Supply,,,,0.912,
Water Supply,,,,0.902,
Water Supply,High water temperature – possible heat exchanger fouling,High water temperature – possible heat exchanger fouling,High water temperature – possible heat exchanger fouling,0.891,High water temperature – possible heat exchanger fouling
Water Supply,,,,0.781,
Water Supply,,,,0.604,
Water Supply,High water temperature – possible heat exchanger fouling,High water temperature – possible heat exchanger fouling,High water temperature – possible heat exchanger fouling,0.939,High water temperature – possible heat exchanger fouling
Water Supply,,,,0.768,
Water Supply,,,,0.908,
Water Supply,,,,0.932,
Water Supply,,,,0.729,
Water Supply,,,,0.252,
Water Supply,,,,0.918,
Water Supply,High water temperature – possible heat exchanger fouling,High water temperature – possible heat exchanger fouling,High water temperature – possible heat exchanger fouling,0.777,High water temperature – possible heat exchanger fouling
Water Supply,High water temperature – possible heat exchanger fouling,High water temperature – possible heat exchanger fouling,High water temperature – possible heat exchanger fouling,0.602,High water temperature – possible heat exchanger fouling
Water Supply,,,,0.326,
Water Supply,,,,0.875,
Water Supply,,,,0.267,
Water Supply,,,,0.932,
Water Supply,,,,0.607,
Water Supply,,,,0.719,
Water Supply,,,,0.765,
Water Supply,High water temperature – possible heat exchanger fouling,High water temperature – possible heat exchanger fouling,Sensor calibration issue,0.39,High water temperature – possible heat exchanger fouling
Water Supply,,,,0.675,
Water Supply,High water temperature – possible heat exchanger fouling,High water temperature – possible heat exchanger fouling,High water temperature – possible heat exchanger fouling,0.698,High water temperature – possible heat exchanger fouling
Water Supply,,,,0.747,
Water Supply,,,,0.35,
Water Supply,High water temperature – possible heat exchanger fouling,High water temperature – possible heat exchanger fouling,High water temperature – possible heat exchanger fouling,0.893,High water temperature – possible heat exchanger fouling
Water Supply,High water temperature – possible heat exchanger fouling,High water temperature – possible heat exchanger fouling,High water temperature – possible heat exchanger fouling,0.892,High water temperature – possible heat exchanger fouling
Water Supply,High water temperature – possible heat exchanger fouling,High water temperature – possible heat exchanger fouling,High water temperature – possible heat exchanger fouling,0.931,High water temperature – possible heat exchanger fouling
Water Supply,,,,0.364,
Water Supply,High water temperature – possible heat exchanger fouling,High water temperature – possible heat exchanger fouling,High water temperature – possible heat exchanger fouling,0.889,High water temperature – possible heat exchanger fouling
Water Supply,,,,0.607,
Water Supply,,,,0.828,
Water Supply,,,,0.943,
Water Supply,,,,0.943,
Water Supply,High water temperature – possible heat exchanger fouling,High water temperature – possible heat exchanger fouling,High water temperature – possible heat exchanger fouling,0.782,High water temperature – possible heat exchanger fouling
Water Supply,,,,0.625,
Water Supply,,,,0.776,
Water Supply,,,Control system instability,0.349,Control system instability
Water Supply,,,,0.904,
Water Supply,,,,0.694,
Water Supply,,,,0.941,
Water Supply,,,,0.816,
Water Supply,High water temperature – possible heat exchanger fouling,High water temperature – possible heat exchanger fouling,,0.307,High water temperature – possible heat exchanger fouling
Water Supply,,,,0.747,
Water Supply,,,,0.651,
Water Supply,,,,0.764,
Water Supply,High water temperature – possible heat exchanger fouling,High water temperature – possible heat exchanger fouling,High water temperature – possible heat exchanger fouling,0.641,High water temperature – possible heat exchanger fouling
Water Supply,High water temperature – possible heat exchanger fouling,High water temperature – possible heat exchanger fouling,High water temperature – possible heat exchanger fouling,0.664,High water temperature – possible heat exchanger fouling
Water Supply,,,,0.297,
Water Supply,High water temperature – possible heat exchanger fouling,High water temperature – possible heat exchanger fouling,High water temperature – possible heat exchanger fouling,0.887,High water temperature – possible heat exchanger fouling
Water Supply,,High water temperature – possible heat exchanger fouling,,0.694,High water temperature – possible heat exchanger fouling
Water Supply,High water temperature – possible heat exchanger fouling,High water temperature – possible heat exchanger fouling,High water temperature – possible heat exchanger fouling,0.614,High water temperature – possible heat exchanger fouling
Water Supply,High water temperature – possible heat exchanger fouling,High water temperature – possible heat exchanger fouling,,0.299,High water temperature – possible heat exchanger fouling
Water Supply,,High water temperature – possible heat exchanger fouling,,0.792,High water temperature – possible heat exchanger fouling
Water Supply,High water temperature – possible heat exchanger fouling,High water temperature – possible heat exchanger fouling,High water temperature – possible heat exchanger fouling,0.925,High water temperature – possible heat exchanger fouling
Water Supply,High water temperature – possible heat exchanger fouling,High water temperature – possible heat exchanger fouling,High water temperature – possible heat exchanger fouling,0.718,High water temperature – possible heat exchanger fouling
Water Supply,,,,0.863,
Water Supply,,,,0.609,
Water Supply,High water temperature – possible heat exchanger fouling,High water temperature – possible heat exchanger fouling,High water temperature – possible heat exchanger fouling,0.728,High water temperature – possible heat exchanger fouling
Water Supply,,,,0.822,
Water Supply,High water temperature – possible heat exchanger fouling,High water temperature – possible heat exchanger fouling,High water temperature – possible heat exchanger fouling,0.624,High water temperature – possible heat exchanger fouling
Water Supply,,,,0.807,
Water Supply,,,,0.25,
Water Supply,,,,0.845,
Water Supply,,,,0.65,
Water Supply,High water temperature – possible heat exchanger fouling,High water temperature – possible heat exchanger fouling,High water temperature – possible heat exchanger fouling,0.817,High water temperature – possible heat exchanger fouling
Water Supply,,,,0.862,
Water Supply,,,,0.658,
Water Supply,High water temperature – possible heat exchanger fouling,High water temperature – possible heat exchanger fouling,High water temperature – possible heat exchanger fouling,0.728,High water temperature – possible heat exchanger fouling
Water Supply,,High water temperature – possible heat exchanger fouling,,0.926,High water temperature – possible heat exchanger fouling
Water Supply,,,,0.775,
Water Supply,,,,0.929,
Water Supply,,,Unexpected power fluctuation,0.474,Unexpected power fluctuation
Water Supply,,,,0.651,
Water Supply,,Low pressure and flow – possible pipe blockage,,0.738,Low pressure and flow – possible pipe blockage
Water Supply,,,,0.872,
Water Supply,,,,0.609,
Water Supply,,,,0.648,
Water Supply,,,,0.734,
Water Supply,High water temperature – possible heat exchanger fouling,High water temperature – possible heat exchanger fouling,High water temperature – possible heat exchanger fouling,0.876,High water temperature – possible heat exchanger fouling
Water Supply,,,,0.376,
Water Supply,,,,0.79,
Water Supply,,,,0.647,
Water Supply,,,Control system instability,0.449,Control system instability
Water Supply,,,,0.69,
Water Supply,High water temperature – possible heat exchanger fouling,High water temperature – possible heat exchanger fouling,High water temperature – possible heat exchanger fouling,0.836,High water temperature – possible heat exchanger fouling
Water Supply,,,,0.601,
Water Supply,,,,0.817,
Water Supply,,,,0.858,
Water Supply,High water temperature – possible heat exchanger fouling,High water temperature – possible heat exchanger fouling,High water temperature – possible heat exchanger fouling,0.697,High water temperature – possible heat exchanger fouling
Water Supply,,,,0.906,
Water Supply,,,Sensor calibration issue,0.446,Sensor calibration issue
Water Supply,,,,0.641,
Water Supply,,,,0.656,
Water Supply,High water temperature – possible heat exchanger fouling,High water temperature – possible heat exchanger fouling,High water temperature – possible heat exchanger fouling,0.936,High water temperature – possible heat exchanger fouling
Water Supply,,,,0.926,
Water Supply,,,,0.746,
Water Supply,,,,0.764,
Water Supply,High water temperature – possible heat exchanger fouling,High water temperature – possible heat exchanger fouling,High water temperature – possible heat exchanger fouling,0.856,High water temperature – possible heat exchanger fouling
Water Supply,High water temperature – possible heat exchanger fouling,High water temperature – possible heat exchanger fouling,Control system instability,0.383,High water temperature – possible heat exchanger fouling
Water Supply,,,,0.903,
Water Supply,,,,0.716,
Water Supply,,,,0.948,
Water Supply,,,,0.918,
Water Supply,,,,0.702,
Water Supply,High water temperature – possible heat exchanger fouling,,High water temperature – possible heat exchanger fouling,0.623,High water temperature – possible heat exchanger fouling
Water Supply,High water temperature – possible heat exchanger fouling,,High water temperature – possible heat exchanger fouling,0.713,High water temperature – possible heat exchanger fouling
Water Supply,,,,0.82,
Water Supply,,,,0.861,
Water Supply,Low pressure and flow – possible pipe blockage,Low pressure and flow – possible pipe blockage,Unexpected power fluctuation,0.45,Low pressure and flow – possible pipe blockage
Water Supply,High water temperature – possible heat exchanger fouling,High water temperature – possible heat exchanger fouling,High water temperature – possible heat exchanger fouling,0.818,High water temperature – possible heat exchanger fouling
Water Supply,,,,0.726,
Water Supply,,,,0.779,
Water Supply,High water temperature – possible heat exchanger fouling,High water temperature – possible heat exchanger fouling,High water temperature – possible heat exchanger fouling,0.84,High water temperature – possible heat exchanger fouling
Water Supply,,,,0.869,
Water Supply,High water temperature – possible heat exchanger fouling,High water temperature – possible heat exchanger fouling,High water temperature – possible heat exchanger fouling,0.89,High water temperature – possible heat exchanger fouling
Water Supply,High water temperature – possible heat exchanger fouling,High water temperature – possible heat exchanger fouling,High water temperature – possible heat exchanger fouling,0.83,High water temperature – possible heat exchanger fouling
Water Supply,,,,0.373,
Water Supply,,,,0.912,
Water Supply,,,,0.671,
Water Supply,,,,0.357,
Water Supply,High water temperature – possible heat exchanger fouling,High water temperature – possible heat exchanger fouling,High water temperature – possible heat exchanger fouling,0.89,High water temperature – possible heat exchanger fouling
Water Supply,,,,0.794,
Water Supply,High water temperature – possible heat exchanger fouling,High water temperature – possible heat exchanger fouling,,0.274,High water temperature – possible heat exchanger fouling
Water Supply,,,,0.864,
Water Supply,,,,0.896,
Water Supply,High water temperature – possible heat exchanger fouling,High water temperature – possible heat exchanger fouling,,0.348,High water temperature – possible heat exchanger fouling
Water Supply,High water temperature – possible heat exchanger fouling,High water temperature – possible heat exchanger fouling,High water temperature – possible heat exchanger fouling,0.621,High water temperature – possible heat exchanger fouling
Water Supply,High water temperature – possible heat exchanger fouling,High water temperature – possible heat exchanger fouling,High water temperature – possible heat exchanger fouling,0.701,High water temperature – possible heat exchanger fouling
Water Supply,,,,0.834,
Water Supply,,,,0.248,
Water Supply,,,,0.763,
Water Supply,,,,0.325,
Water Supply,,,,0.675,
Water Supply,,,,0.369,
Water Supply,High water temperature – possible heat exchanger fouling,High water temperature – possible heat exchanger fouling,High water temperature – possible heat exchanger fouling,0.92,High water temperature – possible heat exchanger fouling
Water Supply,,,,0.779,
Water Supply,Low pressure and flow – possible pipe blockage,Low pressure and flow – possible pipe blockage,Low pressure and flow – possible pipe blockage,0.803,Low pressure and flow – possible pipe blockage
Water Supply,,High water temperature – possible heat exchanger fouling,,0.906,High water temperature – possible heat exchanger fouling
Water Supply,,,,0.909,
Water Supply,,,,0.904,
Water Supply,High water temperature – possible heat exchanger fouling,High water temperature – possible heat exchanger fouling,High water temperature – possible heat exchanger fouling,0.634,High water temperature – possible heat exchanger fouling
Water Supply,,,,0.786,
Water Supply,High water temperature – possible heat exchanger fouling,High water temperature – possible heat exchanger fouling,,0.374,High water temperature – possible heat exchanger fouling
Water Supply,High water temperature – possible heat exchanger fouling,High water temperature – possible heat exchanger fouling,High water temperature – possible heat exchanger fouling,0.712,High water temperature – possible heat exchanger fouling
Water Supply,,,,0.831,
Water Supply,,,,0.601,
Water Supply,,,,0.89,
Water Supply,,,,0.884,
Water Supply,,,,0.6,
Water Supply,High water temperature – possible heat exchanger fouling,High water temperature – possible heat exchanger fouling,,0.309,High water temperature – possible heat exchanger fouling
Water Supply,High water temperature – possible heat exchanger fouling,High water temperature – possible heat exchanger fouling,High water temperature – possible heat exchanger fouling,0.67,High water temperature – possible heat exchanger fouling
Water Supply,High water temperature – possible heat exchanger fouling,High water temperature – possible heat exchanger fouling,,0.246,High water temperature – possible heat exchanger fouling
Water Supply,High water temperature – possible heat exchanger fouling,High water temperature – possible heat exchanger fouling,High water temperature – possible heat exchanger fouling,0.643,High water temperature – possible heat exchanger fouling
Water Supply,High water temperature – possible heat exchanger fouling,High water temperature – possible heat exchanger fouling,High water temperature – possible heat exchanger fouling,0.949,High water temperature – possible heat exchanger fouling
Water Supply,High water temperature – possible heat exchanger fouling,High water temperature – possible heat exchanger fouling,Unexpected power fluctuation,0.4,High water temperature – possible heat exchanger fouling
Water Supply,High water temperature – possible heat exchanger fouling,,High water temperature – possible heat exchanger fouling,0.789,High water temperature – possible heat exchanger fouling
Water Supply,,,,0.889,
Water Supply,,,,0.886,
Water Supply,High water temperature – possible heat exchanger fouling,High water temperature – possible heat exchanger fouling,High water temperature – possible heat exchanger fouling,0.826,High water temperature – possible heat exchanger fouling
Water Supply,,,,0.897,
Water Supply,,,,0.751,
Water Supply,,,,0.897,
Water Supply,,,,0.736,
Water Supply,High water temperature – possible heat exchanger fouling,,High water temperature – possible heat exchanger fouling,0.686,High water temperature – possible heat exchanger fouling
Water Supply,High water temperature – possible heat exchanger fouling,,High water temperature – possible heat exchanger fouling,0.82,High water temperature – possible heat exchanger fouling
Water Supply,High water temperature – possible heat exchanger fouling,High water temperature – possible heat exchanger fouling,High water temperature – possible heat exchanger fouling,0.918,High water temperature – possible heat exchanger fouling
Water Supply,,,,0.264,
Water Supply,,,,0.636,
Water Supply,High water temperature – possible heat exchanger fouling,High water temperature – possible heat exchanger fouling,High water temperature – possible heat exchanger fouling,0.706,High water temperature – possible heat exchanger fouling
Water Supply,,,,0.946,
Water Supply,,,,0.852,
Water Supply,,,,0.755,
Water Supply,,,,0.947,
Water Supply,,High water temperature – possible heat exchanger fouling,,0.662,High water temperature – possible heat exchanger fouling
Water Supply,,,,0.766,
Water Supply,,,Sensor calibration issue,0.406,Sensor calibration issue
Water Supply,,,,0.741,
Water Supply,,,,0.671,
Water Supply,,,,0.652,
Water Supply,,,,0.646,
Water Supply,,,,0.855,
Water Supply,,,,0.663,
Water Supply,High water temperature – possible heat exchanger fouling,High water temperature – possible heat exchanger fouling,High water temperature – possible heat exchanger fouling,0.862,High water temperature – possible heat exchanger fouling
Water Supply,,,,0.872,
Water Supply,,,,0.806,
Water Supply,,,,0.738,
Water Supply,High water temperature – possible heat exchanger fouling,High water temperature – possible heat exchanger fouling,High water temperature – possible heat exchanger fouling,0.621,High water temperature – possible heat exchanger fouling
Water Supply,High water temperature – possible heat exchanger fouling,High water temperature – possible heat exchanger fouling,High water temperature – possible heat exchanger fouling,0.72,High water temperature – possible heat exchanger fouling
Water Supply,High water temperature – possible heat exchanger fouling,High water temperature – possible heat exchanger fouling,High water temperature – possible heat exchanger fouling,0.93,High water temperature – possible heat exchanger fouling
Water Supply,,,,0.294,
Water Supply,,,,0.734,
Water Supply,High water temperature – possible heat exchanger fouling,High water temperature – possible heat exchanger fouling,High water temperature – possible heat exchanger fouling,0.806,High water temperature – possible heat exchanger fouling
Water Supply,High water temperature – possible heat exchanger fouling,High water temperature – possible heat exchanger fouling,High water temperature – possible heat exchanger fouling,0.826,High water temperature – possible heat exchanger fouling
Water Supply,,,,0.877,
Water Supply,,,,0.256,
Water Supply,,,,0.362,
Water Supply,,,Unexpected power fluctuation,0.324,Unexpected power fluctuation
Water Supply,,,,0.296,
Water Supply,,,,0.323,
Water Supply,,,,0.862,
Water Supply,,,,0.804,
Water Supply,Low pressure and flow – possible pipe blockage,Low pressure and flow – possible pipe blockage,Low pressure and flow – possible pipe blockage,0.743,Low pressure and flow – possible pipe blockage
Water Supply,,High water temperature – possible heat exchanger fouling,,0.636,High water temperature – possible heat exchanger fouling
Water Supply,,,,0.924,
Water Supply,,,,0.254,
Water Supply,,,,0.271,
Water Supply,,,,0.609,
Water Supply,,,,0.691,
Water Supply,,,,0.719,
Water Supply,,,,0.728,
Water Supply,,,,0.875,
Water Supply,,,,0.823,
Water Supply,,,,0.935,
Water Supply,,,,0.324,
Water Supply,,,,0.801,
Water Supply,,,,0.76,
Water Supply,High water temperature – possible heat exchanger fouling,High water temperature – possible heat exchanger fouling,,0.272,High water temperature – possible heat exchanger fouling
Water Supply,High water temperature – possible heat exchanger fouling,High water temperature – possible heat exchanger fouling,High water temperature – possible heat exchanger fouling,0.832,High water temperature – possible heat exchanger fouling
Water Supply,,,,0.343,
Water Supply,,,,0.896,
Water Supply,,,,0.292,
Water Supply,,,,0.924,
Water Supply,,,,0.843,
Water Supply,High water temperature – possible heat exchanger fouling,High water temperature – possible heat exchanger fouling,High water temperature – possible heat exchanger fouling,0.631,High water temperature – possible heat exchanger fouling
Water Supply,,,,0.713,
Water Supply,,,,0.696,
Water Supply,,,,0.323,
Water Supply,High water temperature – possible heat exchanger fouling,High water temperature – possible heat exchanger fouling,High water temperature – possible heat exchanger fouling,0.928,High water temperature – possible heat exchanger fouling
Water Supply,,,,0.681,
Water Supply,,,,0.346,
Water Supply,,,,0.809,
Water Supply,Low pressure and flow – possible pipe blockage,Low pressure and flow – possible pipe blockage,,0.356,Low pressure and flow – possible pipe blockage
Water Supply,,,,0.683,
Water Supply,,,,0.863,
Water Supply,,,,0.942,
Water Supply,,,,0.268,
Water Supply,High water temperature – possible heat exchanger fouling,High water temperature – possible heat exchanger fouling,High water temperature – possible heat exchanger fouling,0.792,High water temperature – possible heat exchanger fouling
Water Supply,,,,0.657,
Water Supply,,,,0.742,
Water Supply,,,,0.345,
Water Supply,,,,0.634,
Water Supply,,,,0.716,
Water Supply,,,,0.767,
Water Supply,,,,0.71,
Water Supply,,,,0.847,
Water Supply,,,,0.747,
Water Supply,,,,0.728,
Water Supply,,,,0.711,
Water Supply,,,,0.649,
Water Supply,,,,0.931,
Water Supply,,,,0.782,
Water Supply,High water temperature – possible heat exchanger fouling,High water temperature – possible heat exchanger fouling,High water temperature – possible heat exchanger fouling,0.78,High water temperature – possible heat exchanger fouling
Water Supply,,,,0.614,
Water Supply,,,,0.894,
Water Supply,,High water temperature – possible heat exchanger fouling,,0.897,High water temperature – possible heat exchanger fouling
Water Supply,,,,0.746,
Water Supply,High water temperature – possible heat exchanger fouling,,High water temperature – possible heat exchanger fouling,0.949,High water temperature – possible heat exchanger fouling
Water Supply,,High water temperature – possible heat exchanger fouling,,0.872,High water temperature – possible heat exchanger fouling
Water Supply,High water temperature – possible heat exchanger fouling,High water temperature – possible heat exchanger fouling,High water temperature – possible heat exchanger fouling,0.847,High water temperature – possible heat exchanger fouling
Water Supply,,,,0.931,
Water Supply,,,,0.641,
Water Supply,,,,0.632,
Water Supply,,,,0.672,
Water Supply,,,,0.787,
Water Supply,,,,0.884,
Water Supply,,,,0.924,
Water Supply,,,,0.808,
Water Supply,High water temperature – possible heat exchanger fouling,High water temperature – possible heat exchanger fouling,High water temperature – possible heat exchanger fouling,0.717,High water temperature – possible heat exchanger fouling
Water Supply,Low pressure and flow – possible pipe blockage,,Low pressure and flow – possible pipe blockage,0.689,Low pressure and flow – possible pipe blockage
Water Supply,High water temperature – possible heat exchanger fouling,High water temperature – possible heat exchanger fouling,High water temperature – possible heat exchanger fouling,0.747,High water temperature – possible heat exchanger fouling
Water Supply,,,,0.893,
Water Supply,High water temperature – possible heat exchanger fouling,High water temperature – possible heat exchanger fouling,High water temperature – possible heat exchanger fouling,0.889,High water temperature – possible heat exchanger fouling
Water Supply,,,,0.706,
Water Supply,High water temperature – possible heat exchanger fouling,High water temperature – possible heat exchanger fouling,High water temperature – possible heat exchanger fouling,0.911,High water temperature – possible heat exchanger fouling
Water Supply,,,,0.637,
Water Supply,,,,0.945,
Water Supply,,,,0.818,
Water Supply,High water temperature – possible heat exchanger fouling,High water temperature – possible heat exchanger fouling,,0.26,High water temperature – possible heat exchanger fouling
Water Supply,,,Control system instability,0.394,Control system instability
Water Supply,,,,0.722,
Water Supply,,,,0.738,
Water Supply,,High water temperature – possible heat exchanger fouling,,0.76,High water temperature – possible heat exchanger fouling
Water Supply,,,,0.838,
Water Supply,,,,0.765,
Water Supply,,,,0.666,
Water Supply,,,,0.65,
Water Supply,,,,0.891,
Water Supply,,,,0.9,
Water Supply,,,,0.697,
Water Supply,,,,0.914,
Water Supply,,,,0.728,
Water Supply,Low pressure and flow – possible pipe blockage,Low pressure and flow – possible pipe blockage,Low pressure and flow – possible pipe blockage,0.804,Low pressure and flow – possible pipe blockage
Water Supply,,,,0.616,
Water Supply,High water temperature – possible heat exchanger fouling,High water temperature – possible heat exchanger fouling,High water temperature – possible heat exchanger fouling,0.657,High water temperature – possible heat exchanger fouling
Water Supply,,,,0.733,
Water Supply,,,,0.927,
Water Supply,,High water temperature – possible heat exchanger fouling,,0.773,High water temperature – possible heat exchanger fouling
Water Supply,,,,0.817,
Water Supply,High water temperature – possible heat exchanger fouling,,High water temperature – possible heat exchanger fouling,0.618,High water temperature – possible heat exchanger fouling
Water Supply,,,,0.708,
Water Supply,,,,0.869,
Water Supply,,,,0.809,
Water Supply,High water temperature – possible heat exchanger fouling,High water temperature – possible heat exchanger fouling,High water temperature – possible heat exchanger fouling,0.915,High water temperature – possible heat exchanger fouling
Water Supply,High water temperature – possible heat exchanger fouling,High water temperature – possible heat exchanger fouling,High water temperature – possible heat exchanger fouling,0.823,High water temperature – possible heat exchanger fouling
Water Supply,,,,0.262,
Water Supply,,,,0.808,
Water Supply,,,,0.93,
Water Supply,,,,0.339,
Water Supply,,,,0.886,
Water Supply,,,,0.266,
Water Supply,,,,0.903,
Water Supply,,,,0.715,
Water Supply,,,,0.615,
Water Supply,,,,0.775,
Water Supply,,,,0.82,
Water Supply,,,,0.771,
Water Supply,,,,0.907,
Water Supply,,,,0.89,
Water Supply,,,,0.853,
Water Supply,,,,0.29,
Water Supply,,,,0.249,
Water Supply,,,,0.945,
Water Supply,,,,0.673,
Water Supply,,,,0.665,
Water Supply,High water temperature – possible heat exchanger fouling,High water temperature – possible heat exchanger fouling,High water temperature – possible heat exchanger fouling,0.664,High water temperature – possible heat exchanger fouling
Water Supply,,,,0.948,
Water Supply,,,,0.93,
Water Supply,Low pressure and flow – possible pipe blockage,Low pressure and flow – possible pipe blockage,Low pressure and flow – possible pipe blockage,0.604,Low pressure and flow – possible pipe blockage
Water Supply,,,,0.905,
Water Supply,,,,0.721,
Water Supply,High water temperature – possible heat exchanger fouling,High water temperature – possible heat exchanger fouling,,0.259,High water temperature – possible heat exchanger fouling
Water Supply,,,,0.709,
Water Supply,,,,0.931,
Water Supply,,,,0.87,
Water Supply,,,,0.901,
Water Supply,,,,0.373,
Water Supply,,,,0.372,
Water Supply,,,,0.628,
Water Supply,,,,0.677,
Water Supply,High water temperature – possible heat exchanger fouling,High water temperature – possible heat exchanger fouling,High water temperature – possible heat exchanger fouling,0.804,High water temperature – possible heat exchanger fouling
Water Supply,,,,0.906,
Water Supply,,,,0.837,
Water Supply,High water temperature – possible heat exchanger fouling,High water temperature – possible heat exchanger fouling,High water temperature – possible heat exchanger fouling,0.769,High water temperature – possible heat exchanger fouling
Water Supply,,,,0.639,
Water Supply,,,,0.774,
Water Supply,,High water temperature – possible heat exchanger fouling,,0.91,High water temperature – possible heat exchanger fouling
Water Supply,,,,0.606,
Water Supply,High water temperature – possible heat exchanger fouling,High water temperature – possible heat exchanger fouling,High water temperature – possible heat exchanger fouling,0.685,High water temperature – possible heat exchanger fouling
Water Supply,,,,0.634,
Water Supply,Low pressure and flow – possible pipe blockage,Low pressure and flow – possible pipe blockage,Low pressure and flow – possible pipe blockage,0.897,Low pressure and flow – possible pipe blockage
Water Supply,High water temperature – possible heat exchanger fouling,High water temperature – possible heat exchanger fouling,High water temperature – possible heat exchanger fouling,0.769,High water temperature – possible heat exchanger fouling
Water Supply,,,,0.32,
Water Supply,,,,0.944,
Water Supply,,,,0.873,
Water Supply,,,,0.876,
Water Supply,,,,0.296,
Water Supply,,,,0.895,
Water Supply,,,,0.936,
Water Supply,,,,0.862,
Water Supply,High water temperature – possible heat exchanger fouling,High water temperature – possible heat exchanger fouling,High water temperature – possible heat exchanger fouling,0.602,High water temperature – possible heat exchanger fouling
Water Supply,High water temperature – possible heat exchanger fouling,High water temperature – possible heat exchanger fouling,High water temperature – possible heat exchanger fouling,0.705,High water temperature – possible heat exchanger fouling
Water Supply,,,,0.374,
Water Supply,,,,0.903,
Water Supply,High water temperature – possible heat exchanger fouling,High water temperature – possible heat exchanger fouling,,0.286,High water temperature – possible heat exchanger fouling
Water Supply,High water temperature – possible heat exchanger fouling,High water temperature – possible heat exchanger fouling,High water temperature – possible heat exchanger fouling,0.877,High water temperature – possible heat exchanger fouling
Water Supply,,,,0.911,
Water Supply,High water temperature – possible heat exchanger fouling,High water temperature – possible heat exchanger fouling,High water temperature – possible heat exchanger fouling,0.905,High water temperature – possible heat exchanger fouling
Water Supply,,,,0.69,
Water Supply,,,,0.893,
Water Supply,,,General performance degradation,0.303,General performance degradation
Water Supply,,,,0.605,
Water Supply,,High water temperature – possible heat exchanger fouling,,0.797,High water temperature – possible heat exchanger fouling
Water Supply,,,,0.746,
Water Supply,,,,0.815,
Water Supply,,,,0.784,
Water Supply,,High water temperature – possible heat exchanger fouling,,0.652,High water temperature – possible heat exchanger fouling
Water Supply,High water temperature – possible heat exchanger fouling,High water temperature – possible heat exchanger fouling,High water temperature – possible heat exchanger fouling,0.761,High water temperature – possible heat exchanger fouling
Water Supply,Low pressure and flow – possible pipe blockage,Low pressure and flow – possible pipe blockage,Low pressure and flow – possible pipe blockage,0.677,Low pressure and flow – possible pipe blockage
Water Supply,,,,0.922,
Water Supply,,,,0.651,
Water Supply,,,Unexpected power fluctuation,0.342,Unexpected power fluctuation
Water Supply,,,,0.855,
Water Supply,,,,0.614,
Water Supply,,,,0.645,
Water Supply,,,,0.289,
Water Supply,,,,0.709,
Water Supply,Low pressure and flow – possible pipe blockage,Low pressure and flow – possible pipe blockage,Sensor calibration issue,0.317,Low pressure and flow – possible pipe blockage
Water Supply,,,,0.931,
Water Supply,,,,0.704,
Water Supply,High water temperature – possible heat exchanger fouling,High water temperature – possible heat exchanger fouling,High water temperature – possible heat exchanger fouling,0.647,High water temperature – possible heat exchanger fouling
Water Supply,High water temperature – possible heat exchanger fouling,High water temperature – possible heat exchanger fouling,High water temperature – possible heat exchanger fouling,0.721,High water temperature – possible heat exchanger fouling
Water Supply,,,,0.797,
Water Supply,,,,0.747,
Water Supply,,,,0.31,
Water Supply,,,,0.907,
Water Supply,High water temperature – possible heat exchanger fouling,High water temperature – possible heat exchanger fouling,High water temperature – possible heat exchanger fouling,0.819,High water temperature – possible heat exchanger fouling
Water Supply,High water temperature – possible heat exchanger fouling,High water temperature – possible heat exchanger fouling,High water temperature – possible heat exchanger fouling,0.607,High water temperature – possible heat exchanger fouling
Water Supply,,,,0.606,
Water Supply,,,,0.638,
Water Supply,,,,0.691,
Water Supply,,,,0.937,
Water Supply,High water temperature – possible heat exchanger fouling,,High water temperature – possible heat exchanger fouling,0.754,High water temperature – possible heat exchanger fouling
Water Supply,,,,0.694,
Water Supply,,,,0.334,
Water Supply,,,,0.794,
Water Supply,,,,0.926,
Water Supply,Low pressure and flow – possible pipe blockage,Low pressure and flow – possible pipe blockage,Control system instability,0.471,Low pressure and flow – possible pipe blockage
Water Supply,,,,0.909,
Water Supply,,,,0.817,
Water Supply,,,,0.768,
Water Supply,,,,0.795,
Water Supply,,,,0.844,
Water Supply,,,,0.726,
Water Supply,,,,0.842,
Water Supply,,,,0.631,
Water Supply,,,,0.816,
Water Supply,,,,0.858,
Water Supply,,,,0.859,
Water Supply,,,,0.722,
Water Supply,,,,0.279,
Water Supply,High water temperature – possible heat exchanger fouling,High water temperature – possible heat exchanger fouling,High water temperature – possible heat exchanger fouling,0.755,High water temperature – possible heat exchanger fouling
Water Supply,High water temperature – possible heat exchanger fouling,High water temperature – possible heat exchanger fouling,High water temperature – possible heat exchanger fouling,0.606,High water temperature – possible heat exchanger fouling
Water Supply,,,,0.711,
Water Supply,High water temperature – possible heat exchanger fouling,,,0.304,
Water Supply,,,,0.936,
Water Supply,High water temperature – possible heat exchanger fouling,High water temperature – possible heat exchanger fouling,,0.29,High water temperature – possible heat exchanger fouling
Water Supply,High water temperature – possible heat exchanger fouling,High water temperature – possible heat exchanger fouling,High water temperature – possible heat exchanger fouling,0.887,High water temperature – possible heat exchanger fouling
Water Supply,,,,0.751,
Water Supply,High water temperature – possible heat exchanger fouling,High water temperature – possible heat exchanger fouling,High water temperature – possible heat exchanger fouling,0.899,High water temperature – possible heat exchanger fouling
Water Supply,,,,0.821,
Water Supply,High water temperature – possible heat exchanger fouling,High water temperature – possible heat exchanger fouling,,0.313,High water temperature – possible heat exchanger fouling
Water Supply,,,,0.888,
Water Supply,,,,0.767,
Water Supply,High water temperature – possible heat exchanger fouling,High water temperature – possible heat exchanger fouling,,0.257,High water temperature – possible heat exchanger fouling
Water Supply,High water temperature – possible heat exchanger fouling,High water temperature – possible heat exchanger fouling,High water temperature – possible heat exchanger fouling,0.921,High water temperature – possible heat exchanger fouling
Water Supply,,,,0.69,
Water Supply,High water temperature – possible heat exchanger fouling,,High water temperature – possible heat exchanger fouling,0.896,High water temperature – possible heat exchanger fouling
Water Supply,High water temperature – possible heat exchanger fouling,High water temperature – possible heat exchanger fouling,High water temperature – possible heat exchanger fouling,0.839,High water temperature – possible heat exchanger fouling
Water Supply,,,,0.802,
Water Supply,,,,0.653,
Water Supply,,,Unexpected power fluctuation,0.422,Unexpected power fluctuation
Water Supply,,,,0.933,
Water Supply,,,,0.712,
Water Supply,,High water temperature – possible heat exchanger fouling,,0.64,High water temperature – possible heat exchanger fouling
Water Supply,,,,0.35,
Water Supply,,,,0.866,
Water Supply,,,,0.782,
Water Supply,High water temperature – possible heat exchanger fouling,,High water temperature – possible heat exchanger fouling,0.734,High water temperature – possible heat exchanger fouling
Water Supply,,,,0.629,
Water Supply,,,,0.703,
Water Supply,High water temperature – possible heat exchanger fouling,High water temperature – possible heat exchanger fouling,High water temperature – possible heat exchanger fouling,0.857,High water temperature – possible heat exchanger fouling
Water Supply,,,,0.876,
Water Supply,High water temperature – possible heat exchanger fouling,,High water temperature – possible heat exchanger fouling,0.949,High water temperature – possible heat exchanger fouling
Water Supply,High water temperature – possible heat exchanger fouling,High water temperature – possible heat exchanger fouling,High water temperature – possible heat exchanger fouling,0.871,High water temperature – possible heat exchanger fouling
Water Supply,High water temperature – possible heat exchanger fouling,High water temperature – possible heat exchanger fouling,High water temperature – possible heat exchanger fouling,0.788,High water temperature – possible heat exchanger fouling
Water Supply,,,,0.25,
Water Supply,,,,0.68,
Water Supply,High water temperature – possible heat exchanger fouling,High water temperature – possible heat exchanger fouling,High water temperature – possible heat exchanger fouling,0.879,High water temperature – possible heat exchanger fouling
Water Supply,High water temperature – possible heat exchanger fouling,High water temperature – possible heat exchanger fouling,High water temperature – possible heat exchanger fouling,0.79,High water temperature – possible heat exchanger fouling
Water Supply,,,,0.608,
Water Supply,High water temperature – possible heat exchanger fouling,,High water temperature – possible heat exchanger fouling,0.651,High water temperature – possible heat exchanger fouling
Water Supply,,,,0.756,
Water Supply,,,,0.666,
Water Supply,,,,0.828,
Water Supply,,,,0.29,
Water Supply,,,,0.933,
Water Supply,,,,0.735,
Water Supply,,,,0.909,
Water Supply,High water temperature – possible heat exchanger fouling,Low pressure and flow – possible pipe blockage,Sensor calibration issue,0.413,Low pressure and flow – possible pipe blockage
Water Supply,,,,0.837,
Water Supply,,,,0.824,
Water Supply,,,,0.609,
Water Supply,,,,0.915,
Water Supply,High water temperature – possible heat exchanger fouling,High water temperature – possible heat exchanger fouling,High water temperature – possible heat exchanger fouling,0.674,High water temperature – possible heat exchanger fouling
Water Supply,,,,0.803,
Water Supply,High water temperature – possible heat exchanger fouling,High water temperature – possible heat exchanger fouling,High water temperature – possible heat exchanger fouling,0.762,High water temperature – possible heat exchanger fouling
Water Supply,,,,0.259,
Water Supply,Low pressure and flow – possible pipe blockage,High water temperature – possible heat exchanger fouling,Low pressure and flow – possible pipe blockage,0.601,High water temperature – possible heat exchanger fouling
Water Supply,,,,0.82,
Water Supply,High water temperature – possible heat exchanger fouling,,,0.298,
Water Supply,,,,0.786,
Water Supply,High water temperature – possible heat exchanger fouling,High water temperature – possible heat exchanger fouling,High water temperature – possible heat exchanger fouling,0.859,High water temperature – possible heat exchanger fouling
Water Supply,High water temperature – possible heat exchanger fouling,High water temperature – possible heat exchanger fouling,High water temperature – possible heat exchanger fouling,0.785,High water temperature – possible heat exchanger fouling
Water Supply,,,,0.835,
Water Supply,,,,0.854,
Water Supply,,,,0.329,
Water Supply,,,,0.261,
Water Supply,,,,0.751,
Water Supply,,,Unexpected power fluctuation,0.419,Unexpected power fluctuation
Water Supply,,,,0.931,
Water Supply,High water temperature – possible heat exchanger fouling,High water temperature – possible heat exchanger fouling,High water temperature – possible heat exchanger fouling,0.609,High water temperature – possible heat exchanger fouling
Water Supply,,,,0.92,
Water Supply,,High water temperature – possible heat exchanger fouling,,0.663,High water temperature – possible heat exchanger fouling
Water Supply,High water temperature – possible heat exchanger fouling,High water temperature – possible heat exchanger fouling,High water temperature – possible heat exchanger fouling,0.62,High water temperature – possible heat exchanger fouling
Water Supply,,,,0.245,
Water Supply,,,,0.602,
Water Supply,High water temperature – possible heat exchanger fouling,High water temperature – possible heat exchanger fouling,High water temperature – possible heat exchanger fouling,0.831,High water temperature – possible heat exchanger fouling
Water Supply,,,,0.881,
Water Supply,,,,0.683,
Water Supply,,,,0.687,
Water Supply,High water temperature – possible heat exchanger fouling,,High water temperature – possible heat exchanger fouling,0.906,High water temperature – possible heat exchanger fouling
Water Supply,,,,0.942,
Water Supply,,,,0.635,
Water Supply,,High water temperature – possible heat exchanger fouling,,0.619,High water temperature – possible heat exchanger fouling
Water Supply,,,,0.704,
Water Supply,,,,0.792,
Water Supply,High water temperature – possible heat exchanger fouling,,,0.275,
Water Supply,,,,0.307,
Water Supply,,,,0.644,
Water Supply,,,,0.684,
Water Supply,High water temperature – possible heat exchanger fouling,High water temperature – possible heat exchanger fouling,High water temperature – possible heat exchanger fouling,0.781,High water temperature – possible heat exchanger fouling
Water Supply,High water temperature – possible heat exchanger fouling,High water temperature – possible heat exchanger fouling,High water temperature – possible heat exchanger fouling,0.898,High water temperature – possible heat exchanger fouling
Water Supply,,,,0.277,
Water Supply,,,,0.796,
Water Supply,,,,0.7,
Water Supply,,,,0.92,
Water Supply,,,,0.763,
Water Supply,,,,0.813,
Water Supply,,,,0.706,
Water Supply,,,,0.917,
Water Supply,,High water temperature – possible heat exchanger fouling,General performance degradation,0.368,High water temperature – possible heat exchanger fouling
Water Supply,,,,0.772,
Water Supply,,,,0.718,
Water Supply,,,,0.682,
Water Supply,,,,0.929,
Water Supply,,High water temperature – possible heat exchanger fouling,,0.736,High water temperature – possible heat exchanger fouling
Water Supply,,,,0.643,
Water Supply,High water temperature – possible heat exchanger fouling,High water temperature – possible heat exchanger fouling,High water temperature – possible heat exchanger fouling,0.816,High water temperature – possible heat exchanger fouling
Water Supply,,,,0.861,
Water Supply,High water temperature – possible heat exchanger fouling,High water temperature – possible heat exchanger fouling,High water temperature – possible heat exchanger fouling,0.842,High water temperature – possible heat exchanger fouling
Water Supply,,,,0.922,
Water Supply,,,,0.322,
Water Supply,,High water temperature – possible heat exchanger fouling,,0.924,High water temperature – possible heat exchanger fouling
Water Supply,,,,0.706,
Water Supply,,,,0.646,
Water Supply,,,,0.603,
Water Supply,,,,0.868,
Water Supply,,,,0.743,
Water Supply,High water temperature – possible heat exchanger fouling,High water temperature – possible heat exchanger fouling,Unexpected power fluctuation,0.456,High water temperature – possible heat exchanger fouling
Water Supply,,,,0.744,
Water Supply,,,,0.947,
Water Supply,High water temperature – possible heat exchanger fouling,High water temperature – possible heat exchanger fouling,High water temperature – possible heat exchanger fouling,0.692,High water temperature – possible heat exchanger fouling
